交易编号,方向,K2/K1比例,入场时间,入场价格,出场时间,出场价格,持仓K线数,合约收益%,盈亏USDT,累计资金USDT,结果
1,做多,0.618,2025-01-02 23:00,3485.62,2025-01-03 06:15,3427.41,29,-100.20,-1.0020,-1.0020,止损
2,做多,0.637,2025-01-09 22:00,3241.40,2025-01-09 23:15,3267.33,5,48.00,0.4800,-0.5220,止盈
3,做空,0.584,2025-01-10 10:30,3243.93,2025-01-10 15:30,3298.10,20,-100.20,-1.0020,-1.5240,止损
4,做多,0.560,2025-01-10 23:15,3230.73,2025-01-10 23:30,3256.58,1,48.00,0.4800,-1.0440,止盈
5,做空,0.552,2025-01-10 23:45,3245.14,2025-01-11 01:45,3299.33,8,-100.20,-1.0020,-2.0460,止损
6,做多,0.628,2025-01-13 10:45,3255.96,2025-01-13 14:45,3201.59,16,-100.20,-1.0020,-3.0480,止损
7,做空,0.530,2025-01-13 22:45,3034.41,2025-01-14 00:45,3010.13,8,48.00,0.4800,-2.5680,止盈
8,做多,0.667,2025-01-14 01:45,3020.79,2025-01-14 04:30,3044.96,11,48.00,0.4800,-2.0880,止盈
9,做空,0.591,2025-01-15 04:30,3215.08,2025-01-15 19:15,3189.36,59,48.00,0.4800,-1.6080,止盈
10,做空,0.542,2025-01-20 00:30,3402.50,2025-01-20 04:45,3375.28,17,48.00,0.4800,-1.1280,止盈
11,做多,1.183,2025-01-20 06:30,3253.01,2025-01-20 06:45,3198.68,1,-100.20,-1.0020,-2.1300,止损
12,做多,0.537,2025-01-20 19:00,3342.90,2025-01-20 19:15,3369.64,1,48.00,0.4800,-1.6500,止盈
13,做空,0.561,2025-01-20 21:00,3312.55,2025-01-20 23:00,3367.87,8,-100.20,-1.0020,-2.6520,止损
14,做空,1.481,2025-01-21 00:15,3349.01,2025-01-21 01:00,3322.22,3,48.00,0.4800,-2.1720,止盈
15,做多,0.559,2025-01-21 09:30,3237.43,2025-01-21 10:00,3263.33,2,48.00,0.4800,-1.6920,止盈
16,做空,0.524,2025-01-22 00:15,3316.51,2025-01-22 15:30,3289.98,61,48.00,0.4800,-1.2120,止盈
17,做空,0.521,2025-01-23 00:30,3272.00,2025-01-23 02:45,3245.82,9,48.00,0.4800,-0.7320,止盈
18,做多,0.675,2025-01-23 18:45,3203.99,2025-01-23 21:30,3229.62,11,48.00,0.4800,-0.2520,止盈
19,做多,0.550,2025-01-24 05:00,3232.17,2025-01-24 06:00,3258.03,4,48.00,0.4800,0.2280,止盈
20,做空,0.540,2025-01-24 09:30,3309.40,2025-01-24 10:45,3282.92,5,48.00,0.4800,0.7080,止盈
21,做多,0.584,2025-01-27 07:30,3240.90,2025-01-27 10:00,3186.78,10,-100.20,-1.0020,-0.2940,止损
22,做多,0.542,2025-01-27 17:30,3070.11,2025-01-27 20:45,3094.67,13,48.00,0.4800,0.1860,止盈
23,做多,0.538,2025-01-27 21:30,3110.51,2025-01-27 22:45,3135.39,5,48.00,0.4800,0.6660,止盈
24,做空,1.328,2025-01-27 22:15,3103.86,2025-01-28 00:45,3079.03,10,48.00,0.4800,1.1460,止盈
25,做空,0.571,2025-02-01 00:00,3412.42,2025-02-01 01:30,3385.12,6,48.00,0.4800,1.6260,止盈
26,做多,0.505,2025-02-02 23:30,3074.11,2025-02-03 00:45,3022.77,5,-100.20,-1.0020,0.6240,止损
27,做空,0.536,2025-02-03 04:15,2969.37,2025-02-03 04:45,2945.62,2,48.00,0.4800,1.1040,止盈
28,做多,1.148,2025-02-03 07:00,2838.31,2025-02-03 07:15,2790.91,1,-100.20,-1.0020,0.1020,止损
29,做多,0.599,2025-02-03 13:00,2465.33,2025-02-03 13:15,2485.05,1,48.00,0.4800,0.5820,止盈
30,做空,0.514,2025-02-03 13:30,2477.82,2025-02-03 13:45,2519.20,1,-100.20,-1.0020,-0.4200,止损
31,做空,0.553,2025-02-03 14:30,2511.10,2025-02-03 15:15,2553.04,3,-100.20,-1.0020,-1.4220,止损
32,做多,0.630,2025-02-03 16:00,2600.00,2025-02-03 16:30,2556.58,2,-100.20,-1.0020,-2.4240,止损
33,做多,1.336,2025-02-03 21:30,2577.58,2025-02-03 22:15,2534.53,3,-100.20,-1.0020,-3.4260,止损
34,做多,0.577,2025-02-04 11:30,2806.15,2025-02-04 12:00,2828.60,2,48.00,0.4800,-2.9460,止盈
35,做多,0.592,2025-02-04 13:45,2691.07,2025-02-04 14:00,2712.60,1,48.00,0.4800,-2.4660,止盈
36,做多,0.557,2025-02-04 16:45,2698.31,2025-02-04 18:00,2719.90,5,48.00,0.4800,-1.9860,止盈
37,做多,0.568,2025-02-05 06:00,2651.23,2025-02-05 06:15,2672.44,1,48.00,0.4800,-1.5060,止盈
38,做多,0.605,2025-02-06 01:30,2744.91,2025-02-06 03:30,2766.87,8,48.00,0.4800,-1.0260,止盈
39,做空,0.542,2025-02-06 03:00,2736.39,2025-02-06 03:45,2782.09,3,-100.20,-1.0020,-2.0280,止损
40,做多,0.649,2025-02-06 04:45,2763.01,2025-02-06 05:30,2785.11,3,48.00,0.4800,-1.5480,止盈
41,做空,0.596,2025-02-06 05:30,2781.99,2025-02-06 06:15,2759.73,3,48.00,0.4800,-1.0680,止盈
42,做空,0.674,2025-02-06 17:15,2835.51,2025-02-06 19:15,2812.83,8,48.00,0.4800,-0.5880,止盈
43,做空,0.617,2025-02-07 21:45,2776.01,2025-02-07 23:00,2753.80,5,48.00,0.4800,-0.1080,止盈
44,做多,0.572,2025-02-08 05:15,2594.34,2025-02-08 07:30,2615.09,9,48.00,0.4800,0.3720,止盈
45,做空,0.553,2025-02-10 06:45,2615.77,2025-02-10 09:30,2594.84,11,48.00,0.4800,0.8520,止盈
46,做多,0.543,2025-02-11 22:00,2650.25,2025-02-11 23:00,2671.45,4,48.00,0.4800,1.3320,止盈
47,做空,0.577,2025-02-12 23:30,2607.49,2025-02-13 00:15,2586.63,3,48.00,0.4800,1.8120,止盈
48,做空,0.501,2025-02-15 02:00,2784.31,2025-02-15 02:30,2762.04,2,48.00,0.4800,2.2920,止盈
49,做多,0.554,2025-02-15 06:45,2718.00,2025-02-15 22:30,2672.61,63,-100.20,-1.0020,1.2900,止损
50,做空,0.580,2025-02-17 23:00,2816.22,2025-02-17 23:30,2793.69,2,48.00,0.4800,1.7700,止盈
51,做多,0.501,2025-02-18 00:30,2736.65,2025-02-18 03:00,2690.95,10,-100.20,-1.0020,0.7680,止损
52,做多,0.517,2025-02-18 12:30,2705.85,2025-02-18 14:00,2660.66,6,-100.20,-1.0020,-0.2340,止损
53,做多,0.652,2025-02-21 00:00,2723.02,2025-02-21 02:00,2744.80,8,48.00,0.4800,0.2460,止盈
54,做空,0.566,2025-02-21 02:15,2741.26,2025-02-21 17:15,2787.04,60,-100.20,-1.0020,-0.7560,止损
55,做多,0.598,2025-02-22 06:30,2645.77,2025-02-22 08:15,2666.94,7,48.00,0.4800,-0.2760,止盈
56,做空,0.607,2025-02-24 07:15,2817.49,2025-02-24 09:00,2794.95,7,48.00,0.4800,0.2040,止盈
57,做空,0.531,2025-02-24 19:30,2682.41,2025-02-24 22:30,2660.95,12,48.00,0.4800,0.6840,止盈
58,做多,0.606,2025-02-25 07:30,2528.59,2025-02-25 08:00,2486.36,2,-100.20,-1.0020,-0.3180,止损
59,做多,0.649,2025-02-25 08:45,2499.10,2025-02-25 10:45,2519.09,8,48.00,0.4800,0.1620,止盈
60,做多,0.673,2025-02-25 10:00,2486.50,2025-02-25 10:30,2506.39,2,48.00,0.4800,0.6420,止盈
61,做空,0.668,2025-02-25 16:30,2412.49,2025-02-25 17:15,2393.19,3,48.00,0.4800,1.1220,止盈
62,做多,0.605,2025-02-27 03:30,2299.40,2025-02-27 04:00,2317.80,2,48.00,0.4800,1.6020,止盈
63,做空,0.559,2025-02-27 05:00,2331.19,2025-02-27 05:30,2312.54,2,48.00,0.4800,2.0820,止盈
64,做空,0.522,2025-02-27 13:15,2319.91,2025-02-27 14:30,2358.65,5,-100.20,-1.0020,1.0800,止损
65,做多,0.510,2025-02-27 23:00,2318.89,2025-02-28 00:15,2337.44,5,48.00,0.4800,1.5600,止盈
66,做空,1.188,2025-02-28 01:00,2313.13,2025-02-28 03:30,2294.62,10,48.00,0.4800,2.0400,止盈
67,做空,0.600,2025-02-28 12:45,2136.71,2025-02-28 13:00,2119.62,1,48.00,0.4800,2.5200,止盈
68,做空,0.552,2025-02-28 15:15,2114.50,2025-02-28 15:45,2097.58,2,48.00,0.4800,3.0000,止盈
69,做多,0.598,2025-03-03 01:45,2480.49,2025-03-03 02:15,2500.33,2,48.00,0.4800,3.4800,止盈
70,做空,1.357,2025-03-04 04:45,2129.16,2025-03-04 05:45,2112.13,4,48.00,0.4800,3.9600,止盈
71,做空,1.190,2025-03-04 23:30,2074.09,2025-03-05 00:00,2057.50,2,48.00,0.4800,4.4400,止盈
72,做多,0.596,2025-03-05 02:30,2135.29,2025-03-05 02:45,2152.37,1,48.00,0.4800,4.9200,止盈
73,做多,0.603,2025-03-05 07:00,2177.31,2025-03-05 14:45,2194.73,31,48.00,0.4800,5.4000,止盈
74,做多,0.525,2025-03-05 21:15,2212.59,2025-03-05 22:30,2175.64,5,-100.20,-1.0020,4.3980,止损
75,做空,1.177,2025-03-05 23:30,2189.64,2025-03-06 00:00,2172.12,2,48.00,0.4800,4.8780,止盈
76,做多,0.543,2025-03-06 00:15,2170.10,2025-03-06 00:45,2187.46,2,48.00,0.4800,5.3580,止盈
77,做空,0.519,2025-03-06 10:15,2270.30,2025-03-06 13:15,2308.21,12,-100.20,-1.0020,4.3560,止损
78,做空,0.649,2025-03-07 06:45,2211.39,2025-03-07 08:15,2193.70,6,48.00,0.4800,4.8360,止盈
79,做多,1.175,2025-03-07 21:45,2188.53,2025-03-07 22:30,2206.04,3,48.00,0.4800,5.3160,止盈
80,做多,1.338,2025-03-08 00:00,2196.20,2025-03-08 00:15,2159.52,1,-100.20,-1.0020,4.3140,止损
81,做空,0.699,2025-03-08 01:45,2162.31,2025-03-08 02:45,2198.42,4,-100.20,-1.0020,3.3120,止损
82,做多,0.637,2025-03-10 00:00,2103.49,2025-03-10 00:30,2068.36,2,-100.20,-1.0020,2.3100,止损
83,做空,0.671,2025-03-10 04:15,2043.90,2025-03-10 05:00,2027.55,3,48.00,0.4800,2.7900,止盈
84,做多,0.612,2025-03-10 07:00,2018.29,2025-03-10 08:00,2034.44,4,48.00,0.4800,3.2700,止盈
85,做多,1.397,2025-03-11 02:15,1911.83,2025-03-11 02:45,1879.90,2,-100.20,-1.0020,2.2680,止损
86,做空,0.611,2025-03-11 07:00,1885.25,2025-03-11 07:15,1870.17,1,48.00,0.4800,2.7480,止盈
87,做多,1.438,2025-03-11 22:15,1872.08,2025-03-11 22:30,1840.82,1,-100.20,-1.0020,1.7460,止损
88,做多,0.585,2025-03-12 01:30,1902.56,2025-03-12 02:00,1917.78,2,48.00,0.4800,2.2260,止盈
89,做多,0.500,2025-03-13 20:30,1900.60,2025-03-13 21:45,1868.86,5,-100.20,-1.0020,1.2240,止损
90,做多,0.548,2025-03-13 23:15,1880.59,2025-03-14 01:15,1849.18,8,-100.20,-1.0020,0.2220,止损
91,做空,0.576,2025-03-16 23:00,1891.74,2025-03-17 00:00,1923.33,4,-100.20,-1.0020,-0.7800,止损
92,做多,0.651,2025-03-17 07:00,1880.23,2025-03-17 08:30,1895.27,6,48.00,0.4800,-0.3000,止盈
93,做空,0.574,2025-03-24 22:15,2086.87,2025-03-25 00:30,2070.18,9,48.00,0.4800,0.1800,止盈
94,做多,0.527,2025-03-27 03:15,1990.04,2025-03-27 04:00,2005.96,3,48.00,0.4800,0.6600,止盈
95,做多,0.643,2025-03-29 05:00,1884.66,2025-03-29 06:45,1899.74,7,48.00,0.4800,1.1400,止盈
96,做空,0.502,2025-03-29 07:00,1897.00,2025-03-29 14:00,1881.82,28,48.00,0.4800,1.6200,止盈
97,做多,0.677,2025-03-29 19:30,1835.46,2025-03-29 20:00,1850.14,2,48.00,0.4800,2.1000,止盈
98,做空,0.557,2025-04-02 23:45,1901.21,2025-04-03 01:30,1886.00,7,48.00,0.4800,2.5800,止盈
99,做多,1.568,2025-04-03 04:15,1898.68,2025-04-03 04:30,1866.97,1,-100.20,-1.0020,1.5780,止损
100,做多,0.693,2025-04-04 22:15,1787.09,2025-04-04 23:00,1801.39,3,48.00,0.4800,2.0580,止盈
101,做空,0.570,2025-04-06 23:00,1765.27,2025-04-07 00:15,1751.15,5,48.00,0.4800,2.5380,止盈
102,做多,1.592,2025-04-07 07:15,1552.44,2025-04-07 07:30,1564.86,1,48.00,0.4800,3.0180,止盈
103,做多,0.520,2025-04-07 08:45,1572.90,2025-04-07 09:00,1585.48,1,48.00,0.4800,3.4980,止盈
104,做多,1.593,2025-04-07 12:30,1538.33,2025-04-07 12:45,1550.64,1,48.00,0.4800,3.9780,止盈
105,做多,1.318,2025-04-07 20:45,1521.03,2025-04-07 21:30,1495.63,3,-100.20,-1.0020,2.9760,止损
106,做多,0.694,2025-04-08 04:45,1570.94,2025-04-08 06:30,1583.51,7,48.00,0.4800,3.4560,止盈
107,做多,0.558,2025-04-08 23:15,1527.68,2025-04-09 00:30,1502.17,5,-100.20,-1.0020,2.4540,止损
108,做空,0.674,2025-04-09 02:30,1476.94,2025-04-09 03:00,1465.12,2,48.00,0.4800,2.9340,止盈
109,做多,0.601,2025-04-09 17:30,1479.45,2025-04-09 18:45,1491.29,5,48.00,0.4800,3.4140,止盈
110,做空,0.570,2025-04-09 21:45,1487.53,2025-04-09 22:00,1475.63,1,48.00,0.4800,3.8940,止盈
111,做多,1.108,2025-04-09 23:00,1483.08,2025-04-09 23:45,1494.94,3,48.00,0.4800,4.3740,止盈
112,做空,0.572,2025-04-09 23:45,1485.26,2025-04-10 01:00,1510.06,5,-100.20,-1.0020,3.3720,止损
113,做多,1.127,2025-04-10 03:00,1640.15,2025-04-10 04:15,1653.27,5,48.00,0.4800,3.8520,止盈
114,做空,0.551,2025-04-12 00:45,1565.78,2025-04-12 09:45,1553.25,36,48.00,0.4800,4.3320,止盈
115,做空,0.523,2025-04-12 22:00,1646.10,2025-04-13 01:00,1632.93,12,48.00,0.4800,4.8120,止盈
116,做空,0.624,2025-04-14 16:00,1630.73,2025-04-14 18:15,1657.96,9,-100.20,-1.0020,3.8100,止损
117,做多,0.648,2025-04-14 23:45,1627.93,2025-04-15 01:15,1640.95,6,48.00,0.4800,4.2900,止盈
118,做空,0.672,2025-04-15 18:00,1643.47,2025-04-15 18:30,1630.32,2,48.00,0.4800,4.7700,止盈
119,做多,0.627,2025-04-15 23:45,1621.02,2025-04-16 04:45,1593.95,20,-100.20,-1.0020,3.7680,止损
120,做空,0.642,2025-04-16 08:30,1586.69,2025-04-16 13:15,1574.00,19,48.00,0.4800,4.2480,止盈
121,做空,0.625,2025-04-17 15:30,1603.30,2025-04-17 18:00,1590.47,10,48.00,0.4800,4.7280,止盈
122,做多,0.526,2025-04-23 11:15,1787.85,2025-04-23 12:45,1802.15,6,48.00,0.4800,5.2080,止盈
123,做多,0.560,2025-04-25 01:45,1755.41,2025-04-25 04:00,1769.45,9,48.00,0.4800,5.6880,止盈
124,做空,0.700,2025-04-25 02:15,1758.72,2025-04-25 09:00,1788.09,27,-100.20,-1.0020,4.6860,止损
125,做空,0.515,2025-05-01 02:15,1780.38,2025-05-01 09:45,1810.11,30,-100.20,-1.0020,3.6840,止损
126,做空,0.555,2025-05-05 22:00,1803.50,2025-05-06 16:15,1789.07,73,48.00,0.4800,4.1640,止盈
127,做空,0.511,2025-05-09 09:15,2205.84,2025-05-09 11:15,2242.68,8,-100.20,-1.0020,3.1620,止损
128,做多,1.487,2025-05-09 18:15,2336.21,2025-05-09 19:15,2354.90,4,48.00,0.4800,3.6420,止盈
129,做多,1.343,2025-05-09 23:15,2302.01,2025-05-10 01:15,2320.43,8,48.00,0.4800,4.1220,止盈
130,做多,0.527,2025-05-10 04:45,2340.00,2025-05-10 08:15,2358.72,14,48.00,0.4800,4.6020,止盈
131,做多,1.310,2025-05-10 14:30,2358.38,2025-05-10 15:45,2377.25,5,48.00,0.4800,5.0820,止盈
132,做空,0.622,2025-05-11 02:15,2468.95,2025-05-11 05:00,2510.18,11,-100.20,-1.0020,4.0800,止损
133,做多,0.575,2025-05-13 10:15,2446.45,2025-05-13 15:00,2466.02,19,48.00,0.4800,4.5600,止盈
134,做多,1.190,2025-05-13 22:15,2552.01,2025-05-13 23:30,2572.43,5,48.00,0.4800,5.0400,止盈
135,做多,0.504,2025-05-17 05:30,2575.65,2025-05-17 06:45,2532.64,5,-100.20,-1.0020,4.0380,止损
136,做多,0.604,2025-05-17 09:15,2496.45,2025-05-17 10:15,2454.76,4,-100.20,-1.0020,3.0360,止损
137,做空,0.506,2025-05-18 22:00,2529.99,2025-05-18 23:30,2572.24,6,-100.20,-1.0020,2.0340,止损
138,做多,0.541,2025-05-20 02:00,2511.50,2025-05-20 04:30,2531.59,10,48.00,0.4800,2.5140,止盈
139,做空,0.533,2025-05-21 23:00,2564.94,2025-05-21 23:30,2544.42,2,48.00,0.4800,2.9940,止盈
140,做多,0.569,2025-05-22 05:30,2508.91,2025-05-22 06:30,2528.98,4,48.00,0.4800,3.4740,止盈
141,做空,0.555,2025-05-22 12:45,2628.11,2025-05-22 13:45,2607.09,4,48.00,0.4800,3.9540,止盈
142,做多,0.551,2025-05-22 21:15,2651.76,2025-05-22 22:30,2672.97,5,48.00,0.4800,4.4340,止盈
143,做空,0.561,2025-05-23 21:45,2582.28,2025-05-24 00:00,2561.62,9,48.00,0.4800,4.9140,止盈
144,做空,0.667,2025-05-27 16:15,2638.28,2025-05-27 21:15,2682.34,20,-100.20,-1.0020,3.9120,止损
145,做多,0.700,2025-05-27 20:15,2648.76,2025-05-27 21:00,2669.95,3,48.00,0.4800,4.3920,止盈
146,做多,0.665,2025-05-27 22:30,2660.49,2025-05-28 00:45,2681.77,9,48.00,0.4800,4.8720,止盈
147,做多,0.603,2025-05-28 14:15,2633.80,2025-05-28 19:45,2654.87,22,48.00,0.4800,5.3520,止盈
148,做空,0.553,2025-05-29 09:00,2710.95,2025-05-29 10:30,2756.22,6,-100.20,-1.0020,4.3500,止损
149,做多,0.619,2025-06-02 21:45,2504.67,2025-06-02 22:15,2524.71,2,48.00,0.4800,4.8300,止盈
150,做多,0.613,2025-06-06 05:00,2411.29,2025-06-06 05:30,2430.58,2,48.00,0.4800,5.3100,止盈
151,做多,0.664,2025-06-06 13:30,2458.97,2025-06-06 17:15,2478.64,15,48.00,0.4800,5.7900,止盈
152,做多,0.643,2025-06-10 21:45,2743.68,2025-06-10 23:30,2697.86,7,-100.20,-1.0020,4.7880,止损
153,做多,1.118,2025-06-13 21:45,2543.00,2025-06-14 00:00,2563.34,9,48.00,0.4800,5.2680,止盈
154,做多,0.694,2025-06-14 23:45,2519.42,2025-06-15 07:45,2539.58,32,48.00,0.4800,5.7480,止盈
155,做多,0.536,2025-06-15 01:00,2503.57,2025-06-15 05:45,2523.60,19,48.00,0.4800,6.2280,止盈
156,做多,0.602,2025-06-17 10:30,2573.31,2025-06-17 10:45,2593.90,1,48.00,0.4800,6.7080,止盈
157,做多,0.576,2025-06-17 18:45,2556.79,2025-06-17 23:00,2514.09,17,-100.20,-1.0020,5.7060,止损
158,做多,0.666,2025-06-22 10:00,2273.70,2025-06-22 13:15,2291.89,13,48.00,0.4800,6.1860,止盈
159,做空,1.326,2025-06-22 21:45,2199.93,2025-06-22 22:15,2182.33,2,48.00,0.4800,6.6660,止盈
160,做空,0.603,2025-06-23 08:45,2240.93,2025-06-23 21:30,2278.35,51,-100.20,-1.0020,5.6640,止损
161,做多,0.531,2025-06-24 00:30,2220.86,2025-06-24 01:00,2238.63,2,48.00,0.4800,6.1440,止盈
162,做多,1.391,2025-06-24 06:30,2395.30,2025-06-24 06:45,2414.46,1,48.00,0.4800,6.6240,止盈
163,做多,1.164,2025-06-25 23:00,2419.40,2025-06-26 03:15,2438.76,17,48.00,0.4800,7.1040,止盈
164,做多,0.617,2025-07-08 01:00,2531.13,2025-07-08 03:15,2551.38,9,48.00,0.4800,7.5840,止盈
165,做多,0.602,2025-07-12 20:45,2943.31,2025-07-13 14:30,2966.86,71,48.00,0.4800,8.0640,止盈
166,做空,0.530,2025-07-17 20:45,3425.61,2025-07-17 21:30,3398.21,3,48.00,0.4800,8.5440,止盈
167,做多,0.515,2025-07-18 00:30,3397.51,2025-07-18 01:45,3424.69,5,48.00,0.4800,9.0240,止盈
168,做空,0.626,2025-07-22 12:00,3720.37,2025-07-22 12:30,3690.61,2,48.00,0.4800,9.5040,止盈
169,做多,0.507,2025-07-22 22:00,3670.75,2025-07-22 22:45,3700.12,3,48.00,0.4800,9.9840,止盈
170,做空,0.593,2025-07-23 17:00,3681.40,2025-07-23 17:30,3651.95,2,48.00,0.4800,10.4640,止盈
171,做空,0.523,2025-07-25 14:45,3631.61,2025-07-25 15:45,3602.56,4,48.00,0.4800,10.9440,止盈
172,做空,0.537,2025-07-28 06:45,3864.13,2025-07-28 13:15,3928.66,26,-100.20,-1.0020,9.9420,止损
173,做空,0.639,2025-07-29 04:00,3781.25,2025-07-29 08:30,3751.00,18,48.00,0.4800,10.4220,止盈
174,做多,1.167,2025-07-30 23:00,3791.15,2025-07-31 02:00,3821.48,12,48.00,0.4800,10.9020,止盈
175,做空,0.627,2025-07-31 04:15,3768.84,2025-07-31 08:30,3831.78,17,-100.20,-1.0020,9.9000,止损
176,做多,0.605,2025-08-01 08:45,3682.10,2025-08-01 10:15,3711.56,6,48.00,0.4800,10.3800,止盈
177,做多,0.677,2025-08-01 22:00,3617.18,2025-08-01 22:15,3646.12,1,48.00,0.4800,10.8600,止盈
178,做空,0.677,2025-08-01 22:30,3628.27,2025-08-01 23:15,3599.24,3,48.00,0.4800,11.3400,止盈
179,做多,0.536,2025-08-02 23:45,3459.33,2025-08-03 02:15,3401.56,10,-100.20,-1.0020,10.3380,止损
180,做多,0.659,2025-08-03 04:00,3404.03,2025-08-03 05:00,3431.26,4,48.00,0.4800,10.8180,止盈
181,做多,0.623,2025-08-06 09:30,3579.55,2025-08-06 13:00,3608.19,14,48.00,0.4800,11.2980,止盈
182,做空,0.544,2025-08-07 09:30,3691.48,2025-08-07 10:00,3661.95,2,48.00,0.4800,11.7780,止盈
183,做多,0.652,2025-08-08 09:00,3914.21,2025-08-08 11:15,3945.52,9,48.00,0.4800,12.2580,止盈
184,做空,0.629,2025-08-12 16:45,4310.65,2025-08-12 18:00,4276.16,5,48.00,0.4800,12.7380,止盈
185,做空,0.502,2025-08-12 20:00,4281.49,2025-08-12 20:30,4352.99,2,-100.20,-1.0020,11.7360,止损
186,做多,0.628,2025-08-13 21:00,4707.72,2025-08-13 23:00,4629.10,8,-100.20,-1.0020,10.7340,止损
187,做多,0.521,2025-08-15 01:45,4548.78,2025-08-15 05:30,4472.82,15,-100.20,-1.0020,9.7320,止损
188,做空,0.672,2025-08-15 02:45,4537.97,2025-08-15 05:15,4501.67,10,48.00,0.4800,10.2120,止盈
189,做多,0.637,2025-08-15 20:30,4629.89,2025-08-15 21:45,4552.57,5,-100.20,-1.0020,9.2100,止损
190,做空,0.641,2025-08-16 01:45,4438.98,2025-08-16 02:45,4403.47,4,48.00,0.4800,9.6900,止盈
191,做多,0.689,2025-08-18 22:00,4313.57,2025-08-19 00:00,4348.08,8,48.00,0.4800,10.1700,止盈
192,做空,0.507,2025-08-18 23:00,4314.50,2025-08-19 06:15,4386.55,29,-100.20,-1.0020,9.1680,止损
193,做空,0.564,2025-08-19 17:00,4266.68,2025-08-19 21:30,4337.93,18,-100.20,-1.0020,8.1660,止损
194,做多,0.657,2025-08-20 01:00,4158.75,2025-08-20 07:30,4089.30,26,-100.20,-1.0020,7.1640,止损
195,做多,0.502,2025-08-25 06:30,4753.31,2025-08-25 07:00,4791.34,2,48.00,0.4800,7.6440,止盈
196,做空,0.501,2025-08-25 15:00,4642.24,2025-08-25 15:30,4605.10,2,48.00,0.4800,8.1240,止盈
197,做多,0.666,2025-08-27 01:00,4535.11,2025-08-27 03:15,4571.39,9,48.00,0.4800,8.6040,止盈
198,做空,0.623,2025-08-27 03:30,4554.82,2025-08-27 07:00,4630.89,14,-100.20,-1.0020,7.6020,止损
199,做多,0.504,2025-08-28 07:45,4506.71,2025-08-28 11:30,4542.76,15,48.00,0.4800,8.0820,止盈
200,做空,0.576,2025-09-02 11:15,4370.49,2025-09-02 20:00,4335.53,35,48.00,0.4800,8.5620,止盈
201,做空,0.672,2025-09-02 22:00,4354.76,2025-09-02 23:00,4319.92,4,48.00,0.4800,9.0420,止盈
202,做多,0.638,2025-09-05 02:30,4299.74,2025-09-05 06:45,4334.14,17,48.00,0.4800,9.5220,止盈
203,做多,0.534,2025-09-05 20:30,4433.18,2025-09-05 20:45,4468.65,1,48.00,0.4800,10.0020,止盈
204,做多,0.558,2025-09-06 00:00,4295.17,2025-09-06 03:15,4329.53,13,48.00,0.4800,10.4820,止盈
205,做空,0.589,2025-09-10 22:00,4435.61,2025-09-10 22:45,4400.13,3,48.00,0.4800,10.9620,止盈
206,做空,0.649,2025-09-12 23:00,4533.08,2025-09-13 01:30,4608.78,10,-100.20,-1.0020,9.9600,止损
207,做空,0.580,2025-09-18 09:45,4618.95,2025-09-18 14:00,4582.00,17,48.00,0.4800,10.4400,止盈
208,做空,0.501,2025-09-29 06:15,4108.42,2025-09-29 21:45,4177.03,62,-100.20,-1.0020,9.4380,止损
209,做空,0.659,2025-09-30 08:45,4206.03,2025-09-30 13:45,4172.38,20,48.00,0.4800,9.9180,止盈
210,做多,0.657,2025-10-02 10:00,4376.30,2025-10-02 14:15,4411.31,17,48.00,0.4800,10.3980,止盈
211,做多,0.666,2025-10-09 03:15,4516.73,2025-10-09 10:30,4441.30,29,-100.20,-1.0020,9.3960,止损
212,做空,1.461,2025-10-09 22:15,4341.51,2025-10-09 22:30,4306.78,1,48.00,0.4800,9.8760,止盈
213,做多,0.522,2025-10-11 06:15,3867.31,2025-10-11 06:45,3898.25,2,48.00,0.4800,10.3560,止盈
214,做空,1.353,2025-10-11 07:15,3865.51,2025-10-11 07:45,3834.59,2,48.00,0.4800,10.8360,止盈
215,做多,0.578,2025-10-11 08:15,3847.31,2025-10-11 09:15,3783.06,4,-100.20,-1.0020,9.8340,止损
216,做多,0.515,2025-10-11 19:15,3823.66,2025-10-11 23:00,3854.25,15,48.00,0.4800,10.3140,止盈
217,做空,0.608,2025-10-14 05:00,4267.81,2025-10-14 08:45,4233.67,15,48.00,0.4800,10.7940,止盈
218,做多,0.596,2025-10-14 11:15,4141.33,2025-10-14 13:30,4072.17,9,-100.20,-1.0020,9.7920,止损
219,做多,0.638,2025-10-17 00:30,3894.16,2025-10-17 00:45,3925.31,1,48.00,0.4800,10.2720,止盈
220,做多,1.182,2025-10-17 21:15,3778.50,2025-10-17 21:45,3808.73,2,48.00,0.4800,10.7520,止盈
221,做多,1.455,2025-10-17 21:45,3789.57,2025-10-17 22:30,3726.28,3,-100.20,-1.0020,9.7500,止损
222,做多,0.681,2025-10-27 16:45,4166.83,2025-10-28 00:30,4200.16,31,48.00,0.4800,10.2300,止盈
223,做空,1.137,2025-10-30 12:30,3892.23,2025-10-30 13:00,3861.09,2,48.00,0.4800,10.7100,止盈
224,做多,1.143,2025-11-03 17:15,3713.71,2025-11-03 22:00,3743.42,19,48.00,0.4800,11.1900,止盈
225,做空,0.519,2025-11-04 15:15,3483.97,2025-11-04 22:45,3542.15,30,-100.20,-1.0020,10.1880,止损
226,做多,0.692,2025-11-04 16:45,3495.83,2025-11-04 19:15,3523.80,10,48.00,0.4800,10.6680,止盈
227,做空,0.634,2025-11-05 11:45,3334.83,2025-11-05 15:15,3308.15,14,48.00,0.4800,11.1480,止盈
228,做多,0.515,2025-11-06 00:15,3390.17,2025-11-06 00:45,3417.29,2,48.00,0.4800,11.6280,止盈
