排名,止损延迟(K线),止损延迟(分钟),K1涨跌幅%,总交易数,胜率%,总盈亏USDT,收益率%,盈亏比,平均持仓K线数
1,48,720,0.46,108,74.07,20.8000,19.26,2.86,33.2
2,49,735,0.46,108,74.07,20.8000,19.26,2.86,33.4
3,50,750,0.46,108,74.07,20.8000,19.26,2.86,33.6
4,48,720,0.45,114,73.68,21.6000,18.95,2.80,33.7
5,49,735,0.45,114,73.68,21.6000,18.95,2.80,33.9
6,50,750,0.45,114,73.68,21.6000,18.95,2.80,34.1
7,48,720,0.44,121,73.55,22.8000,18.84,2.78,35.3
8,49,735,0.44,121,73.55,22.8000,18.84,2.78,35.4
9,50,750,0.44,121,73.55,22.8000,18.84,2.78,35.6
10,48,720,0.43,129,72.87,23.6000,18.29,2.69,35.8
11,49,735,0.43,129,72.87,23.6000,18.29,2.69,35.9
12,50,750,0.43,129,72.87,23.6000,18.29,2.69,36.1
13,48,720,0.42,137,72.26,24.4000,17.81,2.61,36.2
14,49,735,0.42,137,72.26,24.4000,17.81,2.61,36.4
15,50,750,0.42,137,72.26,24.4000,17.81,2.61,36.6
16,43,645,0.46,108,72.22,19.2000,17.78,2.60,29.8
17,44,660,0.46,108,72.22,19.2000,17.78,2.60,30.1
18,45,675,0.46,108,72.22,19.2000,17.78,2.60,30.4
19,46,690,0.46,108,72.22,19.2000,17.78,2.60,30.6
20,47,705,0.46,108,72.22,19.2000,17.78,2.60,30.9
21,43,645,0.45,114,71.93,20.0000,17.54,2.56,30.4
22,44,660,0.45,114,71.93,20.0000,17.54,2.56,30.7
23,45,675,0.45,114,71.93,20.0000,17.54,2.56,31.0
24,46,690,0.45,114,71.93,20.0000,17.54,2.56,31.2
25,47,705,0.45,114,71.93,20.0000,17.54,2.56,31.5
26,43,645,0.44,121,71.90,21.2000,17.52,2.56,32.0
27,44,660,0.44,121,71.90,21.2000,17.52,2.56,32.4
28,45,675,0.44,121,71.90,21.2000,17.52,2.56,32.7
29,46,690,0.44,121,71.90,21.2000,17.52,2.56,32.9
30,47,705,0.44,121,71.90,21.2000,17.52,2.56,33.1
31,48,720,0.41,150,71.33,25.6000,17.07,2.49,37.1
32,49,735,0.41,150,71.33,25.6000,17.07,2.49,37.2
33,50,750,0.41,150,71.33,25.6000,17.07,2.49,37.5
34,43,645,0.43,129,71.32,22.0000,17.05,2.49,32.7
35,44,660,0.43,129,71.32,22.0000,17.05,2.49,33.0
36,45,675,0.43,129,71.32,22.0000,17.05,2.49,33.3
37,46,690,0.43,129,71.32,22.0000,17.05,2.49,33.5
38,47,705,0.43,129,71.32,22.0000,17.05,2.49,33.7
39,41,615,0.46,108,71.30,18.4000,17.04,2.48,29.0
40,42,630,0.46,108,71.30,18.4000,17.04,2.48,29.2
41,43,645,0.42,137,70.80,22.8000,16.64,2.42,33.3
42,44,660,0.42,137,70.80,22.8000,16.64,2.42,33.6
43,45,675,0.42,137,70.80,22.8000,16.64,2.42,33.9
44,46,690,0.42,137,70.80,22.8000,16.64,2.42,34.1
45,47,705,0.42,137,70.80,22.8000,16.64,2.42,34.3
46,48,720,0.39,171,70.76,28.4000,16.61,2.42,36.8
47,49,735,0.39,171,70.76,28.4000,16.61,2.42,36.9
48,50,750,0.39,171,70.76,28.4000,16.61,2.42,37.2
49,48,720,0.4,159,70.44,26.0000,16.35,2.38,36.8
50,49,735,0.4,159,70.44,26.0000,16.35,2.38,37.0
51,50,750,0.4,159,70.44,26.0000,16.35,2.38,37.2
52,37,555,0.46,108,70.37,17.6000,16.30,2.38,27.4
53,38,570,0.46,108,70.37,17.6000,16.30,2.38,27.6
54,39,585,0.46,108,70.37,17.6000,16.30,2.38,27.8
55,40,600,0.46,108,70.37,17.6000,16.30,2.38,28.3
56,41,615,0.44,121,70.25,19.6000,16.20,2.36,31.2
57,42,630,0.44,121,70.25,19.6000,16.20,2.36,31.4
58,41,615,0.45,114,70.18,18.4000,16.14,2.35,29.6
59,42,630,0.45,114,70.18,18.4000,16.14,2.35,29.8
60,43,645,0.41,150,70.00,24.0000,16.00,2.33,34.4
61,44,660,0.41,150,70.00,24.0000,16.00,2.33,34.6
62,45,675,0.41,150,70.00,24.0000,16.00,2.33,34.9
63,46,690,0.41,150,70.00,24.0000,16.00,2.33,35.1
64,47,705,0.41,150,70.00,24.0000,16.00,2.33,35.3
65,48,720,0.38,179,69.83,28.4000,15.87,2.31,37.0
66,49,735,0.38,179,69.83,28.4000,15.87,2.31,37.2
67,50,750,0.38,179,69.83,28.4000,15.87,2.31,37.4
68,41,615,0.43,129,69.77,20.4000,15.81,2.31,31.8
69,42,630,0.43,129,69.77,20.4000,15.81,2.31,32.1
70,43,645,0.39,171,69.59,26.8000,15.67,2.29,34.2
71,44,660,0.39,171,69.59,26.8000,15.67,2.29,34.5
72,45,675,0.39,171,69.59,26.8000,15.67,2.29,34.8
73,46,690,0.39,171,69.59,26.8000,15.67,2.29,35.0
74,47,705,0.39,171,69.59,26.8000,15.67,2.29,35.2
75,33,495,0.46,108,69.44,16.8000,15.56,2.27,25.7
76,34,510,0.46,108,69.44,16.8000,15.56,2.27,25.9
77,35,525,0.46,108,69.44,16.8000,15.56,2.27,26.2
78,36,540,0.46,108,69.44,16.8000,15.56,2.27,26.4
79,37,555,0.44,121,69.42,18.8000,15.54,2.27,29.7
80,38,570,0.44,121,69.42,18.8000,15.54,2.27,29.9
81,39,585,0.44,121,69.42,18.8000,15.54,2.27,30.1
82,40,600,0.44,121,69.42,18.8000,15.54,2.27,30.6
83,41,615,0.42,137,69.34,21.2000,15.47,2.26,32.5
84,42,630,0.42,137,69.34,21.2000,15.47,2.26,32.8
85,37,555,0.45,114,69.30,17.6000,15.44,2.26,28.0
86,38,570,0.45,114,69.30,17.6000,15.44,2.26,28.2
87,39,585,0.45,114,69.30,17.6000,15.44,2.26,28.4
88,40,600,0.45,114,69.30,17.6000,15.44,2.26,28.9
89,43,645,0.4,159,69.18,24.4000,15.35,2.24,34.2
90,44,660,0.4,159,69.18,24.4000,15.35,2.24,34.4
91,45,675,0.4,159,69.18,24.4000,15.35,2.24,34.7
92,46,690,0.4,159,69.18,24.4000,15.35,2.24,34.9
93,47,705,0.4,159,69.18,24.4000,15.35,2.24,35.1
94,37,555,0.43,129,68.99,19.6000,15.19,2.22,30.3
95,38,570,0.43,129,68.99,19.6000,15.19,2.22,30.6
96,39,585,0.43,129,68.99,19.6000,15.19,2.22,30.8
97,40,600,0.43,129,68.99,19.6000,15.19,2.22,31.2
98,48,720,0.37,189,68.78,28.4000,15.03,2.20,37.2
99,49,735,0.37,189,68.78,28.4000,15.03,2.20,37.4
100,50,750,0.37,189,68.78,28.4000,15.03,2.20,37.7
101,43,645,0.38,179,68.72,26.8000,14.97,2.20,34.5
102,44,660,0.38,179,68.72,26.8000,14.97,2.20,34.8
103,45,675,0.38,179,68.72,26.8000,14.97,2.20,35.0
104,46,690,0.38,179,68.72,26.8000,14.97,2.20,35.2
105,47,705,0.38,179,68.72,26.8000,14.97,2.20,35.5
106,41,615,0.41,150,68.67,22.4000,14.93,2.19,33.7
107,42,630,0.41,150,68.67,22.4000,14.93,2.19,33.9
108,40,600,0.42,137,68.61,20.4000,14.89,2.19,32.0
109,33,495,0.44,121,68.60,18.0000,14.88,2.18,28.1
110,34,510,0.44,121,68.60,18.0000,14.88,2.18,28.3
111,35,525,0.44,121,68.60,18.0000,14.88,2.18,28.5
112,36,540,0.44,121,68.60,18.0000,14.88,2.18,28.8
113,30,450,0.46,108,68.52,16.0000,14.81,2.18,25.0
114,31,465,0.46,108,68.52,16.0000,14.81,2.18,25.2
115,32,480,0.46,108,68.52,16.0000,14.81,2.18,25.4
116,33,495,0.45,114,68.42,16.8000,14.74,2.17,26.4
117,34,510,0.45,114,68.42,16.8000,14.74,2.17,26.6
118,35,525,0.45,114,68.42,16.8000,14.74,2.17,26.8
119,36,540,0.45,114,68.42,16.8000,14.74,2.17,27.1
120,41,615,0.39,171,68.42,25.2000,14.74,2.17,33.5
121,42,630,0.39,171,68.42,25.2000,14.74,2.17,33.8
122,48,720,0.36,202,68.32,29.6000,14.65,2.16,38.0
123,49,735,0.36,202,68.32,29.6000,14.65,2.16,38.2
124,50,750,0.36,202,68.32,29.6000,14.65,2.16,38.5
125,34,510,0.43,129,68.22,18.8000,14.57,2.15,29.0
126,35,525,0.43,129,68.22,18.8000,14.57,2.15,29.3
127,36,540,0.43,129,68.22,18.8000,14.57,2.15,29.5
128,48,720,0.32,270,68.15,39.2000,14.52,2.14,37.3
129,49,735,0.32,270,68.15,39.2000,14.52,2.14,37.5
130,50,750,0.32,270,68.15,39.2000,14.52,2.14,37.8
131,40,600,0.41,150,68.00,21.6000,14.40,2.12,33.2
132,41,615,0.4,159,67.92,22.8000,14.34,2.12,33.4
133,42,630,0.4,159,67.92,22.8000,14.34,2.12,33.7
134,37,555,0.42,137,67.88,19.6000,14.31,2.11,31.0
135,38,570,0.42,137,67.88,19.6000,14.31,2.11,31.2
136,39,585,0.42,137,67.88,19.6000,14.31,2.11,31.5
137,48,720,0.33,252,67.86,36.0000,14.29,2.11,37.0
138,49,735,0.33,252,67.86,36.0000,14.29,2.11,37.2
139,50,750,0.33,252,67.86,36.0000,14.29,2.11,37.5
140,40,600,0.39,171,67.84,24.4000,14.27,2.11,33.0
141,48,720,0.34,233,67.81,33.2000,14.25,2.11,37.8
142,49,735,0.34,233,67.81,33.2000,14.25,2.11,38.1
143,50,750,0.34,233,67.81,33.2000,14.25,2.11,38.3
144,30,450,0.44,121,67.77,17.2000,14.21,2.10,27.4
145,31,465,0.44,121,67.77,17.2000,14.21,2.10,27.6
146,32,480,0.44,121,67.77,17.2000,14.21,2.10,27.8
147,43,645,0.37,189,67.72,26.8000,14.18,2.10,34.8
148,44,660,0.37,189,67.72,26.8000,14.18,2.10,35.1
149,45,675,0.37,189,67.72,26.8000,14.18,2.10,35.4
150,46,690,0.37,189,67.72,26.8000,14.18,2.10,35.6
151,47,705,0.37,189,67.72,26.8000,14.18,2.10,35.8
152,48,720,0.35,213,67.61,30.0000,14.08,2.09,37.8
153,49,735,0.35,213,67.61,30.0000,14.08,2.09,38.0
154,50,750,0.35,213,67.61,30.0000,14.08,2.09,38.2
155,41,615,0.38,179,67.60,25.2000,14.08,2.09,33.8
156,42,630,0.38,179,67.60,25.2000,14.08,2.09,34.0
157,30,450,0.45,114,67.54,16.0000,14.04,2.08,25.7
158,31,465,0.45,114,67.54,16.0000,14.04,2.08,25.9
159,32,480,0.45,114,67.54,16.0000,14.04,2.08,26.1
160,33,495,0.43,129,67.44,18.0000,13.95,2.07,28.1
161,43,645,0.32,270,67.41,37.6000,13.93,2.07,35.2
162,44,660,0.32,270,67.41,37.6000,13.93,2.07,35.5
163,45,675,0.32,270,67.41,37.6000,13.93,2.07,35.7
164,46,690,0.32,270,67.41,37.6000,13.93,2.07,36.0
165,47,705,0.32,270,67.41,37.6000,13.93,2.07,36.2
166,49,735,0.29,340,67.35,47.2000,13.88,2.06,39.1
167,50,750,0.29,340,67.35,47.2000,13.88,2.06,39.4
168,49,735,0.31,294,67.35,40.8000,13.88,2.06,38.0
169,50,750,0.31,294,67.35,40.8000,13.88,2.06,38.3
170,37,555,0.41,150,67.33,20.8000,13.87,2.06,32.3
171,38,570,0.41,150,67.33,20.8000,13.87,2.06,32.5
172,39,585,0.41,150,67.33,20.8000,13.87,2.06,32.7
173,43,645,0.36,202,67.33,28.0000,13.86,2.06,35.7
174,44,660,0.36,202,67.33,28.0000,13.86,2.06,36.0
175,45,675,0.36,202,67.33,28.0000,13.86,2.06,36.2
176,46,690,0.36,202,67.33,28.0000,13.86,2.06,36.4
177,47,705,0.36,202,67.33,28.0000,13.86,2.06,36.7
178,40,600,0.4,159,67.30,22.0000,13.84,2.06,32.9
179,37,555,0.39,171,67.25,23.6000,13.80,2.05,32.1
180,38,570,0.39,171,67.25,23.6000,13.80,2.05,32.3
181,39,585,0.39,171,67.25,23.6000,13.80,2.05,32.5
182,34,510,0.42,137,67.15,18.8000,13.72,2.04,29.8
183,35,525,0.42,137,67.15,18.8000,13.72,2.04,30.0
184,36,540,0.42,137,67.15,18.8000,13.72,2.04,30.3
185,43,645,0.33,252,67.06,34.4000,13.65,2.04,34.8
186,44,660,0.33,252,67.06,34.4000,13.65,2.04,35.1
187,45,675,0.33,252,67.06,34.4000,13.65,2.04,35.4
188,46,690,0.33,252,67.06,34.4000,13.65,2.04,35.6
189,47,705,0.33,252,67.06,34.4000,13.65,2.04,35.8
190,48,720,0.29,340,67.06,46.4000,13.65,2.04,38.7
191,40,600,0.38,179,67.04,24.4000,13.63,2.03,33.2
192,48,720,0.31,294,67.01,40.0000,13.61,2.03,37.6
193,43,645,0.34,233,66.95,31.6000,13.56,2.03,35.6
194,44,660,0.34,233,66.95,31.6000,13.56,2.03,35.9
195,45,675,0.34,233,66.95,31.6000,13.56,2.03,36.2
196,46,690,0.34,233,66.95,31.6000,13.56,2.03,36.4
197,47,705,0.34,233,66.95,31.6000,13.56,2.03,36.6
198,49,735,0.3,317,66.88,42.8000,13.50,2.02,38.6
199,50,750,0.3,317,66.88,42.8000,13.50,2.02,38.9
200,26,390,0.46,108,66.67,14.4000,13.33,2.00,24.0
201,27,405,0.46,108,66.67,14.4000,13.33,2.00,24.2
202,28,420,0.46,108,66.67,14.4000,13.33,2.00,24.4
203,29,435,0.46,108,66.67,14.4000,13.33,2.00,24.7
204,30,450,0.43,129,66.67,17.2000,13.33,2.00,27.4
205,31,465,0.43,129,66.67,17.2000,13.33,2.00,27.7
206,32,480,0.43,129,66.67,17.2000,13.33,2.00,27.9
207,34,510,0.39,171,66.67,22.8000,13.33,2.00,31.1
208,34,510,0.41,150,66.67,20.0000,13.33,2.00,31.2
209,35,525,0.39,171,66.67,22.8000,13.33,2.00,31.2
210,35,525,0.41,150,66.67,20.0000,13.33,2.00,31.4
211,36,540,0.39,171,66.67,22.8000,13.33,2.00,31.5
212,36,540,0.41,150,66.67,20.0000,13.33,2.00,31.6
213,37,555,0.4,159,66.67,21.2000,13.33,2.00,32.0
214,38,570,0.4,159,66.67,21.2000,13.33,2.00,32.2
215,39,585,0.4,159,66.67,21.2000,13.33,2.00,32.4
216,41,615,0.32,270,66.67,36.0000,13.33,2.00,34.4
217,41,615,0.37,189,66.67,25.2000,13.33,2.00,33.9
218,42,630,0.32,270,66.67,36.0000,13.33,2.00,34.7
219,42,630,0.37,189,66.67,25.2000,13.33,2.00,34.2
220,43,645,0.35,213,66.67,28.4000,13.33,2.00,35.4
221,44,660,0.35,213,66.67,28.4000,13.33,2.00,35.7
222,45,675,0.35,213,66.67,28.4000,13.33,2.00,36.0
223,46,690,0.35,213,66.67,28.4000,13.33,2.00,36.2
224,47,705,0.35,213,66.67,28.4000,13.33,2.00,36.4
225,48,720,0.3,317,66.56,42.0000,13.25,1.99,38.2
226,37,555,0.38,179,66.48,23.6000,13.18,1.98,32.3
227,38,570,0.38,179,66.48,23.6000,13.18,1.98,32.5
228,39,585,0.38,179,66.48,23.6000,13.18,1.98,32.8
229,43,645,0.29,340,66.47,44.8000,13.18,1.98,36.2
230,44,660,0.29,340,66.47,44.8000,13.18,1.98,36.5
231,45,675,0.29,340,66.47,44.8000,13.18,1.98,36.8
232,46,690,0.29,340,66.47,44.8000,13.18,1.98,37.0
233,47,705,0.29,340,66.47,44.8000,13.18,1.98,37.2
234,33,495,0.42,137,66.42,18.0000,13.14,1.98,28.9
235,49,735,0.27,384,66.41,50.4000,13.12,1.98,40.2
236,50,750,0.27,384,66.41,50.4000,13.12,1.98,40.5
237,41,615,0.36,202,66.34,26.4000,13.07,1.97,34.8
238,42,630,0.36,202,66.34,26.4000,13.07,1.97,35.1
239,43,645,0.31,294,66.33,38.4000,13.06,1.97,34.9
240,44,660,0.31,294,66.33,38.4000,13.06,1.97,35.2
241,45,675,0.31,294,66.33,38.4000,13.06,1.97,35.5
242,46,690,0.31,294,66.33,38.4000,13.06,1.97,35.7
243,47,705,0.31,294,66.33,38.4000,13.06,1.97,35.9
244,40,600,0.32,270,66.30,35.2000,13.04,1.97,34.0
245,41,615,0.33,252,66.27,32.8000,13.02,1.96,34.0
246,42,630,0.33,252,66.27,32.8000,13.02,1.96,34.3
247,49,735,0.28,358,66.20,46.4000,12.96,1.96,40.1
248,50,750,0.28,358,66.20,46.4000,12.96,1.96,40.4
249,48,720,0.27,384,66.15,49.6000,12.92,1.95,39.8
250,40,600,0.37,189,66.14,24.4000,12.91,1.95,33.4
251,26,390,0.44,121,66.12,15.6000,12.89,1.95,26.4
252,27,405,0.44,121,66.12,15.6000,12.89,1.95,26.6
253,28,420,0.44,121,66.12,15.6000,12.89,1.95,26.9
254,29,435,0.44,121,66.12,15.6000,12.89,1.95,27.1
255,41,615,0.34,233,66.09,30.0000,12.88,1.95,34.7
256,42,630,0.34,233,66.09,30.0000,12.88,1.95,35.0
257,33,495,0.39,171,66.08,22.0000,12.87,1.95,30.3
258,49,735,0.25,439,66.06,56.4000,12.85,1.95,40.7
259,50,750,0.25,439,66.06,56.4000,12.85,1.95,41.0
260,34,510,0.4,159,66.04,20.4000,12.83,1.94,30.9
261,35,525,0.4,159,66.04,20.4000,12.83,1.94,31.1
262,36,540,0.4,159,66.04,20.4000,12.83,1.94,31.3
263,33,495,0.41,150,66.00,19.2000,12.80,1.94,30.4
264,43,645,0.3,317,65.93,40.4000,12.74,1.94,35.6
265,44,660,0.3,317,65.93,40.4000,12.74,1.94,35.9
266,45,675,0.3,317,65.93,40.4000,12.74,1.94,36.2
267,46,690,0.3,317,65.93,40.4000,12.74,1.94,36.4
268,47,705,0.3,317,65.93,40.4000,12.74,1.94,36.7
269,37,555,0.32,270,65.93,34.4000,12.74,1.93,33.1
270,38,570,0.32,270,65.93,34.4000,12.74,1.93,33.3
271,39,585,0.32,270,65.93,34.4000,12.74,1.93,33.6
272,34,510,0.38,179,65.92,22.8000,12.74,1.93,31.1
273,35,525,0.38,179,65.92,22.8000,12.74,1.93,31.3
274,36,540,0.38,179,65.92,22.8000,12.74,1.93,31.7
275,48,720,0.28,358,65.92,45.6000,12.74,1.93,39.7
276,42,630,0.29,340,65.88,43.2000,12.71,1.93,35.8
277,40,600,0.33,252,65.87,32.0000,12.70,1.93,33.5
278,40,600,0.36,202,65.84,25.6000,12.67,1.93,34.3
279,48,720,0.25,439,65.83,55.6000,12.67,1.93,40.4
280,26,390,0.45,114,65.79,14.4000,12.63,1.92,24.7
281,27,405,0.45,114,65.79,14.4000,12.63,1.92,24.9
282,28,420,0.45,114,65.79,14.4000,12.63,1.92,25.1
283,29,435,0.45,114,65.79,14.4000,12.63,1.92,25.3
284,49,735,0.26,412,65.78,52.0000,12.62,1.92,41.0
285,50,750,0.26,412,65.78,52.0000,12.62,1.92,41.3
286,16,240,0.46,108,65.74,13.6000,12.59,1.92,20.6
287,17,255,0.46,108,65.74,13.6000,12.59,1.92,20.9
288,18,270,0.46,108,65.74,13.6000,12.59,1.92,21.4
289,19,285,0.46,108,65.74,13.6000,12.59,1.92,21.9
290,20,300,0.46,108,65.74,13.6000,12.59,1.92,22.1
291,21,315,0.46,108,65.74,13.6000,12.59,1.92,22.9
292,22,330,0.46,108,65.74,13.6000,12.59,1.92,23.1
293,23,345,0.46,108,65.74,13.6000,12.59,1.92,23.3
294,24,360,0.46,108,65.74,13.6000,12.59,1.92,23.5
295,25,375,0.46,108,65.74,13.6000,12.59,1.92,23.7
296,41,615,0.35,213,65.73,26.8000,12.58,1.92,34.6
297,42,630,0.35,213,65.73,26.8000,12.58,1.92,34.9
298,30,450,0.42,137,65.69,17.2000,12.55,1.91,28.2
299,31,465,0.42,137,65.69,17.2000,12.55,1.91,28.5
300,32,480,0.42,137,65.69,17.2000,12.55,1.91,28.7
301,40,600,0.34,233,65.67,29.2000,12.53,1.91,34.3
302,41,615,0.31,294,65.65,36.8000,12.52,1.91,34.1
303,42,630,0.31,294,65.65,36.8000,12.52,1.91,34.4
304,44,660,0.27,384,65.62,48.0000,12.50,1.91,37.8
305,45,675,0.27,384,65.62,48.0000,12.50,1.91,38.0
306,46,690,0.27,384,65.62,48.0000,12.50,1.91,38.2
307,47,705,0.27,384,65.62,48.0000,12.50,1.91,38.5
308,37,555,0.37,189,65.61,23.6000,12.49,1.91,32.6
309,38,570,0.37,189,65.61,23.6000,12.49,1.91,32.8
310,39,585,0.37,189,65.61,23.6000,12.49,1.91,33.0
311,41,615,0.29,340,65.59,42.4000,12.47,1.91,35.1
312,34,510,0.32,270,65.56,33.6000,12.44,1.90,32.1
313,35,525,0.32,270,65.56,33.6000,12.44,1.90,32.3
314,36,540,0.32,270,65.56,33.6000,12.44,1.90,32.6
315,48,720,0.26,412,65.53,51.2000,12.43,1.90,40.6
316,30,450,0.39,171,65.50,21.2000,12.40,1.90,29.6
317,31,465,0.39,171,65.50,21.2000,12.40,1.90,29.8
318,32,480,0.39,171,65.50,21.2000,12.40,1.90,30.1
319,49,735,0.24,478,65.48,59.2000,12.38,1.90,41.0
320,50,750,0.24,478,65.48,59.2000,12.38,1.90,41.3
321,37,555,0.33,252,65.48,31.2000,12.38,1.90,32.6
322,38,570,0.33,252,65.48,31.2000,12.38,1.90,32.9
323,39,585,0.33,252,65.48,31.2000,12.38,1.90,33.1
324,33,495,0.4,159,65.41,19.6000,12.33,1.89,30.1
325,44,660,0.25,439,65.38,54.0000,12.30,1.89,38.5
326,45,675,0.25,439,65.38,54.0000,12.30,1.89,38.7
327,46,690,0.25,439,65.38,54.0000,12.30,1.89,39.0
328,47,705,0.25,439,65.38,54.0000,12.30,1.89,39.2
329,43,645,0.27,384,65.36,47.2000,12.29,1.89,37.4
330,33,495,0.38,179,65.36,22.0000,12.29,1.89,30.4
331,43,645,0.28,358,65.36,44.0000,12.29,1.89,37.3
332,44,660,0.28,358,65.36,44.0000,12.29,1.89,37.6
333,45,675,0.28,358,65.36,44.0000,12.29,1.89,37.9
334,46,690,0.28,358,65.36,44.0000,12.29,1.89,38.1
335,47,705,0.28,358,65.36,44.0000,12.29,1.89,38.3
336,37,555,0.36,202,65.35,24.8000,12.28,1.89,33.4
337,38,570,0.36,202,65.35,24.8000,12.28,1.89,33.7
338,39,585,0.36,202,65.35,24.8000,12.28,1.89,33.9
339,30,450,0.41,150,65.33,18.4000,12.27,1.88,29.7
340,31,465,0.41,150,65.33,18.4000,12.27,1.88,29.9
341,32,480,0.41,150,65.33,18.4000,12.27,1.88,30.2
342,40,600,0.31,294,65.31,36.0000,12.24,1.88,33.7
343,41,615,0.3,317,65.30,38.8000,12.24,1.88,34.9
344,42,630,0.3,317,65.30,38.8000,12.24,1.88,35.2
345,40,600,0.29,340,65.29,41.6000,12.24,1.88,34.7
346,23,345,0.44,121,65.29,14.8000,12.23,1.88,25.8
347,24,360,0.44,121,65.29,14.8000,12.23,1.88,26.0
348,25,375,0.44,121,65.29,14.8000,12.23,1.88,26.2
349,48,720,0.24,478,65.27,58.4000,12.22,1.88,40.7
350,40,600,0.35,213,65.26,26.0000,12.21,1.88,34.1
351,37,555,0.34,233,65.24,28.4000,12.19,1.88,33.3
352,38,570,0.34,233,65.24,28.4000,12.19,1.88,33.6
353,39,585,0.34,233,65.24,28.4000,12.19,1.88,33.8
354,33,495,0.32,270,65.19,32.8000,12.15,1.87,31.5
355,43,645,0.25,439,65.15,53.2000,12.12,1.87,38.1
356,26,390,0.43,129,65.12,15.6000,12.09,1.87,26.5
357,27,405,0.43,129,65.12,15.6000,12.09,1.87,26.7
358,28,420,0.43,129,65.12,15.6000,12.09,1.87,26.9
359,29,435,0.43,129,65.12,15.6000,12.09,1.87,27.2
360,34,510,0.33,252,65.08,30.4000,12.06,1.86,31.6
361,34,510,0.37,189,65.08,22.8000,12.06,1.86,31.4
362,35,525,0.33,252,65.08,30.4000,12.06,1.86,31.8
363,35,525,0.37,189,65.08,22.8000,12.06,1.86,31.6
364,36,540,0.33,252,65.08,30.4000,12.06,1.86,32.1
365,36,540,0.37,189,65.08,22.8000,12.06,1.86,31.9
366,44,660,0.26,412,65.05,49.6000,12.04,1.86,38.6
367,45,675,0.26,412,65.05,49.6000,12.04,1.86,38.9
368,46,690,0.26,412,65.05,49.6000,12.04,1.86,39.1
369,47,705,0.26,412,65.05,49.6000,12.04,1.86,39.4
370,37,555,0.29,340,65.00,40.8000,12.00,1.86,33.9
371,38,570,0.29,340,65.00,40.8000,12.00,1.86,34.1
372,39,585,0.29,340,65.00,40.8000,12.00,1.86,34.3
373,40,600,0.3,317,64.98,38.0000,11.99,1.86,34.5
374,37,555,0.31,294,64.97,35.2000,11.97,1.85,32.8
375,38,570,0.31,294,64.97,35.2000,11.97,1.85,33.1
376,39,585,0.31,294,64.97,35.2000,11.97,1.85,33.3
377,16,240,0.45,114,64.91,13.6000,11.93,1.85,21.4
378,17,255,0.45,114,64.91,13.6000,11.93,1.85,21.6
379,18,270,0.45,114,64.91,13.6000,11.93,1.85,22.1
380,19,285,0.45,114,64.91,13.6000,11.93,1.85,22.6
381,20,300,0.45,114,64.91,13.6000,11.93,1.85,22.8
382,21,315,0.45,114,64.91,13.6000,11.93,1.85,23.6
383,22,330,0.45,114,64.91,13.6000,11.93,1.85,23.8
384,23,345,0.45,114,64.91,13.6000,11.93,1.85,24.0
385,24,360,0.45,114,64.91,13.6000,11.93,1.85,24.2
386,25,375,0.45,114,64.91,13.6000,11.93,1.85,24.4
387,44,660,0.24,478,64.85,56.8000,11.88,1.85,38.8
388,45,675,0.24,478,64.85,56.8000,11.88,1.85,39.1
389,46,690,0.24,478,64.85,56.8000,11.88,1.85,39.4
390,47,705,0.24,478,64.85,56.8000,11.88,1.85,39.6
391,34,510,0.36,202,64.85,24.0000,11.88,1.85,32.2
392,35,525,0.36,202,64.85,24.0000,11.88,1.85,32.4
393,36,540,0.36,202,64.85,24.0000,11.88,1.85,32.8
394,42,630,0.27,384,64.84,45.6000,11.87,1.84,36.9
395,49,735,0.23,509,64.83,60.4000,11.87,1.84,41.3
396,50,750,0.23,509,64.83,60.4000,11.87,1.84,41.6
397,11,165,0.46,108,64.81,12.8000,11.85,1.84,19.4
398,12,180,0.46,108,64.81,12.8000,11.85,1.84,19.5
399,13,195,0.46,108,64.81,12.8000,11.85,1.84,19.8
400,14,210,0.46,108,64.81,12.8000,11.85,1.84,20.0
401,15,225,0.46,108,64.81,12.8000,11.85,1.84,20.2
402,34,510,0.34,233,64.81,27.6000,11.85,1.84,32.2
403,35,525,0.34,233,64.81,27.6000,11.85,1.84,32.4
404,36,540,0.34,233,64.81,27.6000,11.85,1.84,32.8
405,43,645,0.26,412,64.81,48.8000,11.84,1.84,38.2
406,30,450,0.38,179,64.80,21.2000,11.84,1.84,29.7
407,31,465,0.38,179,64.80,21.2000,11.84,1.84,29.9
408,32,480,0.38,179,64.80,21.2000,11.84,1.84,30.2
409,42,630,0.28,358,64.80,42.4000,11.84,1.84,36.8
410,37,555,0.35,213,64.79,25.2000,11.83,1.84,33.1
411,38,570,0.35,213,64.79,25.2000,11.83,1.84,33.4
412,39,585,0.35,213,64.79,25.2000,11.83,1.84,33.6
413,30,450,0.4,159,64.78,18.8000,11.82,1.84,29.4
414,31,465,0.4,159,64.78,18.8000,11.82,1.84,29.6
415,32,480,0.4,159,64.78,18.8000,11.82,1.84,29.9
416,34,510,0.29,340,64.71,40.0000,11.76,1.83,32.9
417,35,525,0.29,340,64.71,40.0000,11.76,1.83,33.1
418,36,540,0.29,340,64.71,40.0000,11.76,1.83,33.4
419,42,630,0.25,439,64.69,51.6000,11.75,1.83,37.7
420,33,495,0.33,252,64.68,29.6000,11.75,1.83,31.0
421,37,555,0.3,317,64.67,37.2000,11.74,1.83,33.7
422,38,570,0.3,317,64.67,37.2000,11.74,1.83,33.9
423,39,585,0.3,317,64.67,37.2000,11.74,1.83,34.1
424,43,645,0.24,478,64.64,56.0000,11.72,1.83,38.5
425,48,720,0.23,509,64.64,59.6000,11.71,1.83,41.0
426,34,510,0.31,294,64.63,34.4000,11.70,1.83,31.9
427,35,525,0.31,294,64.63,34.4000,11.70,1.83,32.1
428,36,540,0.31,294,64.63,34.4000,11.70,1.83,32.4
429,41,615,0.27,384,64.58,44.8000,11.67,1.82,36.3
430,33,495,0.37,189,64.55,22.0000,11.64,1.82,30.7
431,49,735,0.22,561,64.53,65.2000,11.62,1.82,41.1
432,50,750,0.22,561,64.53,65.2000,11.62,1.82,41.4
433,41,615,0.28,358,64.53,41.6000,11.62,1.82,36.2
434,41,615,0.25,439,64.46,50.8000,11.57,1.81,36.7
435,16,240,0.44,121,64.46,14.0000,11.57,1.81,22.6
436,17,255,0.44,121,64.46,14.0000,11.57,1.81,22.8
437,18,270,0.44,121,64.46,14.0000,11.57,1.81,23.3
438,19,285,0.44,121,64.46,14.0000,11.57,1.81,23.8
439,20,300,0.44,121,64.46,14.0000,11.57,1.81,24.0
440,21,315,0.44,121,64.46,14.0000,11.57,1.81,24.8
441,22,330,0.44,121,64.46,14.0000,11.57,1.81,25.1
442,30,450,0.32,270,64.44,31.2000,11.56,1.81,30.8
443,31,465,0.32,270,64.44,31.2000,11.56,1.81,31.0
444,32,480,0.32,270,64.44,31.2000,11.56,1.81,31.2
445,33,495,0.29,340,64.41,39.2000,11.53,1.81,32.5
446,33,495,0.34,233,64.38,26.8000,11.50,1.81,31.6
447,33,495,0.36,202,64.36,23.2000,11.49,1.81,31.6
448,34,510,0.3,317,64.35,36.4000,11.48,1.81,32.7
449,35,525,0.3,317,64.35,36.4000,11.48,1.81,32.9
450,36,540,0.3,317,64.35,36.4000,11.48,1.81,33.2
451,48,720,0.22,561,64.35,64.4000,11.48,1.80,40.8
452,23,345,0.43,129,64.34,14.8000,11.47,1.80,25.9
453,24,360,0.43,129,64.34,14.8000,11.47,1.80,26.1
454,25,375,0.43,129,64.34,14.8000,11.47,1.80,26.3
455,29,435,0.39,171,64.33,19.6000,11.46,1.80,29.3
456,40,600,0.27,384,64.32,44.0000,11.46,1.80,35.9
457,42,630,0.26,412,64.32,47.2000,11.46,1.80,37.8
458,34,510,0.35,213,64.32,24.4000,11.46,1.80,32.0
459,35,525,0.35,213,64.32,24.4000,11.46,1.80,32.2
460,36,540,0.35,213,64.32,24.4000,11.46,1.80,32.5
461,33,495,0.31,294,64.29,33.6000,11.43,1.80,31.4
462,40,600,0.28,358,64.25,40.8000,11.40,1.80,35.8
463,44,660,0.23,509,64.24,58.0000,11.39,1.80,39.2
464,45,675,0.23,509,64.24,58.0000,11.39,1.80,39.4
465,46,690,0.23,509,64.24,58.0000,11.39,1.80,39.7
466,47,705,0.23,509,64.24,58.0000,11.39,1.80,39.9
467,40,600,0.25,439,64.24,50.0000,11.39,1.80,36.4
468,26,390,0.42,137,64.23,15.6000,11.39,1.80,27.0
469,27,405,0.42,137,64.23,15.6000,11.39,1.80,27.2
470,28,420,0.42,137,64.23,15.6000,11.39,1.80,27.4
471,29,435,0.42,137,64.23,15.6000,11.39,1.80,27.8
472,42,630,0.24,478,64.23,54.4000,11.38,1.80,38.1
473,49,735,0.21,624,64.10,70.4000,11.28,1.79,42.2
474,50,750,0.21,624,64.10,70.4000,11.28,1.79,42.5
475,41,615,0.26,412,64.08,46.4000,11.26,1.78,36.8
476,37,555,0.27,384,64.06,43.2000,11.25,1.78,35.0
477,38,570,0.27,384,64.06,43.2000,11.25,1.78,35.4
478,39,585,0.27,384,64.06,43.2000,11.25,1.78,35.6
479,43,645,0.23,509,64.05,57.2000,11.24,1.78,38.8
480,33,495,0.3,317,64.04,35.6000,11.23,1.78,32.2
481,11,165,0.45,114,64.04,12.8000,11.23,1.78,20.2
482,12,180,0.45,114,64.04,12.8000,11.23,1.78,20.3
483,13,195,0.45,114,64.04,12.8000,11.23,1.78,20.5
484,14,210,0.45,114,64.04,12.8000,11.23,1.78,20.8
485,15,225,0.45,114,64.04,12.8000,11.23,1.78,21.0
486,30,450,0.37,189,64.02,21.2000,11.22,1.78,30.0
487,31,465,0.37,189,64.02,21.2000,11.22,1.78,30.2
488,32,480,0.37,189,64.02,21.2000,11.22,1.78,30.5
489,41,615,0.24,478,64.02,53.6000,11.21,1.78,37.1
490,37,555,0.25,439,64.01,49.2000,11.21,1.78,35.6
491,38,570,0.25,439,64.01,49.2000,11.21,1.78,35.9
492,39,585,0.25,439,64.01,49.2000,11.21,1.78,36.1
493,26,390,0.41,150,64.00,16.8000,11.20,1.78,28.6
494,27,405,0.41,150,64.00,16.8000,11.20,1.78,28.8
495,28,420,0.41,150,64.00,16.8000,11.20,1.78,29.0
496,29,435,0.41,150,64.00,16.8000,11.20,1.78,29.3
497,47,705,0.22,561,63.99,62.8000,11.19,1.78,39.8
498,37,555,0.28,358,63.97,40.0000,11.17,1.78,35.0
499,38,570,0.28,358,63.97,40.0000,11.17,1.78,35.2
500,39,585,0.28,358,63.97,40.0000,11.17,1.78,35.4
501,48,720,0.21,624,63.94,69.6000,11.15,1.77,41.9
502,49,735,0.2,671,63.93,74.8000,11.15,1.77,42.3
503,50,750,0.2,671,63.93,74.8000,11.15,1.77,42.6
504,8,120,0.46,108,63.89,12.0000,11.11,1.77,18.1
505,9,135,0.46,108,63.89,12.0000,11.11,1.77,18.3
506,10,150,0.46,108,63.89,12.0000,11.11,1.77,18.6
507,30,450,0.33,252,63.89,28.0000,11.11,1.77,30.2
508,31,465,0.33,252,63.89,28.0000,11.11,1.77,30.4
509,32,480,0.33,252,63.89,28.0000,11.11,1.77,30.7
510,30,450,0.36,202,63.86,22.4000,11.09,1.77,30.9
511,31,465,0.36,202,63.86,22.4000,11.09,1.77,31.1
512,32,480,0.36,202,63.86,22.4000,11.09,1.77,31.4
513,33,495,0.35,213,63.85,23.6000,11.08,1.77,31.3
514,40,600,0.26,412,63.83,45.6000,11.07,1.77,36.4
515,44,660,0.22,561,63.81,62.0000,11.05,1.76,39.1
516,45,675,0.22,561,63.81,62.0000,11.05,1.76,39.3
517,46,690,0.22,561,63.81,62.0000,11.05,1.76,39.6
518,40,600,0.24,478,63.81,52.8000,11.05,1.76,36.8
519,34,510,0.27,384,63.80,42.4000,11.04,1.76,34.1
520,35,525,0.27,384,63.80,42.4000,11.04,1.76,34.3
521,36,540,0.27,384,63.80,42.4000,11.04,1.76,34.6
522,48,720,0.2,671,63.79,74.0000,11.03,1.76,42.0
523,36,540,0.25,439,63.78,48.4000,11.03,1.76,35.1
524,26,390,0.39,171,63.74,18.8000,10.99,1.76,28.5
525,27,405,0.39,171,63.74,18.8000,10.99,1.76,28.7
526,28,420,0.39,171,63.74,18.8000,10.99,1.76,28.9
527,29,435,0.38,179,63.69,19.6000,10.95,1.75,29.4
528,34,510,0.28,358,63.69,39.2000,10.95,1.75,34.1
529,35,525,0.28,358,63.69,39.2000,10.95,1.75,34.3
530,36,540,0.28,358,63.69,39.2000,10.95,1.75,34.5
531,42,630,0.23,509,63.65,55.6000,10.92,1.75,38.4
532,11,165,0.44,121,63.64,13.2000,10.91,1.75,21.5
533,12,180,0.44,121,63.64,13.2000,10.91,1.75,21.6
534,13,195,0.44,121,63.64,13.2000,10.91,1.75,21.8
535,14,210,0.44,121,63.64,13.2000,10.91,1.75,22.0
536,15,225,0.44,121,63.64,13.2000,10.91,1.75,22.3
537,43,645,0.22,561,63.64,61.2000,10.91,1.75,38.7
538,47,705,0.21,624,63.62,68.0000,10.90,1.75,41.0
539,30,450,0.31,294,63.61,32.0000,10.88,1.75,30.6
540,31,465,0.31,294,63.61,32.0000,10.88,1.75,30.8
541,32,480,0.31,294,63.61,32.0000,10.88,1.75,31.1
542,37,555,0.24,478,63.60,52.0000,10.88,1.75,36.0
543,38,570,0.24,478,63.60,52.0000,10.88,1.75,36.3
544,39,585,0.24,478,63.60,52.0000,10.88,1.75,36.5
545,37,555,0.26,412,63.59,44.8000,10.87,1.75,35.6
546,38,570,0.26,412,63.59,44.8000,10.87,1.75,35.9
547,39,585,0.26,412,63.59,44.8000,10.87,1.75,36.1
548,16,240,0.43,129,63.57,14.0000,10.85,1.74,22.9
549,17,255,0.43,129,63.57,14.0000,10.85,1.74,23.1
550,18,270,0.43,129,63.57,14.0000,10.85,1.74,23.5
551,19,285,0.43,129,63.57,14.0000,10.85,1.74,24.0
552,20,300,0.43,129,63.57,14.0000,10.85,1.74,24.2
553,21,315,0.43,129,63.57,14.0000,10.85,1.74,24.9
554,22,330,0.43,129,63.57,14.0000,10.85,1.74,25.2
555,34,510,0.25,439,63.55,47.6000,10.84,1.74,34.6
556,35,525,0.25,439,63.55,47.6000,10.84,1.74,34.8
557,33,495,0.27,384,63.54,41.6000,10.83,1.74,33.7
558,30,450,0.29,340,63.53,36.8000,10.82,1.74,31.6
559,31,465,0.29,340,63.53,36.8000,10.82,1.74,31.8
560,32,480,0.29,340,63.53,36.8000,10.82,1.74,32.2
561,26,390,0.4,159,63.52,17.2000,10.82,1.74,28.3
562,27,405,0.4,159,63.52,17.2000,10.82,1.74,28.4
563,28,420,0.4,159,63.52,17.2000,10.82,1.74,28.6
564,29,435,0.4,159,63.52,17.2000,10.82,1.74,29.0
565,30,450,0.34,233,63.52,25.2000,10.82,1.74,30.8
566,31,465,0.34,233,63.52,25.2000,10.82,1.74,31.0
567,32,480,0.34,233,63.52,25.2000,10.82,1.74,31.3
568,23,345,0.42,137,63.50,14.8000,10.80,1.74,26.4
569,24,360,0.42,137,63.50,14.8000,10.80,1.74,26.6
570,25,375,0.42,137,63.50,14.8000,10.80,1.74,26.8
571,47,705,0.2,671,63.49,72.4000,10.79,1.74,41.1
572,44,660,0.21,624,63.46,67.2000,10.77,1.74,40.2
573,45,675,0.21,624,63.46,67.2000,10.77,1.74,40.5
574,46,690,0.21,624,63.46,67.2000,10.77,1.74,40.7
575,41,615,0.23,509,63.46,54.8000,10.77,1.74,37.5
576,33,495,0.28,358,63.41,38.4000,10.73,1.73,33.6
577,36,540,0.24,478,63.39,51.2000,10.71,1.73,35.5
578,30,450,0.35,213,63.38,22.8000,10.70,1.73,30.5
579,31,465,0.35,213,63.38,22.8000,10.70,1.73,30.8
580,32,480,0.35,213,63.38,22.8000,10.70,1.73,31.0
581,34,510,0.26,412,63.35,44.0000,10.68,1.73,34.6
582,35,525,0.26,412,63.35,44.0000,10.68,1.73,34.8
583,36,540,0.26,412,63.35,44.0000,10.68,1.73,35.1
584,46,690,0.2,671,63.34,71.6000,10.67,1.73,40.8
585,23,345,0.41,150,63.33,16.0000,10.67,1.73,28.0
586,24,360,0.41,150,63.33,16.0000,10.67,1.73,28.2
587,25,375,0.41,150,63.33,16.0000,10.67,1.73,28.4
588,29,435,0.32,270,63.33,28.8000,10.67,1.73,30.4
589,33,495,0.25,439,63.33,46.8000,10.66,1.73,34.2
590,43,645,0.21,624,63.30,66.4000,10.64,1.72,39.7
591,42,630,0.22,561,63.28,59.6000,10.62,1.72,38.3
592,40,600,0.23,509,63.26,54.0000,10.61,1.72,37.2
593,44,660,0.2,671,63.19,70.8000,10.55,1.72,40.2
594,45,675,0.2,671,63.19,70.8000,10.55,1.72,40.5
595,34,510,0.24,478,63.18,50.4000,10.54,1.72,35.0
596,35,525,0.24,478,63.18,50.4000,10.54,1.72,35.2
597,8,120,0.45,114,63.16,12.0000,10.53,1.71,18.9
598,9,135,0.45,114,63.16,12.0000,10.53,1.71,19.1
599,10,150,0.45,114,63.16,12.0000,10.53,1.71,19.4
600,23,345,0.39,171,63.16,18.0000,10.53,1.71,27.9
601,24,360,0.39,171,63.16,18.0000,10.53,1.71,28.1
602,25,375,0.39,171,63.16,18.0000,10.53,1.71,28.3
603,26,390,0.38,179,63.13,18.8000,10.50,1.71,28.6
604,27,405,0.38,179,63.13,18.8000,10.50,1.71,28.8
605,28,420,0.38,179,63.13,18.8000,10.50,1.71,29.1
606,33,495,0.26,412,63.11,43.2000,10.49,1.71,34.2
607,41,615,0.22,561,63.10,58.8000,10.48,1.71,37.5
608,30,450,0.3,317,63.09,33.2000,10.47,1.71,31.4
609,31,465,0.3,317,63.09,33.2000,10.47,1.71,31.6
610,32,480,0.3,317,63.09,33.2000,10.47,1.71,31.9
611,37,555,0.23,509,63.06,53.2000,10.45,1.71,36.2
612,38,570,0.23,509,63.06,53.2000,10.45,1.71,36.5
613,39,585,0.23,509,63.06,53.2000,10.45,1.71,36.9
614,43,645,0.2,671,63.04,70.0000,10.43,1.71,39.8
615,42,630,0.21,624,62.98,64.8000,10.38,1.70,39.4
616,33,495,0.24,478,62.97,49.6000,10.38,1.70,34.7
617,6,90,0.46,108,62.96,11.2000,10.37,1.70,17.7
618,7,105,0.46,108,62.96,11.2000,10.37,1.70,17.8
619,26,390,0.32,270,62.96,28.0000,10.37,1.70,29.6
620,27,405,0.32,270,62.96,28.0000,10.37,1.70,29.8
621,28,420,0.32,270,62.96,28.0000,10.37,1.70,30.1
622,29,435,0.37,189,62.96,19.6000,10.37,1.70,29.7
623,40,600,0.22,561,62.92,58.0000,10.34,1.70,37.2
624,23,345,0.4,159,62.89,16.4000,10.31,1.69,27.6
625,24,360,0.4,159,62.89,16.4000,10.31,1.69,27.8
626,25,375,0.4,159,62.89,16.4000,10.31,1.69,28.0
627,29,435,0.36,202,62.87,20.8000,10.30,1.69,30.6
628,36,540,0.23,509,62.87,52.4000,10.29,1.69,35.8
629,41,615,0.21,624,62.82,64.0000,10.26,1.69,38.6
630,8,120,0.44,121,62.81,12.4000,10.25,1.69,20.3
631,9,135,0.44,121,62.81,12.4000,10.25,1.69,20.5
632,10,150,0.44,121,62.81,12.4000,10.25,1.69,20.7
633,49,735,0.19,726,62.81,74.4000,10.25,1.69,42.6
634,50,750,0.19,726,62.81,74.4000,10.25,1.69,42.9
635,11,165,0.43,129,62.79,13.2000,10.23,1.69,21.6
636,12,180,0.43,129,62.79,13.2000,10.23,1.69,21.8
637,13,195,0.43,129,62.79,13.2000,10.23,1.69,22.0
638,14,210,0.43,129,62.79,13.2000,10.23,1.69,22.3
639,15,225,0.43,129,62.79,13.2000,10.23,1.69,22.5
640,16,240,0.42,137,62.77,14.0000,10.22,1.69,23.5
641,17,255,0.42,137,62.77,14.0000,10.22,1.69,23.7
642,18,270,0.42,137,62.77,14.0000,10.22,1.69,24.1
643,19,285,0.42,137,62.77,14.0000,10.22,1.69,24.6
644,20,300,0.42,137,62.77,14.0000,10.22,1.69,24.8
645,21,315,0.42,137,62.77,14.0000,10.22,1.69,25.4
646,22,330,0.42,137,62.77,14.0000,10.22,1.69,25.8
647,30,450,0.27,384,62.76,39.2000,10.21,1.69,32.8
648,31,465,0.27,384,62.76,39.2000,10.21,1.69,33.0
649,32,480,0.27,384,62.76,39.2000,10.21,1.69,33.4
650,38,570,0.22,561,62.75,57.2000,10.20,1.68,36.5
651,39,585,0.22,561,62.75,57.2000,10.20,1.68,36.9
652,42,630,0.2,671,62.74,68.4000,10.19,1.68,39.4
653,29,435,0.33,252,62.70,25.6000,10.16,1.68,29.8
654,48,720,0.19,726,62.67,73.6000,10.14,1.68,42.2
655,34,510,0.23,509,62.67,51.6000,10.14,1.68,35.3
656,35,525,0.23,509,62.67,51.6000,10.14,1.68,35.5
657,21,315,0.41,150,62.67,15.2000,10.13,1.68,27.1
658,22,330,0.41,150,62.67,15.2000,10.13,1.68,27.4
659,40,600,0.21,624,62.66,63.2000,10.13,1.68,38.3
660,29,435,0.29,340,62.65,34.4000,10.12,1.68,31.2
661,31,465,0.25,439,62.64,44.4000,10.11,1.68,33.6
662,32,480,0.25,439,62.64,44.4000,10.11,1.68,34.0
663,41,615,0.2,671,62.59,67.6000,10.07,1.67,38.7
664,25,375,0.32,270,62.59,27.2000,10.07,1.67,29.4
665,29,435,0.31,294,62.59,29.6000,10.07,1.67,30.2
666,21,315,0.39,171,62.57,17.2000,10.06,1.67,27.1
667,22,330,0.39,171,62.57,17.2000,10.06,1.67,27.4
668,23,345,0.38,179,62.57,18.0000,10.06,1.67,28.0
669,24,360,0.38,179,62.57,18.0000,10.06,1.67,28.2
670,25,375,0.38,179,62.57,18.0000,10.06,1.67,28.4
671,30,450,0.28,358,62.57,36.0000,10.06,1.67,32.7
672,31,465,0.28,358,62.57,36.0000,10.06,1.67,32.9
673,32,480,0.28,358,62.57,36.0000,10.06,1.67,33.3
674,37,555,0.22,561,62.57,56.4000,10.05,1.67,36.2
675,38,570,0.21,624,62.50,62.4000,10.00,1.67,37.7
676,39,585,0.21,624,62.50,62.4000,10.00,1.67,38.0
677,33,495,0.23,509,62.48,50.8000,9.98,1.66,34.9
678,40,600,0.2,671,62.44,66.8000,9.96,1.66,38.4
679,29,435,0.35,213,62.44,21.2000,9.95,1.66,30.3
680,26,390,0.37,189,62.43,18.8000,9.95,1.66,29.0
681,27,405,0.37,189,62.43,18.8000,9.95,1.66,29.2
682,28,420,0.37,189,62.43,18.8000,9.95,1.66,29.4
683,30,450,0.25,439,62.41,43.6000,9.93,1.66,33.4
684,47,705,0.19,726,62.40,72.0000,9.92,1.66,41.4
685,36,540,0.22,561,62.39,55.6000,9.91,1.66,35.8
686,30,450,0.26,412,62.38,40.8000,9.90,1.66,33.4
687,31,465,0.26,412,62.38,40.8000,9.90,1.66,33.6
688,32,480,0.26,412,62.38,40.8000,9.90,1.66,33.9
689,26,390,0.36,202,62.38,20.0000,9.90,1.66,29.8
690,27,405,0.36,202,62.38,20.0000,9.90,1.66,30.0
691,28,420,0.36,202,62.38,20.0000,9.90,1.66,30.3
692,28,420,0.29,340,62.35,33.6000,9.88,1.66,30.9
693,31,465,0.24,478,62.34,47.2000,9.87,1.66,34.1
694,32,480,0.24,478,62.34,47.2000,9.87,1.66,34.4
695,37,555,0.21,624,62.34,61.6000,9.87,1.66,37.4
696,49,735,0.18,778,62.34,76.8000,9.87,1.66,42.7
697,50,750,0.18,778,62.34,76.8000,9.87,1.66,43.0
698,26,390,0.33,252,62.30,24.8000,9.84,1.65,29.1
699,27,405,0.33,252,62.30,24.8000,9.84,1.65,29.3
700,28,420,0.33,252,62.30,24.8000,9.84,1.65,29.5
701,38,570,0.2,671,62.30,66.0000,9.84,1.65,37.8
702,39,585,0.2,671,62.30,66.0000,9.84,1.65,38.1
703,6,90,0.45,114,62.28,11.2000,9.82,1.65,18.2
704,7,105,0.45,114,62.28,11.2000,9.82,1.65,18.3
705,21,315,0.4,159,62.26,15.6000,9.81,1.65,26.8
706,22,330,0.4,159,62.26,15.6000,9.81,1.65,27.1
707,46,690,0.19,726,62.26,71.2000,9.81,1.65,41.1
708,26,390,0.31,294,62.24,28.8000,9.80,1.65,29.4
709,27,405,0.31,294,62.24,28.8000,9.80,1.65,29.6
710,28,420,0.31,294,62.24,28.8000,9.80,1.65,29.9
711,29,435,0.34,233,62.23,22.8000,9.79,1.65,30.4
712,23,345,0.32,270,62.22,26.4000,9.78,1.65,28.9
713,24,360,0.32,270,62.22,26.4000,9.78,1.65,29.1
714,48,720,0.18,778,62.21,76.0000,9.77,1.65,42.3
715,34,510,0.22,561,62.21,54.8000,9.77,1.65,35.3
716,35,525,0.22,561,62.21,54.8000,9.77,1.65,35.5
717,36,540,0.21,624,62.18,60.8000,9.74,1.64,37.0
718,37,555,0.2,671,62.15,65.2000,9.72,1.64,37.5
719,29,435,0.3,317,62.15,30.8000,9.72,1.64,31.0
720,30,450,0.24,478,62.13,46.4000,9.71,1.64,33.8
721,44,660,0.19,726,62.12,70.4000,9.70,1.64,40.4
722,45,675,0.19,726,62.12,70.4000,9.70,1.64,40.6
723,26,390,0.29,340,62.06,32.8000,9.65,1.64,30.4
724,27,405,0.29,340,62.06,32.8000,9.65,1.64,30.6
725,11,165,0.42,137,62.04,13.2000,9.64,1.63,22.3
726,12,180,0.42,137,62.04,13.2000,9.64,1.63,22.4
727,13,195,0.42,137,62.04,13.2000,9.64,1.63,22.6
728,14,210,0.42,137,62.04,13.2000,9.64,1.63,23.0
729,15,225,0.42,137,62.04,13.2000,9.64,1.63,23.2
730,5,75,0.46,108,62.04,10.4000,9.63,1.63,17.4
731,33,495,0.22,561,62.03,54.0000,9.63,1.63,35.0
732,34,510,0.21,624,62.02,60.0000,9.62,1.63,36.5
733,35,525,0.21,624,62.02,60.0000,9.62,1.63,36.7
734,8,120,0.43,129,62.02,12.4000,9.61,1.63,20.5
735,9,135,0.43,129,62.02,12.4000,9.61,1.63,20.7
736,10,150,0.43,129,62.02,12.4000,9.61,1.63,21.0
737,21,315,0.38,179,62.01,17.2000,9.61,1.63,27.2
738,22,330,0.38,179,62.01,17.2000,9.61,1.63,27.5
739,16,240,0.41,150,62.00,14.4000,9.60,1.63,25.3
740,17,255,0.41,150,62.00,14.4000,9.60,1.63,25.5
741,18,270,0.41,150,62.00,14.4000,9.60,1.63,25.9
742,19,285,0.41,150,62.00,14.4000,9.60,1.63,26.3
743,20,300,0.41,150,62.00,14.4000,9.60,1.63,26.5
744,36,540,0.2,671,62.00,64.4000,9.60,1.63,37.1
745,16,240,0.39,171,61.99,16.4000,9.59,1.63,25.4
746,17,255,0.39,171,61.99,16.4000,9.59,1.63,25.6
747,18,270,0.39,171,61.99,16.4000,9.59,1.63,25.9
748,19,285,0.39,171,61.99,16.4000,9.59,1.63,26.3
749,20,300,0.39,171,61.99,16.4000,9.59,1.63,26.5
750,6,90,0.44,121,61.98,11.6000,9.59,1.63,19.5
751,7,105,0.44,121,61.98,11.6000,9.59,1.63,19.6
752,43,645,0.19,726,61.98,69.6000,9.59,1.63,40.0
753,26,390,0.35,213,61.97,20.4000,9.58,1.63,29.5
754,27,405,0.35,213,61.97,20.4000,9.58,1.63,29.7
755,28,420,0.35,213,61.97,20.4000,9.58,1.63,30.0
756,47,705,0.18,778,61.95,74.4000,9.56,1.63,41.6
757,23,345,0.37,189,61.90,18.0000,9.52,1.62,28.4
758,24,360,0.37,189,61.90,18.0000,9.52,1.62,28.6
759,25,375,0.31,294,61.90,28.0000,9.52,1.62,29.1
760,25,375,0.33,252,61.90,24.0000,9.52,1.62,28.8
761,25,375,0.37,189,61.90,18.0000,9.52,1.62,28.8
762,31,465,0.23,509,61.89,48.4000,9.51,1.62,34.3
763,32,480,0.23,509,61.89,48.4000,9.51,1.62,34.7
764,25,375,0.36,202,61.88,19.2000,9.50,1.62,29.6
765,33,495,0.21,624,61.86,59.2000,9.49,1.62,36.2
766,34,510,0.2,671,61.85,63.6000,9.48,1.62,36.7
767,35,525,0.2,671,61.85,63.6000,9.48,1.62,36.9
768,26,390,0.3,317,61.83,30.0000,9.46,1.62,30.2
769,27,405,0.3,317,61.83,30.0000,9.46,1.62,30.5
770,28,420,0.3,317,61.83,30.0000,9.46,1.62,30.7
771,46,690,0.18,778,61.83,73.6000,9.46,1.62,41.3
772,26,390,0.34,233,61.80,22.0000,9.44,1.62,29.6
773,27,405,0.34,233,61.80,22.0000,9.44,1.62,29.8
774,28,420,0.34,233,61.80,22.0000,9.44,1.62,30.0
775,25,375,0.29,340,61.76,32.0000,9.41,1.62,30.1
776,29,435,0.28,358,61.73,33.6000,9.39,1.61,32.4
777,29,435,0.27,384,61.72,36.0000,9.37,1.61,32.4
778,42,630,0.19,726,61.71,68.0000,9.37,1.61,39.6
779,33,495,0.2,671,61.70,62.8000,9.36,1.61,36.3
780,44,660,0.18,778,61.70,72.8000,9.36,1.61,40.5
781,45,675,0.18,778,61.70,72.8000,9.36,1.61,40.8
782,30,450,0.23,509,61.69,47.6000,9.35,1.61,34.1
783,49,735,0.17,858,61.66,80.0000,9.32,1.61,43.7
784,50,750,0.17,858,61.66,80.0000,9.32,1.61,44.0
785,16,240,0.4,159,61.64,14.8000,9.31,1.61,25.0
786,17,255,0.4,159,61.64,14.8000,9.31,1.61,25.2
787,18,270,0.4,159,61.64,14.8000,9.31,1.61,25.6
788,19,285,0.4,159,61.64,14.8000,9.31,1.61,26.0
789,20,300,0.4,159,61.64,14.8000,9.31,1.61,26.2
790,49,735,0.15,1008,61.61,93.6000,9.29,1.60,44.6
791,50,750,0.15,1008,61.61,93.6000,9.29,1.60,44.9
792,41,615,0.19,726,61.57,67.2000,9.26,1.60,38.9
793,43,645,0.18,778,61.57,72.0000,9.25,1.60,40.0
794,23,345,0.31,294,61.56,27.2000,9.25,1.60,28.7
795,24,360,0.31,294,61.56,27.2000,9.25,1.60,28.9
796,49,735,0.16,926,61.56,85.6000,9.24,1.60,44.0
797,50,750,0.16,926,61.56,85.6000,9.24,1.60,44.3
798,48,720,0.17,858,61.54,79.2000,9.23,1.60,43.3
799,25,375,0.3,317,61.51,29.2000,9.21,1.60,30.0
800,23,345,0.33,252,61.51,23.2000,9.21,1.60,28.3
801,24,360,0.33,252,61.51,23.2000,9.21,1.60,28.5
802,48,720,0.15,1008,61.51,92.8000,9.21,1.60,44.3
803,29,435,0.25,439,61.50,40.4000,9.20,1.60,33.0
804,25,375,0.35,213,61.50,19.6000,9.20,1.60,29.3
805,31,465,0.22,561,61.50,51.6000,9.20,1.60,34.4
806,32,480,0.22,561,61.50,51.6000,9.20,1.60,34.7
807,21,315,0.32,270,61.48,24.8000,9.19,1.60,28.1
808,22,330,0.32,270,61.48,24.8000,9.19,1.60,28.5
809,23,345,0.29,340,61.47,31.2000,9.18,1.60,29.6
810,24,360,0.29,340,61.47,31.2000,9.18,1.60,29.8
811,16,240,0.38,179,61.45,16.4000,9.16,1.59,25.5
812,17,255,0.38,179,61.45,16.4000,9.16,1.59,25.7
813,18,270,0.38,179,61.45,16.4000,9.16,1.59,26.1
814,19,285,0.38,179,61.45,16.4000,9.16,1.59,26.5
815,20,300,0.38,179,61.45,16.4000,9.16,1.59,26.6
816,28,420,0.28,358,61.45,32.8000,9.16,1.59,32.1
817,48,720,0.16,926,61.45,84.8000,9.16,1.59,43.7
818,40,600,0.19,726,61.43,66.4000,9.15,1.59,38.6
819,29,435,0.26,412,61.41,37.6000,9.13,1.59,33.0
820,5,75,0.45,114,61.40,10.4000,9.12,1.59,17.9
821,11,165,0.39,171,61.40,15.6000,9.12,1.59,23.9
822,12,180,0.39,171,61.40,15.6000,9.12,1.59,24.1
823,13,195,0.39,171,61.40,15.6000,9.12,1.59,24.6
824,14,210,0.39,171,61.40,15.6000,9.12,1.59,24.9
825,15,225,0.39,171,61.40,15.6000,9.12,1.59,25.1
826,23,345,0.36,202,61.39,18.4000,9.11,1.59,29.1
827,24,360,0.36,202,61.39,18.4000,9.11,1.59,29.3
828,31,465,0.21,624,61.38,56.8000,9.10,1.59,35.6
829,32,480,0.21,624,61.38,56.8000,9.10,1.59,35.9
830,21,315,0.37,189,61.38,17.2000,9.10,1.59,27.6
831,22,330,0.37,189,61.38,17.2000,9.10,1.59,27.9
832,25,375,0.34,233,61.37,21.2000,9.10,1.59,29.3
833,11,165,0.41,150,61.33,13.6000,9.07,1.59,23.8
834,12,180,0.41,150,61.33,13.6000,9.07,1.59,23.9
835,13,195,0.41,150,61.33,13.6000,9.07,1.59,24.5
836,14,210,0.41,150,61.33,13.6000,9.07,1.59,24.8
837,15,225,0.41,150,61.33,13.6000,9.07,1.59,25.0
838,30,450,0.22,561,61.32,50.8000,9.06,1.59,34.2
839,8,120,0.42,137,61.31,12.4000,9.05,1.58,21.2
840,9,135,0.42,137,61.31,12.4000,9.05,1.58,21.4
841,10,150,0.42,137,61.31,12.4000,9.05,1.58,21.6
842,42,630,0.18,778,61.31,70.4000,9.05,1.58,39.7
843,47,705,0.15,1008,61.31,91.2000,9.05,1.58,43.6
844,47,705,0.17,858,61.31,77.6000,9.04,1.58,42.6
845,49,735,0.14,1088,61.31,98.4000,9.04,1.58,45.2
846,50,750,0.14,1088,61.31,98.4000,9.04,1.58,45.5
847,29,435,0.24,478,61.30,43.2000,9.04,1.58,33.4
848,39,585,0.19,726,61.29,65.6000,9.04,1.58,38.3
849,31,465,0.2,671,61.25,60.4000,9.00,1.58,35.7
850,32,480,0.2,671,61.25,60.4000,9.00,1.58,36.0
851,6,90,0.43,129,61.24,11.6000,8.99,1.58,19.8
852,7,105,0.43,129,61.24,11.6000,8.99,1.58,19.9
853,47,705,0.16,926,61.23,83.2000,8.98,1.58,42.9
854,30,450,0.21,624,61.22,56.0000,8.97,1.58,35.4
855,48,720,0.14,1088,61.21,97.6000,8.97,1.58,44.9
856,23,345,0.3,317,61.20,28.4000,8.96,1.58,29.4
857,24,360,0.3,317,61.20,28.4000,8.96,1.58,29.6
858,28,420,0.27,384,61.20,34.4000,8.96,1.58,32.0
859,46,690,0.17,858,61.19,76.8000,8.95,1.58,42.3
860,41,615,0.18,778,61.18,69.6000,8.95,1.58,39.0
861,26,390,0.28,358,61.17,32.0000,8.94,1.58,31.6
862,27,405,0.28,358,61.17,32.0000,8.94,1.58,31.8
863,50,750,0.13,1174,61.16,104.8000,8.93,1.57,45.7
864,5,75,0.44,121,61.16,10.8000,8.93,1.57,19.2
865,38,570,0.19,726,61.16,64.8000,8.93,1.57,38.0
866,50,750,0.12,1281,61.12,114.0000,8.90,1.57,46.2
867,46,690,0.16,926,61.12,82.4000,8.90,1.57,42.7
868,4,60,0.46,108,61.11,9.6000,8.89,1.57,16.6
869,19,285,0.32,270,61.11,24.0000,8.89,1.57,27.4
870,20,300,0.32,270,61.11,24.0000,8.89,1.57,27.7
871,46,690,0.15,1008,61.11,89.6000,8.89,1.57,43.3
872,30,450,0.2,671,61.10,59.6000,8.88,1.57,35.5
873,49,735,0.13,1174,61.07,104.0000,8.86,1.57,45.4
874,40,600,0.18,778,61.05,68.8000,8.84,1.57,38.7
875,28,420,0.25,439,61.05,38.8000,8.84,1.57,32.6
876,49,735,0.12,1281,61.05,113.2000,8.84,1.57,45.9
877,23,345,0.35,213,61.03,18.8000,8.83,1.57,28.7
878,24,360,0.35,213,61.03,18.8000,8.83,1.57,29.0
879,47,705,0.14,1088,61.03,96.0000,8.82,1.57,44.2
880,37,555,0.19,726,61.02,64.0000,8.82,1.57,37.8
881,11,165,0.4,159,61.01,14.0000,8.81,1.56,23.5
882,12,180,0.4,159,61.01,14.0000,8.81,1.56,23.6
883,13,195,0.4,159,61.01,14.0000,8.81,1.56,24.2
884,14,210,0.4,159,61.01,14.0000,8.81,1.56,24.5
885,15,225,0.4,159,61.01,14.0000,8.81,1.56,24.7
886,48,720,0.13,1174,60.99,103.2000,8.79,1.56,45.1
887,48,720,0.12,1281,60.97,112.4000,8.77,1.56,45.6
888,44,660,0.17,858,60.96,75.2000,8.76,1.56,41.4
889,45,675,0.17,858,60.96,75.2000,8.76,1.56,41.8
890,23,345,0.34,233,60.94,20.4000,8.76,1.56,28.8
891,24,360,0.34,233,60.94,20.4000,8.76,1.56,29.0
892,50,750,0.11,1380,60.94,120.8000,8.75,1.56,46.6
893,26,390,0.27,384,60.94,33.6000,8.75,1.56,31.5
894,27,405,0.27,384,60.94,33.6000,8.75,1.56,31.7
895,39,585,0.18,778,60.93,68.0000,8.74,1.56,38.4
896,28,420,0.26,412,60.92,36.0000,8.74,1.56,32.6
897,45,675,0.15,1008,60.91,88.0000,8.73,1.56,42.9
898,45,675,0.16,926,60.91,80.8000,8.73,1.56,42.2
899,29,435,0.23,509,60.90,44.4000,8.72,1.56,33.7
900,11,165,0.38,179,60.89,15.6000,8.72,1.56,24.1
901,12,180,0.38,179,60.89,15.6000,8.72,1.56,24.3
902,13,195,0.38,179,60.89,15.6000,8.72,1.56,24.8
903,14,210,0.38,179,60.89,15.6000,8.72,1.56,25.1
904,15,225,0.38,179,60.89,15.6000,8.72,1.56,25.2
905,25,375,0.28,358,60.89,31.2000,8.72,1.56,31.3
906,21,315,0.31,294,60.88,25.6000,8.71,1.56,27.9
907,22,330,0.31,294,60.88,25.6000,8.71,1.56,28.2
908,21,315,0.29,340,60.88,29.6000,8.71,1.56,28.9
909,22,330,0.29,340,60.88,29.6000,8.71,1.56,29.2
910,36,540,0.19,726,60.88,63.2000,8.71,1.56,37.4
911,49,735,0.11,1380,60.87,120.0000,8.70,1.56,46.3
912,19,285,0.37,189,60.85,16.4000,8.68,1.55,26.9
913,20,300,0.37,189,60.85,16.4000,8.68,1.55,27.1
914,46,690,0.14,1088,60.85,94.4000,8.68,1.55,43.9
915,43,645,0.17,858,60.84,74.4000,8.67,1.55,41.0
916,26,390,0.25,439,60.82,38.0000,8.66,1.55,32.1
917,27,405,0.25,439,60.82,38.0000,8.66,1.55,32.3
918,47,705,0.13,1174,60.82,101.6000,8.65,1.55,44.4
919,50,750,0.1,1475,60.81,127.6000,8.65,1.55,47.5
920,44,660,0.15,1008,60.81,87.2000,8.65,1.55,42.4
921,44,660,0.16,926,60.80,80.0000,8.64,1.55,41.8
922,48,720,0.11,1380,60.80,119.2000,8.64,1.55,45.9
923,38,570,0.18,778,60.80,67.2000,8.64,1.55,38.2
924,49,735,0.1,1475,60.75,126.8000,8.60,1.55,47.2
925,34,510,0.19,726,60.74,62.4000,8.60,1.55,36.8
926,35,525,0.19,726,60.74,62.4000,8.60,1.55,37.1
927,16,240,0.32,270,60.74,23.2000,8.59,1.55,26.4
928,17,255,0.32,270,60.74,23.2000,8.59,1.55,26.6
929,18,270,0.32,270,60.74,23.2000,8.59,1.55,26.9
930,47,705,0.12,1281,60.73,110.0000,8.59,1.55,44.9
931,21,315,0.33,252,60.71,21.6000,8.57,1.55,27.5
932,22,330,0.33,252,60.71,21.6000,8.57,1.55,27.9
933,26,390,0.26,412,60.68,35.2000,8.54,1.54,32.1
934,27,405,0.26,412,60.68,35.2000,8.54,1.54,32.3
935,28,420,0.24,478,60.67,40.8000,8.54,1.54,33.0
936,37,555,0.18,778,60.67,66.4000,8.53,1.54,37.9
937,43,645,0.15,1008,60.62,85.6000,8.49,1.54,41.9
938,23,345,0.28,358,60.61,30.4000,8.49,1.54,30.8
939,24,360,0.28,358,60.61,30.4000,8.49,1.54,31.0
940,48,720,0.1,1475,60.61,125.2000,8.49,1.54,46.9
941,33,495,0.19,726,60.61,61.6000,8.48,1.54,36.4
942,42,630,0.17,858,60.61,72.8000,8.48,1.54,40.7
943,19,285,0.29,340,60.59,28.8000,8.47,1.54,28.3
944,20,300,0.29,340,60.59,28.8000,8.47,1.54,28.5
945,6,90,0.42,137,60.58,11.6000,8.47,1.54,20.5
946,7,105,0.42,137,60.58,11.6000,8.47,1.54,20.6
947,43,645,0.16,926,60.58,78.4000,8.47,1.54,41.3
948,47,705,0.11,1380,60.58,116.8000,8.46,1.54,45.3
949,45,675,0.14,1088,60.57,92.0000,8.46,1.54,43.5
950,21,315,0.3,317,60.57,26.8000,8.45,1.54,28.7
951,22,330,0.3,317,60.57,26.8000,8.45,1.54,29.0
952,46,690,0.13,1174,60.56,99.2000,8.45,1.54,44.1
953,19,285,0.31,294,60.54,24.8000,8.44,1.53,27.2
954,20,300,0.31,294,60.54,24.8000,8.44,1.53,27.5
955,36,540,0.18,778,60.54,65.6000,8.43,1.53,37.5
956,4,60,0.45,114,60.53,9.6000,8.42,1.53,17.1
957,41,615,0.17,858,60.49,72.0000,8.39,1.53,40.1
958,44,660,0.14,1088,60.48,91.2000,8.38,1.53,43.1
959,5,75,0.43,129,60.47,10.8000,8.37,1.53,19.5
960,26,390,0.24,478,60.46,40.0000,8.37,1.53,32.5
961,27,405,0.24,478,60.46,40.0000,8.37,1.53,32.8
962,29,435,0.22,561,60.43,46.8000,8.34,1.53,33.7
963,46,690,0.12,1281,60.42,106.8000,8.34,1.53,44.6
964,25,375,0.27,384,60.42,32.0000,8.33,1.53,31.2
965,29,435,0.21,624,60.42,52.0000,8.33,1.53,35.0
966,42,630,0.15,1008,60.42,84.0000,8.33,1.53,41.6
967,34,510,0.18,778,60.41,64.8000,8.33,1.53,36.9
968,35,525,0.18,778,60.41,64.8000,8.33,1.53,37.2
969,47,705,0.1,1475,60.41,122.8000,8.33,1.53,46.3
970,21,315,0.36,202,60.40,16.8000,8.32,1.52,28.4
971,22,330,0.36,202,60.40,16.8000,8.32,1.52,28.6
972,40,600,0.17,858,60.37,71.2000,8.30,1.52,39.8
973,11,165,0.32,270,60.37,22.4000,8.30,1.52,25.1
974,12,180,0.32,270,60.37,22.4000,8.30,1.52,25.3
975,13,195,0.32,270,60.37,22.4000,8.30,1.52,25.7
976,14,210,0.32,270,60.37,22.4000,8.30,1.52,25.9
977,15,225,0.32,270,60.37,22.4000,8.30,1.52,26.1
978,42,630,0.16,926,60.37,76.8000,8.29,1.52,40.9
979,25,375,0.25,439,60.36,36.4000,8.29,1.52,31.8
980,29,435,0.2,671,60.36,55.6000,8.29,1.52,34.9
981,4,60,0.44,121,60.33,10.0000,8.26,1.52,18.5
982,16,240,0.37,189,60.32,15.6000,8.25,1.52,25.8
983,17,255,0.37,189,60.32,15.6000,8.25,1.52,26.0
984,18,270,0.37,189,60.32,15.6000,8.25,1.52,26.3
985,19,285,0.33,252,60.32,20.8000,8.25,1.52,26.8
986,20,300,0.33,252,60.32,20.8000,8.25,1.52,27.0
987,41,615,0.15,1008,60.32,83.2000,8.25,1.52,41.1
988,28,420,0.23,509,60.31,42.0000,8.25,1.52,33.3
989,45,675,0.13,1174,60.31,96.8000,8.25,1.52,43.7
990,17,255,0.29,340,60.29,28.0000,8.24,1.52,27.6
991,18,270,0.29,340,60.29,28.0000,8.24,1.52,27.9
992,43,645,0.14,1088,60.29,89.6000,8.24,1.52,42.6
993,46,690,0.11,1380,60.29,113.6000,8.23,1.52,45.0
994,33,495,0.18,778,60.28,64.0000,8.23,1.52,36.6
995,41,615,0.16,926,60.26,76.0000,8.21,1.52,40.3
996,39,585,0.17,858,60.26,70.4000,8.21,1.52,39.5
997,19,285,0.3,317,60.25,26.0000,8.20,1.52,28.0
998,20,300,0.3,317,60.25,26.0000,8.20,1.52,28.3
999,10,150,0.39,171,60.23,14.0000,8.19,1.51,23.3
1000,44,660,0.13,1174,60.22,96.0000,8.18,1.51,43.2
1001,40,600,0.15,1008,60.22,82.4000,8.17,1.51,40.8
1002,16,240,0.31,294,60.20,24.0000,8.16,1.51,26.2
1003,17,255,0.31,294,60.20,24.0000,8.16,1.51,26.5
1004,18,270,0.31,294,60.20,24.0000,8.16,1.51,26.7
1005,25,375,0.26,412,60.19,33.6000,8.16,1.51,31.8
1006,31,465,0.19,726,60.19,59.2000,8.15,1.51,35.9
1007,32,480,0.19,726,60.19,59.2000,8.15,1.51,36.2
1008,45,675,0.12,1281,60.19,104.4000,8.15,1.51,44.2
1009,3,45,0.46,108,60.19,8.8000,8.15,1.51,16.2
1010,23,345,0.27,384,60.16,31.2000,8.12,1.51,30.7
1011,24,360,0.27,384,60.16,31.2000,8.12,1.51,30.9
1012,40,600,0.16,926,60.15,75.2000,8.12,1.51,40.1
1013,38,570,0.17,858,60.14,69.6000,8.11,1.51,39.2
1014,23,345,0.25,439,60.14,35.6000,8.11,1.51,31.2
1015,24,360,0.25,439,60.14,35.6000,8.11,1.51,31.5
1016,46,690,0.1,1475,60.14,119.6000,8.11,1.51,45.9
1017,39,585,0.15,1008,60.12,81.6000,8.10,1.51,40.5
1018,26,390,0.23,509,60.12,41.2000,8.09,1.51,32.8
1019,27,405,0.23,509,60.12,41.2000,8.09,1.51,33.0
1020,44,660,0.12,1281,60.11,103.6000,8.09,1.51,43.7
1021,21,315,0.35,213,60.09,17.2000,8.08,1.51,28.0
1022,22,330,0.35,213,60.09,17.2000,8.08,1.51,28.2
1023,21,315,0.34,233,60.09,18.8000,8.07,1.51,28.1
1024,22,330,0.34,233,60.09,18.8000,8.07,1.51,28.4
1025,45,675,0.11,1380,60.07,111.2000,8.06,1.50,44.6
1026,21,315,0.28,358,60.06,28.8000,8.04,1.50,29.8
1027,22,330,0.28,358,60.06,28.8000,8.04,1.50,30.4
1028,30,450,0.19,726,60.06,58.4000,8.04,1.50,35.7
1029,43,645,0.13,1174,60.05,94.4000,8.04,1.50,42.8
1030,39,585,0.16,926,60.04,74.4000,8.03,1.50,39.8
1031,25,375,0.24,478,60.04,38.4000,8.03,1.50,32.2
1032,37,555,0.17,858,60.02,68.8000,8.02,1.50,39.0
1033,38,570,0.15,1008,60.02,80.8000,8.02,1.50,40.2
1034,42,630,0.14,1088,60.02,87.2000,8.01,1.50,42.2
1035,8,120,0.41,150,60.00,12.0000,8.00,1.50,22.8
1036,9,135,0.41,150,60.00,12.0000,8.00,1.50,23.0
1037,10,150,0.41,150,60.00,12.0000,8.00,1.50,23.2
1038,16,240,0.29,340,60.00,27.2000,8.00,1.50,27.3
1039,44,660,0.11,1380,60.00,110.4000,8.00,1.50,44.2
1040,43,645,0.12,1281,59.95,102.0000,7.96,1.50,43.3
1041,23,345,0.26,412,59.95,32.8000,7.96,1.50,31.3
1042,24,360,0.26,412,59.95,32.8000,7.96,1.50,31.5
1043,16,240,0.3,317,59.94,25.2000,7.95,1.50,27.1
1044,17,255,0.3,317,59.94,25.2000,7.95,1.50,27.3
1045,18,270,0.3,317,59.94,25.2000,7.95,1.50,27.6
1046,28,420,0.21,624,59.94,49.6000,7.95,1.50,34.3
1047,38,570,0.16,926,59.94,73.6000,7.95,1.50,39.5
1048,41,615,0.14,1088,59.93,86.4000,7.94,1.50,41.7
1049,16,240,0.33,252,59.92,20.0000,7.94,1.50,25.8
1050,17,255,0.33,252,59.92,20.0000,7.94,1.50,25.9
1051,18,270,0.33,252,59.92,20.0000,7.94,1.50,26.2
1052,37,555,0.15,1008,59.92,80.0000,7.94,1.50,39.9
1053,28,420,0.2,671,59.91,53.2000,7.93,1.49,34.2
1054,36,540,0.17,858,59.91,68.0000,7.93,1.49,38.6
1055,19,285,0.36,202,59.90,16.0000,7.92,1.49,27.6
1056,20,300,0.36,202,59.90,16.0000,7.92,1.49,27.8
1057,28,420,0.22,561,59.89,44.4000,7.91,1.49,33.3
1058,45,675,0.1,1475,59.86,116.4000,7.89,1.49,45.5
1059,11,165,0.31,294,59.86,23.2000,7.89,1.49,24.8
1060,12,180,0.31,294,59.86,23.2000,7.89,1.49,25.0
1061,13,195,0.31,294,59.86,23.2000,7.89,1.49,25.4
1062,14,210,0.31,294,59.86,23.2000,7.89,1.49,25.6
1063,15,225,0.31,294,59.86,23.2000,7.89,1.49,25.8
1064,43,645,0.11,1380,59.86,108.8000,7.88,1.49,43.8
1065,5,75,0.42,137,59.85,10.8000,7.88,1.49,20.3
1066,40,600,0.14,1088,59.83,85.6000,7.87,1.49,41.4
1067,23,345,0.24,478,59.83,37.6000,7.87,1.49,31.6
1068,24,360,0.24,478,59.83,37.6000,7.87,1.49,31.9
1069,37,555,0.16,926,59.83,72.8000,7.86,1.49,39.2
1070,44,660,0.1,1475,59.80,115.6000,7.84,1.49,45.1
1071,42,630,0.13,1174,59.80,92.0000,7.84,1.49,42.4
1072,34,510,0.17,858,59.79,67.2000,7.83,1.49,38.1
1073,35,525,0.17,858,59.79,67.2000,7.83,1.49,38.3
1074,11,165,0.37,189,59.79,14.8000,7.83,1.49,24.5
1075,12,180,0.37,189,59.79,14.8000,7.83,1.49,24.6
1076,13,195,0.37,189,59.79,14.8000,7.83,1.49,25.1
1077,14,210,0.37,189,59.79,14.8000,7.83,1.49,25.3
1078,15,225,0.37,189,59.79,14.8000,7.83,1.49,25.5
1079,10,150,0.38,179,59.78,14.0000,7.82,1.49,23.5
1080,27,405,0.21,624,59.78,48.8000,7.82,1.49,34.0
1081,31,465,0.18,778,59.77,60.8000,7.81,1.49,36.0
1082,32,480,0.18,778,59.77,60.8000,7.81,1.49,36.3
1083,27,405,0.2,671,59.76,52.4000,7.81,1.49,33.9
1084,10,150,0.4,159,59.75,12.4000,7.80,1.48,22.8
1085,39,585,0.14,1088,59.74,84.8000,7.79,1.48,41.2
1086,25,375,0.23,509,59.72,39.6000,7.78,1.48,32.5
1087,36,540,0.15,1008,59.72,78.4000,7.78,1.48,39.5
1088,36,540,0.16,926,59.72,72.0000,7.78,1.48,38.9
1089,42,630,0.12,1281,59.72,99.6000,7.78,1.48,43.0
1090,26,390,0.22,561,59.71,43.6000,7.77,1.48,32.8
1091,27,405,0.22,561,59.71,43.6000,7.77,1.48,33.0
1092,41,615,0.13,1174,59.71,91.2000,7.77,1.48,41.9
1093,11,165,0.29,340,59.71,26.4000,7.76,1.48,25.8
1094,12,180,0.29,340,59.71,26.4000,7.76,1.48,26.0
1095,13,195,0.29,340,59.71,26.4000,7.76,1.48,26.5
1096,14,210,0.29,340,59.71,26.4000,7.76,1.48,26.7
1097,15,225,0.29,340,59.71,26.4000,7.76,1.48,26.9
1098,4,60,0.43,129,59.69,10.0000,7.75,1.48,18.8
1099,22,330,0.25,439,59.68,34.0000,7.74,1.48,30.9
1100,33,495,0.17,858,59.67,66.4000,7.74,1.48,37.7
1101,43,645,0.1,1475,59.66,114.0000,7.73,1.48,44.7
1102,19,285,0.34,233,59.66,18.0000,7.73,1.48,27.2
1103,20,300,0.34,233,59.66,18.0000,7.73,1.48,27.5
1104,38,570,0.14,1088,59.65,84.0000,7.72,1.48,40.9
1105,3,45,0.45,114,59.65,8.8000,7.72,1.48,16.8
1106,9,135,0.39,171,59.65,13.2000,7.72,1.48,23.0
1107,30,450,0.18,778,59.64,60.0000,7.71,1.48,35.8
1108,42,630,0.11,1380,59.64,106.4000,7.71,1.48,43.4
1109,21,315,0.27,384,59.64,29.6000,7.71,1.48,29.7
1110,22,330,0.27,384,59.64,29.6000,7.71,1.48,30.3
1111,10,150,0.32,270,59.63,20.8000,7.70,1.48,23.7
1112,19,285,0.35,213,59.62,16.4000,7.70,1.48,27.2
1113,20,300,0.35,213,59.62,16.4000,7.70,1.48,27.4
1114,34,510,0.15,1008,59.62,77.6000,7.70,1.48,39.0
1115,35,525,0.15,1008,59.62,77.6000,7.70,1.48,39.2
1116,11,165,0.3,317,59.62,24.4000,7.70,1.48,25.6
1117,12,180,0.3,317,59.62,24.4000,7.70,1.48,25.8
1118,13,195,0.3,317,59.62,24.4000,7.70,1.48,26.3
1119,14,210,0.3,317,59.62,24.4000,7.70,1.48,26.5
1120,15,225,0.3,317,59.62,24.4000,7.70,1.48,26.7
1121,26,390,0.21,624,59.62,48.0000,7.69,1.48,33.7
1122,26,390,0.2,671,59.61,51.6000,7.69,1.48,33.6
1123,34,510,0.16,926,59.61,71.2000,7.69,1.48,38.3
1124,35,525,0.16,926,59.61,71.2000,7.69,1.48,38.6
1125,41,615,0.12,1281,59.56,98.0000,7.65,1.47,42.5
1126,37,555,0.14,1088,59.56,83.2000,7.65,1.47,40.6
1127,40,600,0.13,1174,59.54,89.6000,7.63,1.47,41.6
1128,23,345,0.23,509,59.53,38.8000,7.62,1.47,32.0
1129,24,360,0.23,509,59.53,38.8000,7.62,1.47,32.3
1130,11,165,0.33,252,59.52,19.2000,7.62,1.47,24.3
1131,12,180,0.33,252,59.52,19.2000,7.62,1.47,24.5
1132,13,195,0.33,252,59.52,19.2000,7.62,1.47,24.9
1133,14,210,0.33,252,59.52,19.2000,7.62,1.47,25.2
1134,15,225,0.33,252,59.52,19.2000,7.62,1.47,25.4
1135,33,495,0.15,1008,59.52,76.8000,7.62,1.47,38.7
1136,3,45,0.44,121,59.50,9.2000,7.60,1.47,18.2
1137,33,495,0.16,926,59.50,70.4000,7.60,1.47,38.0
1138,19,285,0.28,358,59.50,27.2000,7.60,1.47,29.1
1139,20,300,0.28,358,59.50,27.2000,7.60,1.47,29.3
1140,41,615,0.11,1380,59.49,104.8000,7.59,1.47,42.9
1141,22,330,0.26,412,59.47,31.2000,7.57,1.47,30.9
1142,42,630,0.1,1475,59.46,111.6000,7.57,1.47,44.4
1143,39,585,0.13,1174,59.45,88.8000,7.56,1.47,41.4
1144,21,315,0.25,439,59.45,33.2000,7.56,1.47,30.1
1145,16,240,0.36,202,59.41,15.2000,7.52,1.46,26.5
1146,17,255,0.36,202,59.41,15.2000,7.52,1.46,26.7
1147,18,270,0.36,202,59.41,15.2000,7.52,1.46,27.0
1148,38,570,0.13,1174,59.37,88.0000,7.50,1.46,41.1
1149,29,435,0.19,726,59.37,54.4000,7.49,1.46,35.0
1150,25,375,0.22,561,59.36,42.0000,7.49,1.46,32.6
1151,6,90,0.41,150,59.33,11.2000,7.47,1.46,22.1
1152,7,105,0.41,150,59.33,11.2000,7.47,1.46,22.3
1153,40,600,0.12,1281,59.33,95.6000,7.46,1.46,42.2
1154,25,375,0.2,671,59.31,50.0000,7.45,1.46,33.4
1155,25,375,0.21,624,59.29,46.4000,7.44,1.46,33.5
1156,37,555,0.13,1174,59.28,87.2000,7.43,1.46,40.8
1157,36,540,0.14,1088,59.28,80.8000,7.43,1.46,40.2
1158,40,600,0.11,1380,59.28,102.4000,7.42,1.46,42.6
1159,0,0,0.46,108,59.26,8.0000,7.41,1.45,15.5
1160,1,15,0.46,108,59.26,8.0000,7.41,1.45,15.6
1161,2,30,0.46,108,59.26,8.0000,7.41,1.45,15.7
1162,41,615,0.1,1475,59.25,109.2000,7.40,1.45,43.9
1163,16,240,0.34,233,59.23,17.2000,7.38,1.45,26.2
1164,17,255,0.34,233,59.23,17.2000,7.38,1.45,26.4
1165,18,270,0.34,233,59.23,17.2000,7.38,1.45,26.7
1166,21,315,0.26,412,59.22,30.4000,7.38,1.45,30.3
1167,9,135,0.38,179,59.22,13.2000,7.37,1.45,23.3
1168,17,255,0.28,358,59.22,26.4000,7.37,1.45,28.4
1169,18,270,0.28,358,59.22,26.4000,7.37,1.45,28.7
1170,22,330,0.24,478,59.21,35.2000,7.36,1.45,31.3
1171,34,510,0.14,1088,59.19,80.0000,7.35,1.45,39.6
1172,35,525,0.14,1088,59.19,80.0000,7.35,1.45,39.9
1173,10,150,0.31,294,59.18,21.6000,7.35,1.45,23.5
1174,23,345,0.22,561,59.18,41.2000,7.34,1.45,32.0
1175,24,360,0.22,561,59.18,41.2000,7.34,1.45,32.3
1176,39,585,0.12,1281,59.17,94.0000,7.34,1.45,41.9
1177,23,345,0.2,671,59.17,49.2000,7.33,1.45,32.8
1178,24,360,0.2,671,59.17,49.2000,7.33,1.45,33.1
1179,16,240,0.35,213,59.15,15.6000,7.32,1.45,26.1
1180,17,255,0.35,213,59.15,15.6000,7.32,1.45,26.3
1181,18,270,0.35,213,59.15,15.6000,7.32,1.45,26.6
1182,23,345,0.21,624,59.13,45.6000,7.31,1.45,32.9
1183,24,360,0.21,624,59.13,45.6000,7.31,1.45,33.2
1184,39,585,0.11,1380,59.13,100.8000,7.30,1.45,42.3
1185,4,60,0.42,137,59.12,10.0000,7.30,1.45,19.6
1186,8,120,0.4,159,59.12,11.6000,7.30,1.45,22.3
1187,9,135,0.4,159,59.12,11.6000,7.30,1.45,22.5
1188,10,150,0.29,340,59.12,24.8000,7.29,1.45,24.7
1189,19,285,0.27,384,59.11,28.0000,7.29,1.45,29.0
1190,20,300,0.27,384,59.11,28.0000,7.29,1.45,29.2
1191,33,495,0.14,1088,59.10,79.2000,7.28,1.44,39.3
1192,38,570,0.12,1281,59.09,93.2000,7.28,1.44,41.6
1193,31,465,0.17,858,59.09,62.4000,7.27,1.44,37.1
1194,32,480,0.17,858,59.09,62.4000,7.27,1.44,37.4
1195,8,120,0.39,171,59.06,12.4000,7.25,1.44,22.7
1196,38,570,0.11,1380,59.06,100.0000,7.25,1.44,42.0
1197,40,600,0.1,1475,59.05,106.8000,7.24,1.44,43.6
1198,36,540,0.13,1174,59.03,84.8000,7.22,1.44,40.4
1199,31,465,0.15,1008,59.03,72.8000,7.22,1.44,38.1
1200,32,480,0.15,1008,59.03,72.8000,7.22,1.44,38.4
1201,37,555,0.12,1281,59.02,92.4000,7.21,1.44,41.3
1202,19,285,0.25,439,59.00,31.6000,7.20,1.44,29.5
1203,20,300,0.25,439,59.00,31.6000,7.20,1.44,29.7
1204,29,435,0.18,778,59.00,56.0000,7.20,1.44,35.1
1205,21,315,0.24,478,59.00,34.4000,7.20,1.44,30.3
1206,10,150,0.3,317,58.99,22.8000,7.19,1.44,24.4
1207,30,450,0.17,858,58.97,61.6000,7.18,1.44,36.9
1208,31,465,0.16,926,58.96,66.4000,7.17,1.44,37.4
1209,32,480,0.16,926,58.96,66.4000,7.17,1.44,37.7
1210,28,420,0.19,726,58.95,52.0000,7.16,1.44,34.3
1211,34,510,0.13,1174,58.94,84.0000,7.16,1.44,39.9
1212,35,525,0.13,1174,58.94,84.0000,7.16,1.44,40.1
1213,22,330,0.23,509,58.94,36.4000,7.15,1.44,31.6
1214,16,240,0.28,358,58.94,25.6000,7.15,1.44,28.1
1215,39,585,0.1,1475,58.92,105.2000,7.13,1.43,43.3
1216,3,45,0.43,129,58.91,9.2000,7.13,1.43,18.6
1217,37,555,0.11,1380,58.91,98.4000,7.13,1.43,41.7
1218,11,165,0.36,202,58.91,14.4000,7.13,1.43,25.2
1219,12,180,0.36,202,58.91,14.4000,7.13,1.43,25.4
1220,13,195,0.36,202,58.91,14.4000,7.13,1.43,25.8
1221,14,210,0.36,202,58.91,14.4000,7.13,1.43,26.1
1222,15,225,0.36,202,58.91,14.4000,7.13,1.43,26.3
1223,9,135,0.32,270,58.89,19.2000,7.11,1.43,23.2
1224,33,495,0.13,1174,58.86,83.2000,7.09,1.43,39.6
1225,17,255,0.27,384,58.85,27.2000,7.08,1.43,28.4
1226,18,270,0.27,384,58.85,27.2000,7.08,1.43,28.6
1227,30,450,0.15,1008,58.83,71.2000,7.06,1.43,37.9
1228,27,405,0.19,726,58.82,51.2000,7.05,1.43,34.0
1229,11,165,0.34,233,58.80,16.4000,7.04,1.43,24.8
1230,12,180,0.34,233,58.80,16.4000,7.04,1.43,24.9
1231,13,195,0.34,233,58.80,16.4000,7.04,1.43,25.4
1232,14,210,0.34,233,58.80,16.4000,7.04,1.43,25.6
1233,15,225,0.34,233,58.80,16.4000,7.04,1.43,25.8
1234,38,570,0.1,1475,58.78,103.6000,7.02,1.43,43.0
1235,0,0,0.45,114,58.77,8.0000,7.02,1.43,16.1
1236,1,15,0.45,114,58.77,8.0000,7.02,1.43,16.2
1237,2,30,0.45,114,58.77,8.0000,7.02,1.43,16.3
1238,17,255,0.25,439,58.77,30.8000,7.02,1.43,28.9
1239,18,270,0.25,439,58.77,30.8000,7.02,1.43,29.1
1240,30,450,0.16,926,58.75,64.8000,7.00,1.42,37.1
1241,19,285,0.26,412,58.74,28.8000,6.99,1.42,29.6
1242,20,300,0.26,412,58.74,28.8000,6.99,1.42,29.9
1243,10,150,0.33,252,58.73,17.6000,6.98,1.42,23.5
1244,10,150,0.37,189,58.73,13.2000,6.98,1.42,23.5
1245,22,330,0.2,671,58.72,46.8000,6.97,1.42,32.5
1246,36,540,0.12,1281,58.70,89.2000,6.96,1.42,40.9
1247,11,165,0.35,213,58.69,14.8000,6.95,1.42,24.8
1248,12,180,0.35,213,58.69,14.8000,6.95,1.42,24.9
1249,13,195,0.35,213,58.69,14.8000,6.95,1.42,25.4
1250,14,210,0.35,213,58.69,14.8000,6.95,1.42,25.7
1251,15,225,0.35,213,58.69,14.8000,6.95,1.42,25.9
1252,0,0,0.44,121,58.68,8.4000,6.94,1.42,17.6
1253,1,15,0.44,121,58.68,8.4000,6.94,1.42,17.6
1254,2,30,0.44,121,58.68,8.4000,6.94,1.42,17.8
1255,26,390,0.19,726,58.68,50.4000,6.94,1.42,33.7
1256,5,75,0.41,150,58.67,10.4000,6.93,1.42,21.9
1257,8,120,0.38,179,58.66,12.4000,6.93,1.42,22.9
1258,12,180,0.28,358,58.66,24.8000,6.93,1.42,26.9
1259,13,195,0.28,358,58.66,24.8000,6.93,1.42,27.3
1260,14,210,0.28,358,58.66,24.8000,6.93,1.42,27.5
1261,15,225,0.28,358,58.66,24.8000,6.93,1.42,27.7
1262,22,330,0.21,624,58.65,43.2000,6.92,1.42,32.6
1263,22,330,0.22,561,58.65,38.8000,6.92,1.42,31.6
1264,37,555,0.1,1475,58.64,102.0000,6.92,1.42,42.7
1265,31,465,0.14,1088,58.64,75.2000,6.91,1.42,38.7
1266,32,480,0.14,1088,58.64,75.2000,6.91,1.42,39.0
1267,34,510,0.12,1281,58.63,88.4000,6.90,1.42,40.4
1268,35,525,0.12,1281,58.63,88.4000,6.90,1.42,40.6
1269,36,540,0.11,1380,58.62,95.2000,6.90,1.42,41.3
1270,28,420,0.18,778,58.61,53.6000,6.89,1.42,34.4
1271,16,240,0.27,384,58.59,26.4000,6.87,1.42,28.1
1272,19,285,0.24,478,58.58,32.8000,6.86,1.41,29.7
1273,20,300,0.24,478,58.58,32.8000,6.86,1.41,29.9
1274,34,510,0.11,1380,58.55,94.4000,6.84,1.41,40.8
1275,35,525,0.11,1380,58.55,94.4000,6.84,1.41,41.0
1276,33,495,0.12,1281,58.55,87.6000,6.84,1.41,40.1
1277,21,315,0.23,509,58.55,34.8000,6.84,1.41,30.6
1278,16,240,0.25,439,58.54,30.0000,6.83,1.41,28.6
1279,9,135,0.29,340,58.53,23.2000,6.82,1.41,24.3
1280,32,480,0.13,1174,58.52,80.0000,6.81,1.41,39.3
1281,9,135,0.31,294,58.50,20.0000,6.80,1.41,23.0
1282,17,255,0.26,412,58.50,28.0000,6.80,1.41,29.0
1283,18,270,0.26,412,58.50,28.0000,6.80,1.41,29.3
1284,6,90,0.4,159,58.49,10.8000,6.79,1.41,21.7
1285,7,105,0.4,159,58.49,10.8000,6.79,1.41,21.8
1286,27,405,0.18,778,58.48,52.8000,6.79,1.41,34.1
1287,6,90,0.39,171,58.48,11.6000,6.78,1.41,22.1
1288,7,105,0.39,171,58.48,11.6000,6.78,1.41,22.2
1289,33,495,0.11,1380,58.48,93.6000,6.78,1.41,40.5
1290,30,450,0.14,1088,58.46,73.6000,6.76,1.41,38.4
1291,31,465,0.13,1174,58.43,79.2000,6.75,1.41,39.0
1292,21,315,0.2,671,58.42,45.2000,6.74,1.41,31.7
1293,25,375,0.19,726,58.40,48.8000,6.72,1.40,33.5
1294,3,45,0.42,137,58.39,9.2000,6.72,1.40,19.4
1295,29,435,0.17,858,58.39,57.6000,6.71,1.40,36.3
1296,11,165,0.28,358,58.38,24.0000,6.70,1.40,26.6
1297,36,540,0.1,1475,58.37,98.8000,6.70,1.40,42.3
1298,9,135,0.3,317,58.36,21.2000,6.69,1.40,23.9
1299,26,390,0.18,778,58.35,52.0000,6.68,1.40,33.9
1300,12,180,0.27,384,58.33,25.6000,6.67,1.40,26.8
1301,13,195,0.27,384,58.33,25.6000,6.67,1.40,27.3
1302,14,210,0.27,384,58.33,25.6000,6.67,1.40,27.5
1303,15,225,0.27,384,58.33,25.6000,6.67,1.40,27.7
1304,21,315,0.21,624,58.33,41.6000,6.67,1.40,31.7
1305,12,180,0.25,439,58.31,29.2000,6.65,1.40,27.5
1306,13,195,0.25,439,58.31,29.2000,6.65,1.40,27.9
1307,14,210,0.25,439,58.31,29.2000,6.65,1.40,28.1
1308,15,225,0.25,439,58.31,29.2000,6.65,1.40,28.3
1309,34,510,0.1,1475,58.31,98.0000,6.64,1.40,41.8
1310,35,525,0.1,1475,58.31,98.0000,6.64,1.40,42.0
1311,21,315,0.22,561,58.29,37.2000,6.63,1.40,30.7
1312,23,345,0.19,726,58.26,48.0000,6.61,1.40,32.9
1313,24,360,0.19,726,58.26,48.0000,6.61,1.40,33.3
1314,16,240,0.26,412,58.25,27.2000,6.60,1.40,28.7
1315,32,480,0.12,1281,58.24,84.4000,6.59,1.39,39.8
1316,29,435,0.15,1008,58.23,66.4000,6.59,1.39,37.3
1317,9,135,0.37,189,58.20,12.4000,6.56,1.39,23.3
1318,32,480,0.11,1380,58.19,90.4000,6.55,1.39,40.2
1319,30,450,0.13,1174,58.18,76.8000,6.54,1.39,38.7
1320,33,495,0.1,1475,58.17,96.4000,6.54,1.39,41.5
1321,17,255,0.24,478,58.16,31.2000,6.53,1.39,28.8
1322,18,270,0.24,478,58.16,31.2000,6.53,1.39,29.0
1323,31,465,0.12,1281,58.16,83.6000,6.53,1.39,39.5
1324,20,300,0.23,509,58.15,33.2000,6.52,1.39,30.2
1325,8,120,0.32,270,58.15,17.6000,6.52,1.39,22.8
1326,0,0,0.43,129,58.14,8.4000,6.51,1.39,18.0
1327,1,15,0.43,129,58.14,8.4000,6.51,1.39,18.0
1328,2,30,0.43,129,58.14,8.4000,6.51,1.39,18.2
1329,20,300,0.2,671,58.12,43.6000,6.50,1.39,31.3
1330,6,90,0.38,179,58.10,11.6000,6.48,1.39,22.3
1331,7,105,0.38,179,58.10,11.6000,6.48,1.39,22.4
1332,29,435,0.16,926,58.10,60.0000,6.48,1.39,36.5
1333,25,375,0.18,778,58.10,50.4000,6.48,1.39,33.6
1334,11,165,0.25,439,58.09,28.4000,6.47,1.39,27.2
1335,11,165,0.27,384,58.07,24.8000,6.46,1.39,26.6
1336,31,465,0.11,1380,58.04,88.8000,6.43,1.38,39.9
1337,28,420,0.17,858,58.04,55.2000,6.43,1.38,35.6
1338,20,300,0.21,624,58.01,40.0000,6.41,1.38,31.4
1339,12,180,0.26,412,58.01,26.4000,6.41,1.38,27.5
1340,13,195,0.26,412,58.01,26.4000,6.41,1.38,28.0
1341,14,210,0.26,412,58.01,26.4000,6.41,1.38,28.2
1342,15,225,0.26,412,58.01,26.4000,6.41,1.38,28.4
1343,4,60,0.41,150,58.00,9.6000,6.40,1.38,21.3
1344,19,285,0.2,671,57.97,42.8000,6.38,1.38,31.0
1345,24,360,0.18,778,57.97,49.6000,6.38,1.38,33.4
1346,19,285,0.23,509,57.96,32.4000,6.37,1.38,29.9
1347,8,120,0.29,340,57.94,21.6000,6.35,1.38,24.0
1348,10,150,0.34,233,57.94,14.8000,6.35,1.38,23.9
1349,9,135,0.33,252,57.94,16.0000,6.35,1.38,23.0
1350,28,420,0.15,1008,57.94,64.0000,6.35,1.38,36.7
1351,20,300,0.22,561,57.93,35.6000,6.35,1.38,30.3
1352,27,405,0.17,858,57.93,54.4000,6.34,1.38,35.4
1353,30,450,0.12,1281,57.92,81.2000,6.34,1.38,39.3
1354,10,150,0.36,202,57.92,12.8000,6.34,1.38,24.2
1355,32,480,0.1,1475,57.90,93.2000,6.32,1.38,41.2
1356,5,75,0.39,171,57.89,10.8000,6.32,1.38,21.8
1357,5,75,0.4,159,57.86,10.0000,6.29,1.37,21.4
1358,19,285,0.21,624,57.85,39.2000,6.28,1.37,31.1
1359,22,330,0.19,726,57.85,45.6000,6.28,1.37,32.6
1360,23,345,0.18,778,57.84,48.8000,6.27,1.37,32.9
1361,27,405,0.15,1008,57.84,63.2000,6.27,1.37,36.3
1362,30,450,0.11,1380,57.83,86.4000,6.26,1.37,39.7
1363,8,120,0.31,294,57.82,18.4000,6.26,1.37,22.7
1364,10,150,0.28,358,57.82,22.4000,6.26,1.37,25.5
1365,29,435,0.14,1088,57.81,68.0000,6.25,1.37,37.9
1366,26,390,0.17,858,57.81,53.6000,6.25,1.37,35.1
1367,7,105,0.32,270,57.78,16.8000,6.22,1.37,22.4
1368,28,420,0.16,926,57.78,57.6000,6.22,1.37,35.9
1369,11,165,0.26,412,57.77,25.6000,6.21,1.37,27.2
1370,31,465,0.1,1475,57.76,91.6000,6.21,1.37,40.9
1371,19,285,0.22,561,57.75,34.8000,6.20,1.37,30.1
1372,10,150,0.35,213,57.75,13.2000,6.20,1.37,23.8
1373,16,240,0.24,478,57.74,29.6000,6.19,1.37,28.5
1374,26,390,0.15,1008,57.74,62.4000,6.19,1.37,36.1
1375,8,120,0.3,317,57.73,19.6000,6.18,1.37,23.6
1376,17,255,0.2,671,57.68,41.2000,6.14,1.36,30.3
1377,18,270,0.2,671,57.68,41.2000,6.14,1.36,30.5
1378,8,120,0.37,189,57.67,11.6000,6.14,1.36,22.9
1379,27,405,0.16,926,57.67,56.8000,6.13,1.36,35.5
1380,0,0,0.42,137,57.66,8.4000,6.13,1.36,18.8
1381,1,15,0.42,137,57.66,8.4000,6.13,1.36,18.9
1382,2,30,0.42,137,57.66,8.4000,6.13,1.36,19.0
1383,10,150,0.25,439,57.63,26.8000,6.10,1.36,26.3
1384,29,435,0.13,1174,57.58,71.2000,6.06,1.36,38.2
1385,21,315,0.19,726,57.58,44.0000,6.06,1.36,31.9
1386,25,375,0.17,858,57.58,52.0000,6.06,1.36,34.8
1387,17,255,0.23,509,57.56,30.8000,6.05,1.36,29.1
1388,18,270,0.23,509,57.56,30.8000,6.05,1.36,29.3
1389,26,390,0.16,926,57.56,56.0000,6.05,1.36,35.3
1390,30,450,0.1,1475,57.56,89.2000,6.05,1.36,40.7
1391,10,150,0.27,384,57.55,23.2000,6.04,1.36,25.6
1392,5,75,0.38,179,57.54,10.8000,6.03,1.36,21.9
1393,25,375,0.15,1008,57.54,60.8000,6.03,1.36,35.8
1394,28,420,0.14,1088,57.54,65.6000,6.03,1.35,37.3
1395,17,255,0.21,624,57.53,37.6000,6.03,1.35,30.3
1396,18,270,0.21,624,57.53,37.6000,6.03,1.35,30.5
1397,12,180,0.24,478,57.53,28.8000,6.03,1.35,27.4
1398,13,195,0.24,478,57.53,28.8000,6.03,1.35,27.8
1399,14,210,0.24,478,57.53,28.8000,6.03,1.35,28.0
1400,15,225,0.24,478,57.53,28.8000,6.03,1.35,28.2
1401,7,105,0.31,294,57.48,17.6000,5.99,1.35,22.3
1402,24,360,0.17,858,57.46,51.2000,5.97,1.35,34.6
1403,22,330,0.18,778,57.46,46.4000,5.96,1.35,32.7
1404,27,405,0.14,1088,57.44,64.8000,5.96,1.35,37.0
1405,24,360,0.15,1008,57.44,60.0000,5.95,1.35,35.6
1406,9,135,0.36,202,57.43,12.0000,5.94,1.35,24.0
1407,6,90,0.32,270,57.41,16.0000,5.93,1.35,22.2
1408,17,255,0.22,561,57.40,33.2000,5.92,1.35,29.3
1409,18,270,0.22,561,57.40,33.2000,5.92,1.35,29.5
1410,16,240,0.2,671,57.38,39.6000,5.90,1.35,29.9
1411,29,435,0.12,1281,57.38,75.6000,5.90,1.35,38.7
1412,7,105,0.29,340,57.35,20.0000,5.88,1.34,23.6
1413,26,390,0.14,1088,57.35,64.0000,5.88,1.34,36.7
1414,25,375,0.16,926,57.34,54.4000,5.87,1.34,35.0
1415,23,345,0.17,858,57.34,50.4000,5.87,1.34,34.2
1416,23,345,0.15,1008,57.34,59.2000,5.87,1.34,35.2
1417,3,45,0.41,150,57.33,8.8000,5.87,1.34,21.1
1418,28,420,0.13,1174,57.33,68.8000,5.86,1.34,37.7
1419,11,165,0.24,478,57.32,28.0000,5.86,1.34,27.1
1420,29,435,0.11,1380,57.32,80.8000,5.86,1.34,39.2
1421,4,60,0.39,171,57.31,10.0000,5.85,1.34,21.3
1422,20,300,0.19,726,57.30,42.4000,5.84,1.34,31.6
1423,10,150,0.26,412,57.28,24.0000,5.83,1.34,26.3
1424,9,135,0.35,213,57.28,12.4000,5.82,1.34,23.6
1425,9,135,0.28,358,57.26,20.8000,5.81,1.34,25.1
1426,27,405,0.13,1174,57.24,68.0000,5.79,1.34,37.3
1427,24,360,0.16,926,57.24,53.6000,5.79,1.34,34.8
1428,4,60,0.4,159,57.23,9.2000,5.79,1.34,20.9
1429,15,225,0.2,671,57.23,38.8000,5.78,1.34,29.6
1430,16,240,0.21,624,57.21,36.0000,5.77,1.34,30.0
1431,21,315,0.18,778,57.20,44.8000,5.76,1.34,31.9
1432,16,240,0.23,509,57.17,29.2000,5.74,1.33,28.8
1433,19,285,0.19,726,57.16,41.6000,5.73,1.33,31.2
1434,26,390,0.13,1174,57.16,67.2000,5.72,1.33,37.1
1435,6,90,0.31,294,57.14,16.8000,5.71,1.33,22.1
1436,6,90,0.37,189,57.14,10.8000,5.71,1.33,22.2
1437,7,105,0.37,189,57.14,10.8000,5.71,1.33,22.4
1438,8,120,0.33,252,57.14,14.4000,5.71,1.33,22.6
1439,28,420,0.12,1281,57.14,73.2000,5.71,1.33,38.2
1440,23,345,0.16,926,57.13,52.8000,5.70,1.33,34.3
1441,28,420,0.11,1380,57.10,78.4000,5.68,1.33,38.6
1442,7,105,0.3,317,57.10,18.0000,5.68,1.33,23.2
1443,9,135,0.34,233,57.08,13.2000,5.67,1.33,23.4
1444,13,195,0.2,671,57.08,38.0000,5.66,1.33,29.1
1445,14,210,0.2,671,57.08,38.0000,5.66,1.33,29.3
1446,25,375,0.14,1088,57.08,61.6000,5.66,1.33,36.5
1447,27,405,0.12,1281,57.06,72.4000,5.65,1.33,37.9
1448,6,90,0.29,340,57.06,19.2000,5.65,1.33,23.4
1449,15,225,0.21,624,57.05,35.2000,5.64,1.33,29.7
1450,22,330,0.15,1008,57.04,56.8000,5.63,1.33,34.9
1451,16,240,0.22,561,57.04,31.6000,5.63,1.33,29.0
1452,5,75,0.32,270,57.04,15.2000,5.63,1.33,21.9
1453,27,405,0.11,1380,57.03,77.6000,5.62,1.33,38.3
1454,29,435,0.1,1475,57.02,82.8000,5.61,1.33,40.2
1455,22,330,0.17,858,56.99,48.0000,5.59,1.33,33.9
1456,26,390,0.12,1281,56.99,71.6000,5.59,1.32,37.7
1457,24,360,0.14,1088,56.99,60.8000,5.59,1.32,36.2
1458,4,60,0.38,179,56.98,10.0000,5.59,1.32,21.4
1459,12,180,0.23,509,56.97,28.4000,5.58,1.32,27.6
1460,13,195,0.23,509,56.97,28.4000,5.58,1.32,28.0
1461,14,210,0.23,509,56.97,28.4000,5.58,1.32,28.2
1462,15,225,0.23,509,56.97,28.4000,5.58,1.32,28.4
1463,26,390,0.11,1380,56.96,76.8000,5.57,1.32,38.1
1464,9,135,0.25,439,56.95,24.4000,5.56,1.32,25.9
1465,20,300,0.18,778,56.94,43.2000,5.55,1.32,31.6
1466,8,120,0.36,202,56.93,11.2000,5.54,1.32,23.7
1467,10,150,0.24,478,56.90,26.4000,5.52,1.32,26.3
1468,25,375,0.13,1174,56.90,64.8000,5.52,1.32,36.8
1469,23,345,0.14,1088,56.89,60.0000,5.51,1.32,35.8
1470,13,195,0.21,624,56.89,34.4000,5.51,1.32,29.2
1471,14,210,0.21,624,56.89,34.4000,5.51,1.32,29.4
1472,17,255,0.19,726,56.89,40.0000,5.51,1.32,30.4
1473,18,270,0.19,726,56.89,40.0000,5.51,1.32,30.7
1474,15,225,0.22,561,56.86,30.8000,5.49,1.32,28.7
1475,21,315,0.15,1008,56.85,55.2000,5.48,1.32,34.3
1476,24,360,0.13,1174,56.81,64.0000,5.45,1.32,36.5
1477,28,420,0.1,1475,56.81,80.4000,5.45,1.32,39.6
1478,19,285,0.18,778,56.81,42.4000,5.45,1.32,31.3
1479,8,120,0.35,213,56.81,11.6000,5.45,1.32,23.3
1480,22,330,0.16,926,56.80,50.4000,5.44,1.31,34.0
1481,5,75,0.31,294,56.80,16.0000,5.44,1.31,21.9
1482,6,90,0.3,317,56.78,17.2000,5.43,1.31,23.0
1483,12,180,0.2,671,56.78,36.4000,5.42,1.31,28.7
1484,11,165,0.23,509,56.78,27.6000,5.42,1.31,27.2
1485,9,135,0.27,384,56.77,20.8000,5.42,1.31,25.1
1486,5,75,0.29,340,56.76,18.4000,5.41,1.31,23.2
1487,21,315,0.17,858,56.76,46.4000,5.41,1.31,33.2
1488,25,375,0.12,1281,56.75,69.2000,5.40,1.31,37.4
1489,7,105,0.33,252,56.75,13.6000,5.40,1.31,22.2
1490,27,405,0.1,1475,56.75,79.6000,5.40,1.31,39.3
1491,25,375,0.11,1380,56.74,74.4000,5.39,1.31,37.8
1492,23,345,0.13,1174,56.73,63.2000,5.38,1.31,36.1
1493,3,45,0.39,171,56.73,9.2000,5.38,1.31,21.1
1494,8,120,0.28,358,56.70,19.2000,5.36,1.31,24.8
1495,13,195,0.22,561,56.68,30.0000,5.35,1.31,28.2
1496,14,210,0.22,561,56.68,30.0000,5.35,1.31,28.4
1497,26,390,0.1,1475,56.68,78.8000,5.34,1.31,39.1
1498,24,360,0.12,1281,56.67,68.4000,5.34,1.31,37.1
1499,0,0,0.41,150,56.67,8.0000,5.33,1.31,20.5
1500,1,15,0.41,150,56.67,8.0000,5.33,1.31,20.6
1501,2,30,0.41,150,56.67,8.0000,5.33,1.31,20.7
1502,4,60,0.32,270,56.67,14.4000,5.33,1.31,21.6
1503,24,360,0.11,1380,56.67,73.6000,5.33,1.31,37.5
1504,8,120,0.34,233,56.65,12.4000,5.32,1.31,23.0
1505,20,300,0.15,1008,56.65,53.6000,5.32,1.31,34.1
1506,11,165,0.2,671,56.63,35.6000,5.31,1.31,28.4
1507,5,75,0.37,189,56.61,10.0000,5.29,1.30,21.9
1508,16,240,0.19,726,56.61,38.4000,5.29,1.30,30.1
1509,3,45,0.4,159,56.60,8.4000,5.28,1.30,20.7
1510,21,315,0.16,926,56.59,48.8000,5.27,1.30,33.4
1511,12,180,0.21,624,56.57,32.8000,5.26,1.30,28.7
1512,17,255,0.18,778,56.56,40.8000,5.24,1.30,30.5
1513,18,270,0.18,778,56.56,40.8000,5.24,1.30,30.8
1514,9,135,0.26,412,56.55,21.6000,5.24,1.30,25.8
1515,19,285,0.15,1008,56.55,52.8000,5.24,1.30,33.8
1516,20,300,0.17,858,56.53,44.8000,5.22,1.30,32.9
1517,22,330,0.14,1088,56.53,56.8000,5.22,1.30,35.5
1518,12,180,0.22,561,56.51,29.2000,5.20,1.30,27.8
1519,8,120,0.25,439,56.49,22.8000,5.19,1.30,25.6
1520,25,375,0.1,1475,56.47,76.4000,5.18,1.30,38.8
1521,15,225,0.19,726,56.47,37.6000,5.18,1.30,29.8
1522,4,60,0.29,340,56.47,17.6000,5.18,1.30,22.8
1523,5,75,0.3,317,56.47,16.4000,5.17,1.30,22.7
1524,4,60,0.31,294,56.46,15.2000,5.17,1.30,21.5
1525,23,345,0.11,1380,56.45,71.2000,5.16,1.30,37.2
1526,23,345,0.12,1281,56.44,66.0000,5.15,1.30,36.7
1527,6,90,0.36,202,56.44,10.4000,5.15,1.30,23.0
1528,7,105,0.36,202,56.44,10.4000,5.15,1.30,23.2
1529,3,45,0.38,179,56.42,9.2000,5.14,1.29,21.2
1530,11,165,0.21,624,56.41,32.0000,5.13,1.29,28.4
1531,19,285,0.17,858,56.41,44.0000,5.13,1.29,32.6
1532,24,360,0.1,1475,56.41,75.6000,5.13,1.29,38.6
1533,22,330,0.13,1174,56.39,60.0000,5.11,1.29,35.9
1534,10,150,0.23,509,56.39,26.0000,5.11,1.29,26.5
1535,20,300,0.16,926,56.37,47.2000,5.10,1.29,33.1
1536,6,90,0.33,252,56.35,12.8000,5.08,1.29,22.0
1537,18,270,0.15,1008,56.35,51.2000,5.08,1.29,33.3
1538,21,315,0.14,1088,56.34,55.2000,5.07,1.29,34.9
1539,6,90,0.35,213,56.34,10.8000,5.07,1.29,22.6
1540,7,105,0.35,213,56.34,10.8000,5.07,1.29,22.8
1541,13,195,0.19,726,56.34,36.8000,5.07,1.29,29.3
1542,14,210,0.19,726,56.34,36.8000,5.07,1.29,29.6
1543,11,165,0.22,561,56.33,28.4000,5.06,1.29,27.4
1544,16,240,0.18,778,56.30,39.2000,5.04,1.29,30.2
1545,3,45,0.32,270,56.30,13.6000,5.04,1.29,21.4
1546,9,135,0.24,478,56.28,24.0000,5.02,1.29,25.9
1547,19,285,0.16,926,56.26,46.4000,5.01,1.29,32.8
1548,8,120,0.27,384,56.25,19.2000,5.00,1.29,24.8
1549,17,255,0.15,1008,56.25,50.4000,5.00,1.29,33.0
1550,7,105,0.34,233,56.22,11.6000,4.98,1.28,22.6
1551,21,315,0.13,1174,56.22,58.4000,4.97,1.28,35.3
1552,10,150,0.2,671,56.18,33.2000,4.95,1.28,27.8
1553,17,255,0.17,858,56.18,42.4000,4.94,1.28,31.8
1554,18,270,0.17,858,56.18,42.4000,4.94,1.28,32.1
1555,3,45,0.29,340,56.18,16.8000,4.94,1.28,22.7
1556,15,225,0.18,778,56.17,38.4000,4.94,1.28,29.9
1557,22,330,0.11,1380,56.16,68.0000,4.93,1.28,36.9
1558,20,300,0.14,1088,56.16,53.6000,4.93,1.28,34.7
1559,4,60,0.3,317,56.15,15.6000,4.92,1.28,22.4
1560,7,105,0.28,358,56.15,17.6000,4.92,1.28,24.4
1561,0,0,0.39,171,56.14,8.4000,4.91,1.28,20.6
1562,1,15,0.39,171,56.14,8.4000,4.91,1.28,20.7
1563,2,30,0.39,171,56.14,8.4000,4.91,1.28,20.8
1564,23,345,0.1,1475,56.14,72.4000,4.91,1.28,38.2
1565,22,330,0.12,1281,56.13,62.8000,4.90,1.28,36.4
1566,3,45,0.31,294,56.12,14.4000,4.90,1.28,21.4
1567,10,150,0.21,624,56.09,30.4000,4.87,1.28,27.8
1568,4,60,0.37,189,56.08,9.2000,4.87,1.28,21.4
1569,8,120,0.26,412,56.07,20.0000,4.85,1.28,25.5
1570,19,285,0.14,1088,56.07,52.8000,4.85,1.28,34.4
1571,12,180,0.19,726,56.06,35.2000,4.85,1.28,28.9
1572,20,300,0.13,1174,56.05,56.8000,4.84,1.28,35.1
1573,17,255,0.16,926,56.05,44.8000,4.84,1.28,32.0
1574,18,270,0.16,926,56.05,44.8000,4.84,1.28,32.3
1575,13,195,0.18,778,56.04,37.6000,4.83,1.27,29.4
1576,14,210,0.18,778,56.04,37.6000,4.83,1.27,29.7
1577,7,105,0.25,439,56.04,21.2000,4.83,1.27,25.3
1578,21,315,0.11,1380,56.01,66.4000,4.81,1.27,36.4
1579,0,0,0.4,159,55.97,7.6000,4.78,1.27,20.2
1580,1,15,0.4,159,55.97,7.6000,4.78,1.27,20.2
1581,2,30,0.4,159,55.97,7.6000,4.78,1.27,20.3
1582,21,315,0.12,1281,55.97,61.2000,4.78,1.27,35.9
1583,10,150,0.22,561,55.97,26.8000,4.78,1.27,26.7
1584,19,285,0.13,1174,55.96,56.0000,4.77,1.27,34.8
1585,5,75,0.33,252,55.95,12.0000,4.76,1.27,21.7
1586,5,75,0.36,202,55.94,9.6000,4.75,1.27,22.7
1587,0,0,0.32,270,55.93,12.8000,4.74,1.27,21.1
1588,1,15,0.32,270,55.93,12.8000,4.74,1.27,21.1
1589,2,30,0.32,270,55.93,12.8000,4.74,1.27,21.2
1590,18,270,0.14,1088,55.88,51.2000,4.71,1.27,33.9
1591,20,300,0.11,1380,55.87,64.8000,4.70,1.27,36.1
1592,5,75,0.35,213,55.87,10.0000,4.69,1.27,22.3
1593,0,0,0.38,179,55.87,8.4000,4.69,1.27,20.8
1594,1,15,0.38,179,55.87,8.4000,4.69,1.27,20.8
1595,2,30,0.38,179,55.87,8.4000,4.69,1.27,20.9
1596,6,90,0.28,358,55.87,16.8000,4.69,1.27,24.2
1597,22,330,0.1,1475,55.86,69.2000,4.69,1.27,37.8
1598,8,120,0.24,478,55.86,22.4000,4.69,1.27,25.6
1599,16,240,0.15,1008,55.85,47.2000,4.68,1.27,32.7
1600,3,45,0.3,317,55.84,14.8000,4.67,1.26,22.3
1601,16,240,0.17,858,55.83,40.0000,4.66,1.26,31.5
1602,20,300,0.12,1281,55.82,59.6000,4.65,1.26,35.7
1603,19,285,0.11,1380,55.80,64.0000,4.64,1.26,35.9
1604,9,135,0.23,509,55.80,23.6000,4.64,1.26,26.1
1605,6,90,0.34,233,55.79,10.8000,4.64,1.26,22.3
1606,18,270,0.13,1174,55.79,54.4000,4.63,1.26,34.4
1607,17,255,0.14,1088,55.79,50.4000,4.63,1.26,33.6
1608,11,165,0.19,726,55.79,33.6000,4.63,1.26,28.6
1609,12,180,0.18,778,55.78,36.0000,4.63,1.26,29.1
1610,0,0,0.31,294,55.78,13.6000,4.63,1.26,21.1
1611,1,15,0.31,294,55.78,13.6000,4.63,1.26,21.1
1612,2,30,0.31,294,55.78,13.6000,4.63,1.26,21.2
1613,19,285,0.12,1281,55.74,58.8000,4.59,1.26,35.4
1614,7,105,0.27,384,55.73,17.6000,4.58,1.26,24.4
1615,21,315,0.1,1475,55.73,67.6000,4.58,1.26,37.3
1616,16,240,0.16,926,55.72,42.4000,4.58,1.26,31.8
1617,17,255,0.13,1174,55.71,53.6000,4.57,1.26,34.2
1618,15,225,0.15,1008,55.65,45.6000,4.52,1.26,32.4
1619,18,270,0.11,1380,55.65,62.4000,4.52,1.25,35.5
1620,15,225,0.17,858,55.59,38.4000,4.48,1.25,31.1
1621,20,300,0.1,1475,55.59,66.0000,4.47,1.25,37.0
1622,9,135,0.2,671,55.59,30.0000,4.47,1.25,27.3
1623,0,0,0.29,340,55.59,15.2000,4.47,1.25,22.3
1624,1,15,0.29,340,55.59,15.2000,4.47,1.25,22.3
1625,2,30,0.29,340,55.59,15.2000,4.47,1.25,22.4
1626,7,105,0.26,412,55.58,18.4000,4.47,1.25,25.2
1627,18,270,0.12,1281,55.58,57.2000,4.47,1.25,35.0
1628,6,90,0.25,439,55.58,19.6000,4.46,1.25,25.1
1629,17,255,0.11,1380,55.58,61.6000,4.46,1.25,35.3
1630,3,45,0.37,189,55.56,8.4000,4.44,1.25,21.2
1631,4,60,0.33,252,55.56,11.2000,4.44,1.25,21.3
1632,13,195,0.15,1008,55.56,44.8000,4.44,1.25,31.9
1633,14,210,0.15,1008,55.56,44.8000,4.44,1.25,32.1
1634,11,165,0.18,778,55.53,34.4000,4.42,1.25,28.8
1635,19,285,0.1,1475,55.53,65.2000,4.42,1.25,36.8
1636,15,225,0.16,926,55.51,40.8000,4.41,1.25,31.4
1637,17,255,0.12,1281,55.50,56.4000,4.40,1.25,34.8
1638,13,195,0.17,858,55.48,37.6000,4.38,1.25,30.7
1639,14,210,0.17,858,55.48,37.6000,4.38,1.25,30.9
1640,6,90,0.27,384,55.47,16.8000,4.38,1.25,24.2
1641,9,135,0.21,624,55.45,27.2000,4.36,1.24,27.3
1642,4,60,0.36,202,55.45,8.8000,4.36,1.24,22.2
1643,7,105,0.24,478,55.44,20.8000,4.35,1.24,25.3
1644,9,135,0.22,561,55.44,24.4000,4.35,1.24,26.3
1645,8,120,0.23,509,55.40,22.0000,4.32,1.24,25.8
1646,13,195,0.16,926,55.40,40.0000,4.32,1.24,31.0
1647,14,210,0.16,926,55.40,40.0000,4.32,1.24,31.2
1648,4,60,0.35,213,55.40,9.2000,4.32,1.24,21.9
1649,18,270,0.1,1475,55.39,63.6000,4.31,1.24,36.4
1650,10,150,0.19,726,55.37,31.2000,4.30,1.24,28.1
1651,5,75,0.34,233,55.36,10.0000,4.29,1.24,22.0
1652,12,180,0.15,1008,55.36,43.2000,4.29,1.24,31.6
1653,16,240,0.14,1088,55.33,46.4000,4.26,1.24,33.3
1654,5,75,0.28,358,55.31,15.2000,4.25,1.24,23.9
1655,16,240,0.13,1174,55.28,49.6000,4.22,1.24,33.8
1656,17,255,0.1,1475,55.25,62.0000,4.20,1.23,36.2
1657,12,180,0.17,858,55.24,36.0000,4.20,1.23,30.3
1658,16,240,0.11,1380,55.22,57.6000,4.17,1.23,35.0
1659,0,0,0.3,317,55.21,13.2000,4.16,1.23,21.9
1660,1,15,0.3,317,55.21,13.2000,4.16,1.23,21.9
1661,2,30,0.3,317,55.21,13.2000,4.16,1.23,22.0
1662,12,180,0.16,926,55.18,38.4000,4.15,1.23,30.6
1663,3,45,0.33,252,55.16,10.4000,4.13,1.23,21.1
1664,5,75,0.25,439,55.13,18.0000,4.10,1.23,24.8
1665,16,240,0.12,1281,55.11,52.4000,4.09,1.23,34.5
1666,15,225,0.13,1174,55.11,48.0000,4.09,1.23,33.5
1667,6,90,0.26,412,55.10,16.8000,4.08,1.23,25.0
1668,15,225,0.11,1380,55.07,56.0000,4.06,1.23,34.7
1669,11,165,0.15,1008,55.06,40.8000,4.05,1.23,31.3
1670,15,225,0.14,1088,55.06,44.0000,4.04,1.22,33.0
1671,4,60,0.28,358,55.03,14.4000,4.02,1.22,23.6
1672,0,0,0.37,189,55.03,7.6000,4.02,1.22,20.8
1673,1,15,0.37,189,55.03,7.6000,4.02,1.22,20.8
1674,2,30,0.37,189,55.03,7.6000,4.02,1.22,20.9
1675,14,210,0.13,1174,55.03,47.2000,4.02,1.22,33.3
1676,6,90,0.24,478,55.02,19.2000,4.02,1.22,25.1
1677,10,150,0.18,778,55.01,31.2000,4.01,1.22,28.2
1678,14,210,0.11,1380,55.00,55.2000,4.00,1.22,34.5
1679,8,120,0.2,671,54.99,26.8000,3.99,1.22,26.8
1680,14,210,0.14,1088,54.96,43.2000,3.97,1.22,32.7
1681,15,225,0.12,1281,54.96,50.8000,3.97,1.22,34.2
1682,3,45,0.36,202,54.95,8.0000,3.96,1.22,22.0
1683,5,75,0.27,384,54.95,15.2000,3.96,1.22,24.0
1684,4,60,0.34,233,54.94,9.2000,3.95,1.22,21.6
1685,3,45,0.35,213,54.93,8.4000,3.94,1.22,21.7
1686,8,120,0.22,561,54.90,22.0000,3.92,1.22,25.8
1687,4,60,0.25,439,54.90,17.2000,3.92,1.22,24.5
1688,11,165,0.17,858,54.90,33.6000,3.92,1.22,30.1
1689,14,210,0.12,1281,54.88,50.0000,3.90,1.22,34.0
1690,13,195,0.14,1088,54.87,42.4000,3.90,1.22,32.4
1691,11,165,0.16,926,54.86,36.0000,3.89,1.22,30.3
1692,13,195,0.13,1174,54.86,45.6000,3.88,1.22,33.0
1693,13,195,0.11,1380,54.86,53.6000,3.88,1.22,34.3
1694,16,240,0.1,1475,54.85,57.2000,3.88,1.21,35.9
1695,9,135,0.19,726,54.82,28.0000,3.86,1.21,27.7
1696,8,120,0.21,624,54.81,24.0000,3.85,1.21,26.8
1697,0,0,0.33,252,54.76,9.6000,3.81,1.21,20.8
1698,1,15,0.33,252,54.76,9.6000,3.81,1.21,20.8
1699,2,30,0.33,252,54.76,9.6000,3.81,1.21,20.9
1700,10,150,0.15,1008,54.76,38.4000,3.81,1.21,30.9
1701,3,45,0.28,358,54.75,13.6000,3.80,1.21,23.5
1702,13,195,0.12,1281,54.72,48.4000,3.78,1.21,33.7
1703,15,225,0.1,1475,54.71,55.6000,3.77,1.21,35.6
1704,4,60,0.27,384,54.69,14.4000,3.75,1.21,23.7
1705,12,180,0.14,1088,54.69,40.8000,3.75,1.21,32.1
1706,12,180,0.13,1174,54.68,44.0000,3.75,1.21,32.7
1707,3,45,0.25,439,54.67,16.4000,3.74,1.21,24.4
1708,14,210,0.1,1475,54.64,54.8000,3.72,1.20,35.4
1709,12,180,0.11,1380,54.64,51.2000,3.71,1.20,34.0
1710,7,105,0.23,509,54.62,18.8000,3.69,1.20,25.4
1711,5,75,0.26,412,54.61,15.2000,3.69,1.20,24.7
1712,5,75,0.24,478,54.60,17.6000,3.68,1.20,24.9
1713,12,180,0.12,1281,54.57,46.8000,3.65,1.20,33.4
1714,13,195,0.1,1475,54.51,53.2000,3.61,1.20,35.2
1715,3,45,0.34,233,54.51,8.4000,3.61,1.20,21.4
1716,9,135,0.18,778,54.50,28.0000,3.60,1.20,27.8
1717,0,0,0.35,213,54.46,7.6000,3.57,1.20,21.3
1718,1,15,0.35,213,54.46,7.6000,3.57,1.20,21.3
1719,2,30,0.35,213,54.46,7.6000,3.57,1.20,21.4
1720,0,0,0.36,202,54.46,7.2000,3.56,1.20,21.6
1721,1,15,0.36,202,54.46,7.2000,3.56,1.20,21.7
1722,2,30,0.36,202,54.46,7.2000,3.56,1.20,21.8
1723,11,165,0.13,1174,54.43,41.6000,3.54,1.19,32.5
1724,10,150,0.17,858,54.43,30.4000,3.54,1.19,29.5
1725,10,150,0.16,926,54.43,32.8000,3.54,1.19,29.9
1726,3,45,0.27,384,54.43,13.6000,3.54,1.19,23.5
1727,11,165,0.11,1380,54.42,48.8000,3.54,1.19,33.7
1728,11,165,0.14,1088,54.41,38.4000,3.53,1.19,31.9
1729,7,105,0.2,671,54.40,23.6000,3.52,1.19,26.5
1730,4,60,0.24,478,54.39,16.8000,3.51,1.19,24.6
1731,4,60,0.26,412,54.37,14.4000,3.50,1.19,24.4
1732,9,135,0.15,1008,54.37,35.2000,3.49,1.19,30.6
1733,11,165,0.12,1281,54.33,44.4000,3.47,1.19,33.2
1734,12,180,0.1,1475,54.31,50.8000,3.44,1.19,34.9
1735,8,120,0.19,726,54.27,24.8000,3.42,1.19,27.2
1736,6,90,0.23,509,54.22,17.2000,3.38,1.18,25.2
1737,0,0,0.25,439,54.21,14.8000,3.37,1.18,24.2
1738,1,15,0.25,439,54.21,14.8000,3.37,1.18,24.2
1739,2,30,0.25,439,54.21,14.8000,3.37,1.18,24.2
1740,10,150,0.11,1380,54.20,46.4000,3.36,1.18,33.3
1741,0,0,0.28,358,54.19,12.0000,3.35,1.18,23.2
1742,1,15,0.28,358,54.19,12.0000,3.35,1.18,23.2
1743,2,30,0.28,358,54.19,12.0000,3.35,1.18,23.2
1744,7,105,0.22,561,54.19,18.8000,3.35,1.18,25.4
1745,3,45,0.24,478,54.18,16.0000,3.35,1.18,24.5
1746,10,150,0.13,1174,54.17,39.2000,3.34,1.18,32.1
1747,7,105,0.21,624,54.17,20.8000,3.33,1.18,26.5
1748,10,150,0.14,1088,54.14,36.0000,3.31,1.18,31.4
1749,3,45,0.26,412,54.13,13.6000,3.30,1.18,24.3
1750,6,90,0.2,671,54.10,22.0000,3.28,1.18,26.3
1751,10,150,0.12,1281,54.10,42.0000,3.28,1.18,32.8
1752,0,0,0.34,233,54.08,7.6000,3.26,1.18,21.1
1753,1,15,0.34,233,54.08,7.6000,3.26,1.18,21.1
1754,2,30,0.34,233,54.08,7.6000,3.26,1.18,21.2
1755,11,165,0.1,1475,54.03,47.6000,3.23,1.18,34.7
1756,9,135,0.16,926,54.00,29.6000,3.20,1.17,29.5
1757,8,120,0.18,778,53.98,24.8000,3.19,1.17,27.4
1758,8,120,0.15,1008,53.97,32.0000,3.17,1.17,30.2
1759,9,135,0.17,858,53.96,27.2000,3.17,1.17,29.2
1760,9,135,0.11,1380,53.91,43.2000,3.13,1.17,33.0
1761,0,0,0.27,384,53.91,12.0000,3.13,1.17,23.2
1762,1,15,0.27,384,53.91,12.0000,3.13,1.17,23.2
1763,2,30,0.27,384,53.91,12.0000,3.13,1.17,23.3
1764,6,90,0.21,624,53.85,19.2000,3.08,1.17,26.2
1765,9,135,0.13,1174,53.83,36.0000,3.07,1.17,31.8
1766,6,90,0.22,561,53.83,17.2000,3.07,1.17,25.2
1767,5,75,0.23,509,53.83,15.6000,3.06,1.17,25.0
1768,10,150,0.1,1475,53.83,45.2000,3.06,1.17,34.3
1769,5,75,0.2,671,53.80,20.4000,3.04,1.16,26.1
1770,9,135,0.12,1281,53.79,38.8000,3.03,1.16,32.5
1771,9,135,0.14,1088,53.77,32.8000,3.01,1.16,31.1
1772,0,0,0.24,478,53.77,14.4000,3.01,1.16,24.2
1773,1,15,0.24,478,53.77,14.4000,3.01,1.16,24.2
1774,2,30,0.24,478,53.77,14.4000,3.01,1.16,24.3
1775,7,105,0.19,726,53.72,21.6000,2.98,1.16,26.9
1776,0,0,0.26,412,53.64,12.0000,2.91,1.16,24.0
1777,1,15,0.26,412,53.64,12.0000,2.91,1.16,24.1
1778,2,30,0.26,412,53.64,12.0000,2.91,1.16,24.1
1779,4,60,0.23,509,53.63,14.8000,2.91,1.16,24.6
1780,8,120,0.11,1380,53.62,40.0000,2.90,1.16,32.7
1781,7,105,0.15,1008,53.57,28.8000,2.86,1.15,29.9
1782,8,120,0.16,926,53.56,26.4000,2.85,1.15,29.1
1783,9,135,0.1,1475,53.56,42.0000,2.85,1.15,34.0
1784,5,75,0.21,624,53.53,17.6000,2.82,1.15,26.0
1785,8,120,0.17,858,53.50,24.0000,2.80,1.15,28.8
1786,8,120,0.13,1174,53.49,32.8000,2.79,1.15,31.4
1787,5,75,0.22,561,53.48,15.6000,2.78,1.15,24.9
1788,8,120,0.12,1281,53.47,35.6000,2.78,1.15,32.2
1789,7,105,0.18,778,53.47,21.6000,2.78,1.15,27.1
1790,6,90,0.19,726,53.44,20.0000,2.75,1.15,26.7
1791,3,45,0.23,509,53.44,14.0000,2.75,1.15,24.5
1792,8,120,0.14,1088,53.40,29.6000,2.72,1.15,30.8
1793,4,60,0.2,671,53.35,18.0000,2.68,1.14,25.7
1794,7,105,0.11,1380,53.33,36.8000,2.67,1.14,32.5
1795,6,90,0.15,1008,53.27,26.4000,2.62,1.14,29.7
1796,8,120,0.1,1475,53.22,38.0000,2.58,1.14,33.7
1797,6,90,0.18,778,53.21,20.0000,2.57,1.14,26.9
1798,4,60,0.21,624,53.21,16.0000,2.56,1.14,25.7
1799,3,45,0.2,671,53.20,17.2000,2.56,1.14,25.6
1800,5,75,0.19,726,53.17,18.4000,2.53,1.14,26.5
1801,7,105,0.12,1281,53.16,32.4000,2.53,1.14,32.0
1802,7,105,0.13,1174,53.15,29.6000,2.52,1.13,31.2
1803,7,105,0.16,926,53.13,23.2000,2.51,1.13,28.8
1804,4,60,0.22,561,53.12,14.0000,2.50,1.13,24.6
1805,0,0,0.23,509,53.05,12.4000,2.44,1.13,24.2
1806,1,15,0.23,509,53.05,12.4000,2.44,1.13,24.2
1807,2,30,0.23,509,53.05,12.4000,2.44,1.13,24.3
1808,3,45,0.21,624,53.04,15.2000,2.44,1.13,25.5
1809,6,90,0.11,1380,53.04,33.6000,2.43,1.13,32.3
1810,7,105,0.14,1088,53.03,26.4000,2.43,1.13,30.5
1811,7,105,0.17,858,53.03,20.8000,2.42,1.13,28.5
1812,7,105,0.1,1475,52.95,34.8000,2.36,1.13,33.5
1813,3,45,0.22,561,52.94,13.2000,2.35,1.12,24.4
1814,2,30,0.2,671,52.91,15.6000,2.32,1.12,25.5
1815,5,75,0.15,1008,52.88,23.2000,2.30,1.12,29.5
1816,6,90,0.12,1281,52.85,29.2000,2.28,1.12,31.8
1817,5,75,0.18,778,52.83,17.6000,2.26,1.12,26.7
1818,6,90,0.13,1174,52.81,26.4000,2.25,1.12,30.9
1819,6,90,0.16,926,52.81,20.8000,2.25,1.12,28.6
1820,6,90,0.14,1088,52.76,24.0000,2.21,1.12,30.3
1821,0,0,0.2,671,52.76,14.8000,2.21,1.12,25.4
1822,1,15,0.2,671,52.76,14.8000,2.21,1.12,25.4
1823,4,60,0.19,726,52.75,16.0000,2.20,1.12,26.2
1824,0,0,0.21,624,52.72,13.6000,2.18,1.12,25.3
1825,1,15,0.21,624,52.72,13.6000,2.18,1.12,25.4
1826,2,30,0.21,624,52.72,13.6000,2.18,1.12,25.4
1827,6,90,0.17,858,52.68,18.4000,2.14,1.11,28.2
1828,6,90,0.1,1475,52.68,31.6000,2.14,1.11,33.3
1829,3,45,0.19,726,52.62,15.2000,2.09,1.11,26.1
1830,5,75,0.11,1380,52.61,28.8000,2.09,1.11,32.1
1831,0,0,0.22,561,52.58,11.6000,2.07,1.11,24.2
1832,1,15,0.22,561,52.58,11.6000,2.07,1.11,24.2
1833,2,30,0.22,561,52.58,11.6000,2.07,1.11,24.3
1834,4,60,0.15,1008,52.58,20.8000,2.06,1.11,29.3
1835,5,75,0.16,926,52.48,18.4000,1.99,1.10,28.4
1836,3,45,0.15,1008,52.48,20.0000,1.98,1.10,29.2
1837,4,60,0.18,778,52.44,15.2000,1.95,1.10,26.4
1838,4,60,0.11,1380,52.39,26.4000,1.91,1.10,31.9
1839,5,75,0.12,1281,52.38,24.4000,1.90,1.10,31.6
1840,2,30,0.19,726,52.34,13.6000,1.87,1.10,25.9
1841,5,75,0.17,858,52.33,16.0000,1.86,1.10,28.0
1842,3,45,0.11,1380,52.32,25.6000,1.86,1.10,31.8
1843,3,45,0.18,778,52.31,14.4000,1.85,1.10,26.3
1844,5,75,0.13,1174,52.30,21.6000,1.84,1.10,30.7
1845,5,75,0.14,1088,52.30,20.0000,1.84,1.10,30.1
1846,2,30,0.15,1008,52.28,18.4000,1.83,1.10,29.1
1847,5,75,0.1,1475,52.27,26.8000,1.82,1.10,33.1
1848,0,0,0.19,726,52.20,12.8000,1.76,1.09,25.8
1849,1,15,0.19,726,52.20,12.8000,1.76,1.09,25.9
1850,4,60,0.16,926,52.16,16.0000,1.73,1.09,28.2
1851,4,60,0.12,1281,52.15,22.0000,1.72,1.09,31.4
1852,2,30,0.11,1380,52.10,23.2000,1.68,1.09,31.7
1853,0,0,0.15,1008,52.08,16.8000,1.67,1.09,29.0
1854,1,15,0.15,1008,52.08,16.8000,1.67,1.09,29.0
1855,3,45,0.12,1281,52.07,21.2000,1.65,1.09,31.3
1856,4,60,0.1,1475,52.07,24.4000,1.65,1.09,32.9
1857,2,30,0.18,778,52.06,12.8000,1.65,1.09,26.1
1858,3,45,0.16,926,52.05,15.2000,1.64,1.09,28.1
1859,4,60,0.13,1174,52.04,19.2000,1.64,1.09,30.5
1860,4,60,0.14,1088,52.02,17.6000,1.62,1.08,29.9
1861,3,45,0.1,1475,52.00,23.6000,1.60,1.08,32.9
1862,4,60,0.17,858,51.98,13.6000,1.59,1.08,27.8
1863,3,45,0.13,1174,51.96,18.4000,1.57,1.08,30.4
1864,3,45,0.14,1088,51.93,16.8000,1.54,1.08,29.8
1865,0,0,0.18,778,51.93,12.0000,1.54,1.08,26.1
1866,1,15,0.18,778,51.93,12.0000,1.54,1.08,26.1
1867,2,30,0.12,1281,51.91,19.6000,1.53,1.08,31.2
1868,0,0,0.11,1380,51.88,20.8000,1.51,1.08,31.6
1869,1,15,0.11,1380,51.88,20.8000,1.51,1.08,31.6
1870,3,45,0.17,858,51.86,12.8000,1.49,1.08,27.7
1871,2,30,0.16,926,51.84,13.6000,1.47,1.08,28.0
1872,2,30,0.1,1475,51.80,21.2000,1.44,1.07,32.8
1873,2,30,0.13,1174,51.79,16.8000,1.43,1.07,30.3
1874,2,30,0.14,1088,51.75,15.2000,1.40,1.07,29.7
1875,0,0,0.12,1281,51.68,17.2000,1.34,1.07,31.1
1876,1,15,0.12,1281,51.68,17.2000,1.34,1.07,31.1
1877,2,30,0.17,858,51.63,11.2000,1.31,1.07,27.5
1878,0,0,0.16,926,51.62,12.0000,1.30,1.07,27.9
1879,1,15,0.16,926,51.62,12.0000,1.30,1.07,27.9
1880,0,0,0.1,1475,51.59,18.8000,1.27,1.07,32.7
1881,1,15,0.1,1475,51.59,18.8000,1.27,1.07,32.7
1882,0,0,0.14,1088,51.56,13.6000,1.25,1.06,29.6
1883,1,15,0.14,1088,51.56,13.6000,1.25,1.06,29.7
1884,0,0,0.13,1174,51.53,14.4000,1.23,1.06,30.2
1885,1,15,0.13,1174,51.53,14.4000,1.23,1.06,30.3
1886,0,0,0.17,858,51.52,10.4000,1.21,1.06,27.5
1887,1,15,0.17,858,51.52,10.4000,1.21,1.06,27.5
