交易编号,策略类型,方向,入场时间,入场价格,出场时间,出场价格,持仓时长,价格变动%,合约收益%,盈亏USDT,累计资金USDT,结果,K1最高,K1最低,K2最高,K2最低
1,rule1,做多,2025-07-24 05:30,117846.21,2025-07-24 05:45,118181.36,15分钟,0.284%,14.22%,0.1422,0.1422,收盘价平仓,118058.00,117405.53,117968.03,117381.80
2,rule1,做多,2025-07-25 11:45,115419.66,2025-07-25 12:00,115234.01,15分钟,-0.161%,-8.04%,-0.0804,0.0618,收盘价平仓,116024.05,115349.58,115696.74,115330.86
3,rule1,做多,2025-07-25 16:45,115202.55,2025-07-25 17:00,115332.00,15分钟,0.112%,5.62%,0.0562,0.1180,收盘价平仓,115747.91,115095.69,115563.00,115008.85
4,rule1,做空,2025-07-25 17:30,115565.90,2025-07-25 17:45,116033.44,15分钟,-0.405%,-20.23%,-0.2023,-0.0843,收盘价平仓,115800.00,115164.54,115883.86,115565.90
5,rule1,做空,2025-07-26 04:45,117040.01,2025-07-26 05:00,117286.74,15分钟,-0.211%,-10.54%,-0.1054,-0.1897,收盘价平仓,117237.02,116732.30,117306.00,116993.65
6,rule1,做多,2025-07-28 15:15,119067.88,2025-07-28 15:30,118907.18,15分钟,-0.135%,-6.75%,-0.0675,-0.2572,收盘价平仓,119448.03,118888.00,119142.76,118823.50
7,rule1,做空,2025-07-30 23:00,118375.20,2025-07-30 23:15,118161.15,15分钟,0.181%,9.04%,0.0904,-0.1668,收盘价平仓,118728.15,118063.49,118792.00,118308.11
8,rule2,做多,2025-08-01 08:45,115427.27,2025-08-01 09:00,114649.90,15分钟,-0.673%,-33.67%,-0.3367,-0.5035,收盘价平仓,115933.00,115313.00,115800.00,115423.87
9,rule1,做空,2025-08-01 22:30,115432.08,2025-08-01 22:45,115619.80,15分钟,-0.163%,-8.13%,-0.0813,-0.5848,收盘价平仓,115748.90,114922.01,115831.28,115367.71
10,rule1,做多,2025-08-03 04:00,112352.98,2025-08-03 04:15,112427.95,15分钟,0.067%,3.34%,0.0334,-0.5515,收盘价平仓,112762.01,112222.28,112377.87,112069.86
11,rule1,做多,2025-08-05 22:45,113037.12,2025-08-05 23:00,113187.78,15分钟,0.133%,6.66%,0.0666,-0.4848,收盘价平仓,113268.09,112750.00,113066.52,112650.00
12,rule1,做空,2025-08-06 13:15,113927.19,2025-08-06 13:30,114244.53,15分钟,-0.279%,-13.93%,-0.1393,-0.6241,收盘价平仓,113932.19,113384.81,114138.78,113810.98
13,rule1,做空,2025-08-06 23:00,115030.00,2025-08-06 23:15,114947.89,15分钟,0.071%,3.57%,0.0357,-0.5884,收盘价平仓,115200.00,114157.96,115300.00,114832.38
14,rule1,做空,2025-08-07 18:45,116347.22,2025-08-07 19:00,116482.42,15分钟,-0.116%,-5.81%,-0.0581,-0.6465,收盘价平仓,116384.49,115839.71,116430.01,116249.49
15,rule1,做多,2025-08-08 00:45,116259.24,2025-08-08 01:00,116393.12,15分钟,0.115%,5.76%,0.0576,-0.5889,收盘价平仓,116715.99,116100.00,116310.68,115632.31
16,rule1,做多,2025-08-11 20:45,119643.70,2025-08-11 21:00,119523.48,15分钟,-0.100%,-5.02%,-0.0502,-0.6392,收盘价平仓,120290.87,119600.00,119783.24,119536.75
17,rule1,做空,2025-08-11 21:45,120010.00,2025-08-11 22:00,120067.19,15分钟,-0.048%,-2.38%,-0.0238,-0.6630,收盘价平仓,120220.71,119496.00,120328.93,119823.26
18,rule1,做多,2025-08-12 00:45,119953.65,2025-08-12 01:00,119907.10,15分钟,-0.039%,-1.94%,-0.0194,-0.6824,收盘价平仓,120599.89,119950.00,120171.49,119920.00
19,rule1,做空,2025-08-13 02:15,119776.01,2025-08-13 02:30,119561.50,15分钟,0.179%,8.95%,0.0895,-0.5929,收盘价平仓,119784.31,119269.99,120073.01,119712.00
20,rule1,做多,2025-08-14 06:45,122954.03,2025-08-14 07:00,123000.00,15分钟,0.037%,1.87%,0.0187,-0.5742,收盘价平仓,123584.41,122910.62,123637.68,122903.85
21,rule1,做多,2025-08-14 08:45,123847.83,2025-08-14 09:00,123609.52,15分钟,-0.192%,-9.62%,-0.0962,-0.6704,收盘价平仓,124474.00,123666.01,123847.84,123489.84
22,rule1,做多,2025-08-14 21:00,119249.19,2025-08-14 21:15,118235.05,15分钟,-0.850%,-42.52%,-0.4252,-1.0956,收盘价平仓,119732.83,118700.00,119249.20,118060.00
23,rule1,做多,2025-08-14 21:30,118270.02,2025-08-14 21:45,118428.85,15分钟,0.134%,6.71%,0.0671,-1.0285,收盘价平仓,119249.20,118006.44,118665.67,117727.73
24,rule1,做多,2025-08-15 00:15,117639.17,2025-08-15 00:30,117707.55,15分钟,0.058%,2.91%,0.0291,-0.9994,收盘价平仓,118257.26,117612.00,117901.86,117414.09
25,rule1,做空,2025-08-18 14:00,115426.05,2025-08-18 14:15,115189.74,15分钟,0.205%,10.24%,0.1024,-0.8970,收盘价平仓,115688.00,115000.00,115712.49,115407.80
26,rule2,做空,2025-08-18 22:15,115375.30,2025-08-18 22:30,115148.39,15分钟,0.197%,9.83%,0.0983,-0.7987,收盘价平仓,115500.00,114825.00,115222.56,114839.14
27,rule1,做空,2025-08-18 23:00,115472.60,2025-08-18 23:15,115634.27,15分钟,-0.140%,-7.00%,-0.0700,-0.8687,收盘价平仓,115633.73,114919.79,115716.58,115451.92
28,rule1,做空,2025-08-19 09:00,116422.15,2025-08-19 09:15,116206.72,15分钟,0.185%,9.25%,0.0925,-0.7762,收盘价平仓,116563.55,116021.06,116725.69,116422.15
29,rule1,做多,2025-08-19 21:45,115192.00,2025-08-19 22:00,114797.22,15分钟,-0.343%,-17.14%,-0.1714,-0.9475,收盘价平仓,115875.84,115032.76,115378.74,114869.60
30,rule1,做空,2025-08-20 03:30,113421.14,2025-08-20 03:45,113132.48,15分钟,0.255%,12.73%,0.1273,-0.8203,收盘价平仓,113430.14,112767.06,113552.03,113312.00
31,rule1,做空,2025-08-21 01:45,114197.53,2025-08-21 02:00,113663.28,15分钟,0.468%,23.39%,0.2339,-0.5864,收盘价平仓,114263.29,113781.16,114444.00,114111.59
32,rule1,做多,2025-08-21 23:15,113032.80,2025-08-21 23:30,113021.50,15分钟,-0.010%,-0.50%,-0.0050,-0.5914,收盘价平仓,113386.31,112700.03,113184.44,112608.64
33,rule1,做空,2025-08-22 22:15,115190.03,2025-08-22 22:30,115780.00,15分钟,-0.512%,-25.61%,-0.2561,-0.8475,收盘价平仓,115211.00,112468.35,115764.00,114609.00
34,rule1,做空,2025-08-22 22:45,115808.23,2025-08-22 23:00,116647.26,15分钟,-0.724%,-36.22%,-0.3622,-1.2097,收盘价平仓,116077.00,115190.03,116116.11,115747.20
35,rule1,做空,2025-08-22 23:15,116725.00,2025-08-22 23:30,116949.63,15分钟,-0.192%,-9.62%,-0.0962,-1.3059,收盘价平仓,116741.44,115808.23,116988.00,116606.33
36,rule2,做多,2025-08-23 00:15,116407.68,2025-08-23 00:30,116460.00,15分钟,0.045%,2.25%,0.0225,-1.2835,收盘价平仓,117296.12,116370.74,116783.22,116370.74
37,rule1,做多,2025-08-25 04:00,112152.57,2025-08-25 04:15,112855.29,15分钟,0.627%,31.33%,0.3133,-0.9702,收盘价平仓,113079.32,112000.00,112600.00,111632.85
38,rule1,做多,2025-08-25 21:45,111491.69,2025-08-25 22:00,111833.49,15分钟,0.307%,15.33%,0.1533,-0.8169,收盘价平仓,111708.57,110815.00,111537.94,110588.00
39,rule1,做空,2025-08-26 05:45,109888.01,2025-08-26 06:00,110024.99,15分钟,-0.125%,-6.23%,-0.0623,-0.8792,收盘价平仓,110162.50,109274.10,110280.50,109888.00
40,rule2,做空,2025-08-27 03:45,111116.03,2025-08-27 04:00,111262.68,15分钟,-0.132%,-6.60%,-0.0660,-0.9452,收盘价平仓,111147.50,110605.60,111133.12,110830.10
41,rule1,做空,2025-08-27 22:30,111931.82,2025-08-27 22:45,111815.94,15分钟,0.104%,5.18%,0.0518,-0.8934,收盘价平仓,112226.24,111536.56,112625.00,111931.81
42,rule2,做多,2025-08-28 23:45,112678.53,2025-08-29 00:00,112925.99,15分钟,0.220%,10.98%,0.1098,-0.7836,收盘价平仓,113250.00,112443.95,112810.28,112541.28
43,rule1,做多,2025-08-30 01:15,108398.21,2025-08-30 01:30,108443.99,15分钟,0.042%,2.11%,0.0211,-0.7625,收盘价平仓,108725.50,108218.00,108545.46,108155.73
44,rule1,做多,2025-09-02 04:45,108877.38,2025-09-02 05:00,108433.54,15分钟,-0.408%,-20.38%,-0.2038,-0.9663,收盘价平仓,109088.33,108472.99,108877.39,108284.00
45,rule1,做多,2025-09-02 20:45,108795.99,2025-09-02 21:00,109186.17,15分钟,0.359%,17.93%,0.1793,-0.7870,收盘价平仓,109470.00,108681.49,108834.63,108393.39
46,rule1,做空,2025-09-02 22:00,111026.99,2025-09-02 22:15,111483.87,15分钟,-0.412%,-20.58%,-0.2058,-0.9928,收盘价平仓,111275.93,110389.42,111500.00,110780.61
47,rule1,做空,2025-09-02 22:30,111530.00,2025-09-02 22:45,111360.01,15分钟,0.152%,7.62%,0.0762,-0.9166,收盘价平仓,111540.00,110817.10,111771.52,111364.51
48,rule1,做多,2025-09-04 22:15,109946.28,2025-09-04 22:30,110100.82,15分钟,0.141%,7.03%,0.0703,-0.8463,收盘价平仓,110523.98,109730.91,110028.00,109705.48
49,rule1,做空,2025-09-05 07:00,111412.63,2025-09-05 07:15,111118.15,15分钟,0.264%,13.22%,0.1322,-0.7141,收盘价平仓,111588.66,110738.70,111765.31,111345.18
50,rule1,做空,2025-09-09 14:15,112622.57,2025-09-09 14:30,112825.71,15分钟,-0.180%,-9.02%,-0.0902,-0.8043,收盘价平仓,112770.99,112151.16,112824.00,112500.16
51,rule1,做多,2025-09-09 22:45,111767.45,2025-09-09 23:00,111395.27,15分钟,-0.333%,-16.65%,-0.1665,-0.9708,收盘价平仓,112320.23,111535.67,111900.63,111511.11
52,rule1,做多,2025-09-09 23:45,110880.76,2025-09-10 00:00,111115.26,15分钟,0.211%,10.57%,0.1057,-0.8651,收盘价平仓,111303.84,110801.52,111049.95,110766.66
53,rule1,做多,2025-09-11 01:30,113634.73,2025-09-11 01:45,113738.01,15分钟,0.091%,4.54%,0.0454,-0.8196,收盘价平仓,114074.46,113427.66,113657.12,113415.20
54,rule1,做多,2025-09-11 21:15,113719.28,2025-09-11 21:30,113926.89,15分钟,0.183%,9.13%,0.0913,-0.7283,收盘价平仓,114011.43,113463.00,113804.68,113430.00
55,rule1,做空,2025-09-12 06:30,115139.99,2025-09-12 06:45,115084.00,15分钟,0.049%,2.43%,0.0243,-0.7040,收盘价平仓,115150.00,114551.39,115227.80,114928.00
56,rule1,做多,2025-09-15 17:00,114854.00,2025-09-15 17:15,115089.83,15分钟,0.205%,10.27%,0.1027,-0.6014,收盘价平仓,115306.62,114709.18,115024.63,114625.87
57,rule1,做空,2025-09-17 00:00,115760.41,2025-09-17 00:15,115858.01,15分钟,-0.084%,-4.22%,-0.0422,-0.6435,收盘价平仓,115905.89,115349.99,116000.00,115753.60
58,rule1,做多,2025-09-17 22:30,115594.68,2025-09-17 22:45,115606.61,15分钟,0.010%,0.52%,0.0052,-0.6384,收盘价平仓,116185.54,115583.91,115726.83,115432.00
59,rule1,做多,2025-09-18 02:45,115226.93,2025-09-18 03:00,115492.29,15分钟,0.230%,11.51%,0.1151,-0.5232,收盘价平仓,115965.89,114875.01,115442.45,114720.81
60,rule1,做多,2025-09-22 16:00,112634.99,2025-09-22 16:15,112629.98,15分钟,-0.004%,-0.22%,-0.0022,-0.5254,收盘价平仓,112999.00,112476.17,112750.00,112452.00
61,rule1,做多,2025-09-23 03:45,112122.90,2025-09-23 04:00,112127.20,15分钟,0.004%,0.19%,0.0019,-0.5235,收盘价平仓,112471.18,111964.99,112319.62,111936.40
62,rule1,做空,2025-09-23 11:30,112223.79,2025-09-23 11:45,112339.99,15分钟,-0.104%,-5.18%,-0.0518,-0.5753,收盘价平仓,112404.92,111795.30,112424.43,112210.00
63,rule1,做多,2025-09-26 02:00,109222.13,2025-09-26 02:15,109442.99,15分钟,0.202%,10.11%,0.1011,-0.4742,收盘价平仓,109455.05,108654.00,109255.31,108631.51
64,rule1,做空,2025-09-29 21:45,113227.29,2025-09-29 22:00,113803.51,15分钟,-0.509%,-25.45%,-0.2545,-0.7286,收盘价平仓,113300.00,112087.43,113490.00,113079.23
65,rule1,做空,2025-09-29 22:15,113743.00,2025-09-29 22:30,114079.26,15分钟,-0.296%,-14.78%,-0.1478,-0.8765,收盘价平仓,113825.00,113220.21,113926.00,113570.29
66,rule1,做空,2025-10-04 00:30,123778.33,2025-10-04 00:45,122553.30,15分钟,0.990%,49.48%,0.4948,-0.3816,收盘价平仓,123830.94,122941.08,123894.99,123531.95
67,rule1,做多,2025-10-04 01:00,122981.09,2025-10-04 01:15,122509.01,15分钟,-0.384%,-19.19%,-0.1919,-0.5735,收盘价平仓,123824.20,122508.63,123113.97,121661.44
68,rule1,做多,2025-10-04 02:00,122029.93,2025-10-04 02:15,122474.40,15分钟,0.364%,18.21%,0.1821,-0.3914,收盘价平仓,122601.00,121603.42,122155.78,121466.25
69,rule1,做空,2025-10-04 04:45,122447.94,2025-10-04 05:00,122451.81,15分钟,-0.003%,-0.16%,-0.0016,-0.3930,收盘价平仓,122673.40,122150.00,122734.92,122439.85
70,rule1,做多,2025-10-05 17:45,123020.50,2025-10-05 18:00,122859.47,15分钟,-0.131%,-6.54%,-0.0654,-0.4584,收盘价平仓,124026.30,122876.27,123270.00,122789.35
71,rule1,做空,2025-10-06 19:30,124299.96,2025-10-06 19:45,124215.00,15分钟,0.068%,3.42%,0.0342,-0.4243,收盘价平仓,124400.00,123735.73,124531.66,124083.83
72,rule2,做多,2025-10-07 03:15,125669.31,2025-10-07 03:30,125391.40,15分钟,-0.221%,-11.06%,-0.1106,-0.5348,收盘价平仓,126199.63,125434.69,126134.71,125648.01
73,rule1,做多,2025-10-07 21:45,123891.68,2025-10-07 22:00,122831.93,15分钟,-0.855%,-42.77%,-0.4277,-0.9625,收盘价平仓,124804.14,123643.33,123951.78,123288.00
74,rule2,做多,2025-10-07 22:30,122815.93,2025-10-07 22:45,122725.36,15分钟,-0.074%,-3.69%,-0.0369,-0.9994,收盘价平仓,124000.00,122750.00,123322.30,122772.46
75,rule1,做空,2025-10-08 00:45,121684.17,2025-10-08 01:00,121477.61,15分钟,0.170%,8.49%,0.0849,-0.9145,收盘价平仓,121855.17,121140.80,122084.14,121622.21
76,rule1,做空,2025-10-08 03:15,121270.00,2025-10-08 03:30,121382.64,15分钟,-0.093%,-4.64%,-0.0464,-0.9610,收盘价平仓,121560.66,120860.46,121590.00,121224.99
77,rule1,做空,2025-10-08 16:45,122381.85,2025-10-08 17:00,122561.77,15分钟,-0.147%,-7.35%,-0.0735,-1.0345,收盘价平仓,122821.25,121916.42,122850.00,122342.37
78,rule1,做多,2025-10-08 21:45,122599.04,2025-10-08 22:00,122825.01,15分钟,0.184%,9.22%,0.0922,-0.9423,收盘价平仓,122694.80,121700.00,122660.22,121649.68
79,rule1,做多,2025-10-09 05:00,123093.21,2025-10-09 05:15,123279.46,15分钟,0.151%,7.57%,0.0757,-0.8667,收盘价平仓,123385.45,122814.00,123162.85,122794.40
80,rule1,做多,2025-10-09 16:30,121330.12,2025-10-09 16:45,121261.62,15分钟,-0.056%,-2.82%,-0.0282,-0.8949,收盘价平仓,121734.21,121179.95,121612.00,121168.13
81,rule1,做空,2025-10-09 18:45,122170.27,2025-10-09 19:00,122246.81,15分钟,-0.063%,-3.13%,-0.0313,-0.9262,收盘价平仓,122314.37,121736.34,122340.00,122098.08
82,rule1,做多,2025-10-10 01:00,120261.36,2025-10-10 01:15,120259.08,15分钟,-0.002%,-0.09%,-0.0009,-0.9272,收盘价平仓,120877.14,119707.29,120369.00,119651.47
83,rule1,做空,2025-10-10 02:00,120762.60,2025-10-10 02:15,120696.90,15分钟,0.054%,2.72%,0.0272,-0.9000,收盘价平仓,121046.15,120417.96,121100.00,120678.77
84,rule1,做多,2025-10-10 23:30,119570.69,2025-10-10 23:45,119018.98,15分钟,-0.461%,-23.07%,-0.2307,-1.1307,收盘价平仓,120497.96,119250.00,119576.25,118500.00
85,rule1,做多,2025-10-11 00:00,118942.59,2025-10-11 00:15,119068.86,15分钟,0.106%,5.31%,0.0531,-1.0776,收盘价平仓,119600.00,118860.60,119243.69,118666.22
86,rule1,做空,2025-10-11 03:30,116923.96,2025-10-11 03:45,116661.50,15分钟,0.224%,11.22%,0.1122,-0.9654,收盘价平仓,116937.21,115952.47,116990.00,116000.00
87,rule1,做空,2025-10-11 03:45,116661.50,2025-10-11 04:00,116780.01,15分钟,-0.102%,-5.08%,-0.0508,-1.0162,收盘价平仓,116990.00,116000.00,117104.42,116574.59
88,rule1,做空,2025-10-11 05:30,110809.05,2025-10-11 05:45,113025.23,15分钟,-2.000%,-100.00%,-1.0000,-2.0162,止损,112510.92,102000.00,112660.64,107796.51
89,rule2,做空,2025-10-11 06:45,113700.00,2025-10-11 07:00,113050.99,15分钟,0.571%,28.54%,0.2854,-1.7307,收盘价平仓,113799.00,112000.00,113306.82,112054.45
90,rule1,做多,2025-10-11 09:30,111245.34,2025-10-11 09:45,111095.37,15分钟,-0.135%,-6.74%,-0.0674,-1.7982,收盘价平仓,112021.86,111166.20,111960.88,111163.65
91,rule1,做空,2025-10-11 10:45,113196.48,2025-10-11 11:00,112360.39,15分钟,0.739%,36.93%,0.3693,-1.4288,收盘价平仓,113232.21,112168.25,113297.92,112972.97
92,rule1,做多,2025-10-11 11:30,111880.48,2025-10-11 11:45,112300.01,15分钟,0.375%,18.75%,0.1875,-1.2414,收盘价平仓,112418.65,111863.04,112187.67,111800.00
93,rule1,做空,2025-10-12 05:30,110696.53,2025-10-12 05:45,110893.54,15分钟,-0.178%,-8.90%,-0.0890,-1.3303,收盘价平仓,110866.61,109933.60,110974.86,110584.01
94,rule1,做多,2025-10-12 22:00,111416.49,2025-10-12 22:15,111481.26,15分钟,0.058%,2.91%,0.0291,-1.3013,收盘价平仓,111837.94,111265.99,111498.12,111219.96
95,rule1,做空,2025-10-12 23:15,113169.49,2025-10-12 23:30,112671.65,15分钟,0.440%,22.00%,0.2200,-1.0813,收盘价平仓,113381.60,112078.00,113745.84,112889.87
96,rule1,做空,2025-10-13 00:45,114069.35,2025-10-13 01:00,114317.15,15分钟,-0.217%,-10.86%,-0.1086,-1.1899,收盘价平仓,114284.00,113372.33,114700.00,113900.50
97,rule1,做空,2025-10-13 03:15,114289.99,2025-10-13 03:30,114176.89,15分钟,0.099%,4.95%,0.0495,-1.1405,收盘价平仓,114362.01,113826.65,114390.97,114194.00
98,rule1,做空,2025-10-13 04:30,115105.33,2025-10-13 04:45,114927.97,15分钟,0.154%,7.70%,0.0770,-1.0634,收盘价平仓,115357.10,114562.00,115468.65,114946.49
99,rule1,做多,2025-10-13 22:30,114547.00,2025-10-13 22:45,114036.63,15分钟,-0.446%,-22.28%,-0.2228,-1.2862,收盘价平仓,115072.58,114177.80,114800.00,113972.00
100,rule1,做空,2025-10-14 02:00,114751.33,2025-10-14 02:15,115258.40,15分钟,-0.442%,-22.09%,-0.2209,-1.5071,收盘价平仓,115053.43,114215.79,115090.99,114710.00
101,rule1,做空,2025-10-14 02:30,115205.07,2025-10-14 02:45,115160.63,15分钟,0.039%,1.93%,0.0193,-1.4878,收盘价平仓,115311.39,114751.32,115377.48,114977.58
102,rule1,做多,2025-10-14 13:15,113031.91,2025-10-14 13:30,112492.48,15分钟,-0.477%,-23.86%,-0.2386,-1.7265,收盘价平仓,113691.00,112994.54,113548.00,112994.29
103,rule1,做多,2025-10-14 18:30,110377.22,2025-10-14 18:45,110623.58,15分钟,0.223%,11.16%,0.1116,-1.6149,收盘价平仓,110965.94,110348.11,110680.00,110012.24
104,rule2,做空,2025-10-15 00:15,112732.80,2025-10-15 00:30,112756.86,15分钟,-0.021%,-1.07%,-0.0107,-1.6255,收盘价平仓,112943.82,112112.89,112929.26,112284.96
105,rule1,做空,2025-10-15 02:15,113153.72,2025-10-15 02:30,112849.06,15分钟,0.269%,13.46%,0.1346,-1.4909,收盘价平仓,113368.85,112726.00,113450.00,113130.33
106,rule2,做空,2025-10-15 04:15,112810.01,2025-10-15 04:30,112874.97,15分钟,-0.058%,-2.88%,-0.0288,-1.5197,收盘价平仓,112818.15,112025.47,112780.00,112230.46
107,rule1,做空,2025-10-15 10:30,113030.64,2025-10-15 10:45,112809.94,15分钟,0.195%,9.76%,0.0976,-1.4221,收盘价平仓,113568.96,112860.12,113612.35,112993.75
108,rule1,做多,2025-10-15 23:45,110798.01,2025-10-16 00:00,110930.28,15分钟,0.119%,5.97%,0.0597,-1.3624,收盘价平仓,111376.29,110578.03,110798.01,110400.00
109,rule1,做多,2025-10-16 01:15,110404.11,2025-10-16 01:30,110716.88,15分钟,0.283%,14.16%,0.1416,-1.2207,收盘价平仓,110759.06,110248.28,110671.99,110164.00
110,rule1,做空,2025-10-16 02:00,110983.00,2025-10-16 02:15,111213.71,15分钟,-0.208%,-10.39%,-0.1039,-1.3247,收盘价平仓,111186.78,110716.88,111199.00,110826.21
111,rule1,做多,2025-10-16 07:00,110855.06,2025-10-16 07:15,110880.00,15分钟,0.022%,1.12%,0.0112,-1.3134,收盘价平仓,111204.57,110667.97,110951.09,110590.10
112,rule2,做空,2025-10-16 09:30,111021.47,2025-10-16 09:45,111299.99,15分钟,-0.251%,-12.54%,-0.1254,-1.4389,收盘价平仓,111109.65,110417.32,111050.70,110705.34
113,rule1,做多,2025-10-16 12:45,110966.03,2025-10-16 13:00,111116.30,15分钟,0.135%,6.77%,0.0677,-1.3712,收盘价平仓,111584.99,110933.29,111119.46,110800.88
114,rule1,做多,2025-10-16 15:30,110910.32,2025-10-16 15:45,110584.20,15分钟,-0.294%,-14.70%,-0.1470,-1.5182,收盘价平仓,111402.59,110731.39,110947.62,110727.50
115,rule1,做空,2025-10-16 17:45,111146.31,2025-10-16 18:00,111375.83,15分钟,-0.207%,-10.33%,-0.1033,-1.6214,收盘价平仓,111427.48,109635.15,111633.14,111010.43
116,rule1,做多,2025-10-16 22:15,110343.41,2025-10-16 22:30,111352.01,15分钟,0.914%,45.70%,0.4570,-1.1644,收盘价平仓,110936.00,110215.50,110466.00,109728.00
117,rule2,做多,2025-10-16 23:00,110587.95,2025-10-16 23:15,110044.97,15分钟,-0.491%,-24.55%,-0.2455,-1.4099,收盘价平仓,111420.02,110343.42,111404.99,110486.12
118,rule1,做多,2025-10-16 23:00,110587.95,2025-10-16 23:15,110044.97,15分钟,-0.491%,-24.55%,-0.2455,-1.6554,收盘价平仓,111404.99,110486.12,110727.35,110149.56
119,rule1,做多,2025-10-17 00:00,108563.87,2025-10-17 00:15,108133.98,15分钟,-0.396%,-19.80%,-0.1980,-1.8534,收盘价平仓,109257.72,108361.69,108810.68,108196.00
120,rule2,做多,2025-10-17 03:30,107979.99,2025-10-17 03:45,108197.66,15分钟,0.202%,10.08%,0.1008,-1.7526,收盘价平仓,108751.02,107700.00,108194.14,107700.00
121,rule1,做多,2025-10-17 15:15,106297.60,2025-10-17 15:30,105759.73,15分钟,-0.506%,-25.30%,-0.2530,-2.0056,收盘价平仓,106901.85,106194.19,106570.46,106156.46
122,rule1,做多,2025-10-17 16:15,105173.59,2025-10-17 16:30,105080.01,15分钟,-0.089%,-4.45%,-0.0445,-2.0501,收盘价平仓,105669.43,105050.00,105459.98,104505.00
123,rule1,做多,2025-10-17 18:00,104638.87,2025-10-17 18:15,104014.60,15分钟,-0.597%,-29.83%,-0.2983,-2.3484,收盘价平仓,105182.62,104520.70,104839.49,104259.99
124,rule1,做多,2025-10-17 19:30,105868.10,2025-10-17 19:45,105683.72,15分钟,-0.174%,-8.71%,-0.0871,-2.4355,收盘价平仓,106651.22,105769.85,106319.16,105702.75
125,rule1,做多,2025-10-17 21:15,105505.06,2025-10-17 21:30,105326.67,15分钟,-0.169%,-8.45%,-0.0845,-2.5200,收盘价平仓,105538.45,104916.66,105626.67,104876.19
126,rule1,做空,2025-10-17 21:30,105326.67,2025-10-17 21:45,105835.63,15分钟,-0.483%,-24.16%,-0.2416,-2.7616,收盘价平仓,105626.67,104876.19,106091.46,105180.56
127,rule1,做多,2025-10-18 01:30,106353.05,2025-10-18 01:45,106453.27,15分钟,0.094%,4.71%,0.0471,-2.7145,收盘价平仓,106729.00,106184.65,106558.58,106146.68
128,rule1,做空,2025-10-20 01:15,109056.57,2025-10-20 01:30,109154.38,15分钟,-0.090%,-4.48%,-0.0448,-2.7593,收盘价平仓,109167.78,108615.20,109437.43,109004.94
129,rule1,做空,2025-10-20 12:00,110393.58,2025-10-20 12:15,110062.11,15分钟,0.300%,15.01%,0.1501,-2.6092,收盘价平仓,110427.86,109061.43,110535.13,110100.00
130,rule1,做多,2025-10-21 00:45,110683.19,2025-10-21 01:00,110563.99,15分钟,-0.108%,-5.38%,-0.0538,-2.6631,收盘价平仓,110981.01,110408.00,110694.50,110110.00
131,rule1,做空,2025-10-21 22:15,109679.80,2025-10-21 22:30,109944.45,15分钟,-0.241%,-12.06%,-0.1206,-2.7837,收盘价平仓,109810.49,108408.00,110597.97,109501.05
132,rule1,做多,2025-10-22 01:00,112729.19,2025-10-22 01:15,112386.83,15分钟,-0.304%,-15.19%,-0.1519,-2.9356,收盘价平仓,113580.89,112465.33,112993.67,112374.76
133,rule1,做多,2025-10-22 08:30,108064.68,2025-10-22 08:45,107986.14,15分钟,-0.073%,-3.63%,-0.0363,-2.9719,收盘价平仓,108553.67,107853.25,108319.63,107841.20
134,rule2,做多,2025-10-22 22:15,107940.55,2025-10-22 22:30,107805.55,15分钟,-0.125%,-6.25%,-0.0625,-3.0344,收盘价平仓,109014.34,107800.00,108807.17,108000.00
135,rule1,做空,2025-10-22 23:00,108402.89,2025-10-22 23:15,107886.97,15分钟,0.476%,23.80%,0.2380,-2.7965,收盘价平仓,108998.00,107656.00,109163.88,108358.80
136,rule1,做空,2025-10-22 23:45,108416.50,2025-10-23 00:00,108429.79,15分钟,-0.012%,-0.61%,-0.0061,-2.8026,收盘价平仓,108600.00,107737.04,108653.30,108214.79
137,rule1,做空,2025-10-23 09:15,108188.76,2025-10-23 09:30,108232.78,15分钟,-0.041%,-2.03%,-0.0203,-2.8229,收盘价平仓,108443.09,107813.20,108500.00,108032.08
138,rule1,做多,2025-10-23 22:15,109296.67,2025-10-23 22:30,109551.64,15分钟,0.233%,11.66%,0.1166,-2.7063,收盘价平仓,109551.20,108850.00,109460.20,108723.13
139,rule1,做多,2025-10-24 21:45,110937.94,2025-10-24 22:00,110581.40,15分钟,-0.321%,-16.07%,-0.1607,-2.8670,收盘价平仓,111311.70,110684.46,110969.33,110379.51
140,rule1,做空,2025-10-26 17:30,112332.00,2025-10-26 17:45,112528.83,15分钟,-0.175%,-8.76%,-0.0876,-2.9546,收盘价平仓,112740.00,111708.63,112779.81,112217.36
141,rule1,做空,2025-10-26 19:45,113286.09,2025-10-26 20:00,113728.00,15分钟,-0.390%,-19.50%,-0.1950,-3.1496,收盘价平仓,113370.38,112689.00,113466.23,113076.67
142,rule1,做多,2025-10-28 22:45,115068.17,2025-10-28 23:00,115335.17,15分钟,0.232%,11.60%,0.1160,-3.0336,收盘价平仓,115962.61,114566.67,115260.00,114223.63
143,rule1,做多,2025-10-29 03:30,114006.54,2025-10-29 03:45,113689.99,15分钟,-0.278%,-13.88%,-0.1388,-3.1725,收盘价平仓,114823.52,113717.00,114141.51,113589.46
144,rule1,做空,2025-10-30 04:30,111261.29,2025-10-30 04:45,111433.46,15分钟,-0.155%,-7.74%,-0.0774,-3.2498,收盘价平仓,111348.11,110507.50,111381.77,111145.10
145,rule2,做多,2025-10-30 08:00,110150.92,2025-10-30 08:15,110386.98,15分钟,0.214%,10.72%,0.1072,-3.1427,收盘价平仓,110463.60,109733.22,110153.84,109920.00
146,rule1,做多,2025-10-30 12:30,108977.40,2025-10-30 12:45,108575.27,15分钟,-0.369%,-18.45%,-0.1845,-3.3272,收盘价平仓,110152.37,108001.49,109460.46,107925.06
147,rule1,做空,2025-10-30 14:45,110768.01,2025-10-30 15:00,111220.02,15分钟,-0.408%,-20.40%,-0.2040,-3.5312,收盘价平仓,110921.60,110150.85,110964.09,110748.27
148,rule1,做空,2025-10-30 15:15,111274.25,2025-10-30 15:30,111376.98,15分钟,-0.092%,-4.62%,-0.0462,-3.5774,收盘价平仓,111325.50,110639.25,111592.00,111192.03
149,rule1,做多,2025-10-31 10:45,108857.99,2025-10-31 11:00,109041.49,15分钟,0.169%,8.43%,0.0843,-3.4931,收盘价平仓,109407.21,108745.56,108963.05,108565.26
150,rule1,做空,2025-10-31 16:30,109809.52,2025-10-31 16:45,110062.44,15分钟,-0.230%,-11.52%,-0.1152,-3.6082,收盘价平仓,109876.17,109222.45,109881.17,109672.00
151,rule1,做空,2025-10-31 20:00,110174.61,2025-10-31 20:15,110170.08,15分钟,0.004%,0.21%,0.0021,-3.6062,收盘价平仓,110550.00,109595.65,110681.00,110136.90
152,rule1,做空,2025-10-31 22:00,109971.02,2025-10-31 22:15,109805.08,15分钟,0.151%,7.54%,0.0754,-3.5307,收盘价平仓,110220.86,109598.52,110575.74,109942.26
153,rule1,做空,2025-10-31 23:00,110783.77,2025-10-31 23:15,110487.84,15分钟,0.267%,13.36%,0.1336,-3.3972,收盘价平仓,111054.61,109972.13,111190.00,110409.00
154,rule1,做多,2025-11-01 01:00,108931.68,2025-11-01 01:15,109042.51,15分钟,0.102%,5.09%,0.0509,-3.3463,收盘价平仓,109716.09,108671.25,109226.63,108635.77
155,rule2,做空,2025-11-03 07:30,110413.80,2025-11-03 07:45,110540.68,15分钟,-0.115%,-5.75%,-0.0575,-3.4038,收盘价平仓,110500.00,109900.00,110500.00,110142.15
156,rule1,做空,2025-11-03 23:00,107648.43,2025-11-03 23:15,105992.64,15分钟,1.538%,76.91%,0.7691,-2.6347,收盘价平仓,108067.54,107522.38,108148.81,107536.50
157,rule1,做多,2025-11-03 23:30,106084.82,2025-11-03 23:45,105745.71,15分钟,-0.320%,-15.98%,-0.1598,-2.7945,收盘价平仓,107648.43,105732.51,106567.65,105511.00
158,rule2,做空,2025-11-04 14:15,104972.73,2025-11-04 14:30,104541.00,15分钟,0.411%,20.56%,0.2056,-2.5889,收盘价平仓,105084.30,104200.00,104909.41,104200.00
159,rule1,做多,2025-11-04 16:15,104202.40,2025-11-04 16:30,104441.56,15分钟,0.230%,11.48%,0.1148,-2.4741,收盘价平仓,104540.68,103838.26,104496.09,103759.99
