杠杆,止盈%,止损%,K1涨跌幅%,切换K线数,切换后止盈比例,切换后止损比例,总交易数,盈利次数,亏损次数,胜率%,平均盈利%,平均亏损%,平均持仓K线数,盈亏比,总盈亏USDT,最终资金USDT,总收益率%
100,200,500,0.21,50,0.9,0.3,1535,877,658,57.13,1.95,-2.15,48.3,1.21,292.0000,1827.0000,19.02
100,200,500,0.21,50,1.0,0.3,1535,862,673,56.16,2.00,-2.13,49.5,1.20,287.5000,1822.5000,18.73
100,200,500,0.21,35,0.9,0.3,1537,853,684,55.50,1.92,-1.98,42.7,1.21,282.6000,1819.6000,18.39
100,200,500,0.21,45,0.9,0.3,1536,868,668,56.51,1.94,-2.10,46.2,1.20,281.8000,1817.8000,18.35
100,200,500,0.21,50,0.6,0.3,1536,927,609,60.35,1.75,-2.20,44.4,1.21,281.5000,1817.5000,18.33
100,200,500,0.21,40,0.9,0.3,1537,860,677,55.95,1.93,-2.04,44.3,1.20,281.1000,1818.1000,18.29
100,200,500,0.21,50,0.7,0.3,1536,905,631,58.92,1.82,-2.18,45.9,1.20,275.7000,1811.7000,17.95
100,200,500,0.21,35,1.0,0.3,1536,831,705,54.10,2.00,-1.97,44.2,1.20,275.5000,1811.5000,17.94
100,200,500,0.21,45,1.0,0.3,1535,849,686,55.31,2.00,-2.08,47.5,1.19,270.0000,1805.0000,17.59
100,200,500,0.21,40,1.0,0.3,1536,839,697,54.62,2.00,-2.02,45.7,1.19,268.5000,1804.5000,17.48
100,200,500,0.21,25,1.0,0.3,1536,798,738,51.95,2.00,-1.80,40.6,1.20,265.0000,1801.0000,17.25
100,200,500,0.21,50,0.8,0.3,1536,884,652,57.55,1.89,-2.15,47.2,1.19,264.2000,1800.2000,17.20
100,200,500,0.21,35,0.8,0.3,1537,869,668,56.54,1.84,-1.99,41.3,1.20,263.8000,1800.8000,17.16
100,200,500,0.21,50,0.5,0.3,1536,943,593,61.39,1.68,-2.22,43.4,1.20,263.5000,1799.5000,17.15
100,200,500,0.21,40,0.8,0.3,1537,873,664,56.80,1.86,-2.05,43.0,1.19,262.0000,1799.0000,17.05
100,200,500,0.21,35,0.7,0.3,1537,893,644,58.10,1.74,-2.01,39.6,1.20,261.8000,1798.8000,17.03
100,200,500,0.21,25,0.9,0.3,1537,821,716,53.42,1.90,-1.81,38.8,1.20,261.4000,1798.4000,17.01
100,200,500,0.21,40,0.7,0.3,1537,893,644,58.10,1.78,-2.07,41.6,1.19,258.0000,1795.0000,16.79
100,200,500,0.21,45,0.8,0.3,1536,877,659,57.10,1.87,-2.11,45.0,1.18,256.5000,1792.5000,16.70
100,200,500,0.21,40,0.6,0.3,1537,916,621,59.60,1.69,-2.09,40.0,1.20,254.1000,1791.1000,16.53
100,200,500,0.21,30,0.9,0.3,1537,833,704,54.20,1.91,-1.90,41.0,1.19,253.5000,1790.5000,16.49
100,200,500,0.21,20,0.9,0.3,1537,805,732,52.37,1.89,-1.73,36.6,1.20,252.0000,1789.0000,16.40
100,200,500,0.21,20,1.0,0.3,1536,778,758,50.65,2.00,-1.72,38.6,1.19,251.0000,1787.0000,16.34
100,200,500,0.21,45,0.7,0.3,1536,894,642,58.20,1.80,-2.12,43.7,1.18,250.8000,1786.8000,16.33
100,200,500,0.21,45,0.6,0.3,1536,915,621,59.57,1.73,-2.14,42.2,1.19,249.1000,1785.1000,16.22
100,200,500,0.21,30,1.0,0.3,1536,810,726,52.73,2.00,-1.89,42.6,1.18,247.5000,1783.5000,16.11
100,200,500,0.21,35,0.6,0.3,1537,916,621,59.60,1.65,-2.03,38.0,1.20,247.5000,1784.5000,16.10
100,200,500,0.21,15,0.9,0.3,1537,789,748,51.33,1.87,-1.65,34.5,1.20,241.1000,1778.1000,15.69
100,200,500,0.21,25,0.8,0.3,1537,840,697,54.65,1.79,-1.82,37.1,1.19,237.7000,1774.7000,15.47
100,200,500,0.21,30,0.8,0.3,1537,851,686,55.37,1.82,-1.91,39.5,1.18,236.3000,1773.3000,15.37
100,200,500,0.21,50,0.4,0.3,1536,957,579,62.30,1.60,-2.24,42.3,1.18,234.5000,1770.5000,15.27
100,200,500,0.21,15,1.0,0.3,1536,756,780,49.22,2.00,-1.64,36.7,1.18,233.5000,1769.5000,15.20
100,200,500,0.21,25,0.7,0.3,1538,868,670,56.44,1.68,-1.83,35.2,1.19,231.0000,1769.0000,15.02
100,200,500,0.21,50,0.3,0.3,1536,985,551,64.13,1.51,-2.27,41.2,1.18,229.3000,1765.3000,14.93
100,200,500,0.21,30,0.7,0.3,1537,875,662,56.93,1.72,-1.93,37.8,1.18,229.3000,1766.3000,14.92
100,200,500,0.21,45,0.5,0.3,1536,932,604,60.68,1.65,-2.16,40.9,1.18,229.0000,1765.0000,14.91
100,200,500,0.21,40,0.5,0.3,1537,934,603,60.77,1.60,-2.10,38.5,1.18,228.5000,1765.5000,14.87
100,200,500,0.21,20,0.8,0.3,1537,826,711,53.74,1.77,-1.74,34.8,1.18,225.1000,1762.1000,14.65
100,200,500,0.21,15,0.7,0.3,1539,857,682,55.69,1.58,-1.66,30.0,1.20,222.5000,1761.5000,14.46
100,200,500,0.21,30,0.6,0.3,1537,899,638,58.49,1.62,-1.94,36.0,1.17,212.7000,1749.7000,13.84
100,200,500,0.21,15,0.8,0.3,1537,814,723,52.96,1.73,-1.65,32.4,1.18,212.2000,1749.2000,13.81
100,200,500,0.21,45,0.4,0.3,1536,953,583,62.04,1.56,-2.18,39.7,1.17,211.3000,1747.3000,13.76
100,200,500,0.21,25,0.6,0.3,1538,894,644,58.13,1.57,-1.85,33.4,1.18,209.2000,1747.2000,13.60
100,200,500,0.21,35,0.5,0.3,1537,933,604,60.70,1.55,-2.04,36.5,1.17,209.0000,1746.0000,13.60
100,200,500,0.21,10,0.9,0.3,1537,767,770,49.90,1.84,-1.57,32.4,1.17,206.7000,1743.7000,13.45
100,200,500,0.21,20,0.7,0.3,1538,853,685,55.46,1.64,-1.75,32.7,1.17,205.7000,1743.7000,13.37
100,200,500,0.21,20,0.9,0.4,1537,882,655,57.38,1.88,-2.22,43.9,1.14,202.6000,1739.6000,13.18
100,200,500,0.21,40,0.4,0.3,1537,955,582,62.13,1.51,-2.13,37.2,1.16,202.6000,1739.6000,13.18
100,200,500,0.21,15,0.6,0.3,1539,894,645,58.09,1.43,-1.67,27.5,1.19,202.4000,1741.4000,13.15
100,200,500,0.21,30,0.9,0.4,1537,901,636,58.62,1.90,-2.38,47.1,1.13,200.4000,1737.4000,13.04
100,200,500,0.21,35,0.9,0.4,1537,909,628,59.14,1.91,-2.45,48.5,1.13,200.4000,1737.4000,13.04
100,200,500,0.21,20,1.0,0.4,1536,854,682,55.60,2.00,-2.21,46.1,1.13,200.0000,1736.0000,13.02
100,200,500,0.21,10,1.0,0.3,1536,730,806,47.53,2.00,-1.57,34.8,1.16,198.5000,1734.5000,12.92
100,200,500,0.21,15,0.9,0.4,1537,872,665,56.73,1.86,-2.14,42.5,1.14,198.0000,1735.0000,12.88
100,200,500,0.21,15,1.0,0.4,1536,840,696,54.69,2.00,-2.13,45.0,1.13,195.0000,1731.0000,12.70
100,200,500,0.21,40,0.9,0.4,1536,912,624,59.38,1.92,-2.50,50.0,1.12,194.2000,1730.2000,12.64
100,200,500,0.21,35,1.0,0.4,1536,887,649,57.75,2.00,-2.43,50.1,1.12,194.0000,1730.0000,12.63
100,200,500,0.21,45,0.3,0.3,1536,978,558,63.67,1.46,-2.22,38.4,1.16,193.6000,1729.6000,12.60
100,200,500,0.21,30,1.0,0.4,1536,877,659,57.10,2.00,-2.37,48.9,1.12,193.0000,1729.0000,12.57
100,200,500,0.21,20,0.6,0.3,1538,886,652,57.61,1.51,-1.76,30.4,1.17,193.2000,1731.2000,12.56
100,200,500,0.21,10,0.9,0.4,1537,862,675,56.08,1.84,-2.07,41.0,1.14,190.2000,1727.2000,12.37
100,200,500,0.21,30,0.8,0.4,1537,922,615,59.99,1.80,-2.40,45.3,1.13,189.4000,1726.4000,12.32
100,200,500,0.21,15,0.7,0.4,1539,943,596,61.27,1.56,-2.16,36.4,1.15,189.4000,1728.4000,12.31
100,200,500,0.21,30,0.5,0.3,1537,924,613,60.12,1.51,-1.96,34.2,1.16,189.0000,1726.0000,12.30
100,200,500,0.21,35,0.7,0.4,1537,952,585,61.94,1.72,-2.48,44.2,1.13,187.4000,1724.4000,12.19
100,200,500,0.21,45,0.9,0.4,1536,916,620,59.64,1.93,-2.55,51.3,1.12,187.2000,1723.2000,12.19
100,200,500,0.21,10,1.0,0.4,1536,826,710,53.78,2.00,-2.06,43.9,1.13,187.0000,1723.0000,12.17
100,200,500,0.21,35,0.8,0.4,1537,927,610,60.31,1.82,-2.46,46.8,1.12,185.6000,1722.6000,12.08
100,200,500,0.21,5,1.0,0.3,1536,715,821,46.55,2.00,-1.52,33.3,1.15,184.5000,1720.5000,12.01
100,200,500,0.21,50,1.0,0.4,1535,905,630,58.96,2.00,-2.58,54.0,1.11,184.0000,1719.0000,11.99
100,200,500,0.21,25,1.0,0.4,1536,862,674,56.12,2.00,-2.28,47.3,1.12,184.0000,1720.0000,11.98
100,200,500,0.21,50,0.9,0.4,1535,919,616,59.87,1.94,-2.59,52.7,1.11,183.6000,1718.6000,11.96
100,200,500,0.21,30,0.7,0.4,1537,947,590,61.61,1.70,-2.41,42.6,1.13,183.6000,1720.6000,11.95
100,200,500,0.21,25,0.9,0.4,1537,886,651,57.64,1.89,-2.29,45.4,1.12,182.4000,1719.4000,11.87
100,200,500,0.21,40,0.7,0.4,1536,949,587,61.78,1.76,-2.53,46.2,1.12,180.4000,1716.4000,11.74
100,200,500,0.21,25,0.5,0.3,1538,921,617,59.88,1.44,-1.86,31.3,1.16,179.5000,1717.5000,11.67
100,200,500,0.21,40,0.8,0.4,1536,927,609,60.35,1.84,-2.51,48.4,1.12,178.4000,1714.4000,11.61
100,200,500,0.21,10,0.8,0.3,1538,797,741,51.82,1.68,-1.57,29.9,1.15,178.4000,1716.4000,11.60
100,200,500,0.21,40,1.0,0.4,1535,890,645,57.98,2.00,-2.48,51.6,1.11,178.0000,1713.0000,11.60
100,200,500,0.21,20,0.8,0.4,1537,905,632,58.88,1.75,-2.23,41.6,1.13,178.0000,1715.0000,11.58
100,200,500,0.21,40,0.3,0.3,1537,980,557,63.76,1.40,-2.15,36.0,1.15,176.7000,1713.7000,11.50
100,200,500,0.21,45,1.0,0.4,1535,897,638,58.44,2.00,-2.54,52.7,1.11,176.0000,1711.0000,11.47
100,200,500,0.21,5,0.9,0.3,1537,752,785,48.93,1.82,-1.52,30.9,1.15,176.1000,1713.1000,11.46
100,200,500,0.21,35,0.4,0.3,1537,955,582,62.13,1.44,-2.07,35.0,1.15,175.2000,1712.2000,11.40
100,200,500,0.21,40,0.6,0.4,1536,971,565,63.22,1.66,-2.55,44.1,1.12,173.6000,1709.6000,11.30
100,200,500,0.21,10,0.9,0.5,1536,934,602,60.81,1.84,-2.56,48.3,1.11,172.3000,1708.3000,11.22
100,200,500,0.21,15,0.8,0.4,1537,899,638,58.49,1.71,-2.15,39.8,1.13,172.2000,1709.2000,11.20
100,200,500,0.21,15,0.6,0.4,1539,980,559,63.68,1.41,-2.17,33.3,1.14,170.6000,1709.6000,11.09
100,200,500,0.21,10,0.7,0.3,1540,838,702,54.42,1.52,-1.57,27.5,1.15,168.5000,1708.5000,10.94
100,200,500,0.21,10,0.8,0.4,1538,895,643,58.19,1.68,-2.07,37.9,1.13,168.2000,1706.2000,10.94
100,200,500,0.21,35,0.6,0.4,1537,973,564,63.31,1.62,-2.50,42.2,1.12,166.4000,1703.4000,10.83
100,200,500,0.21,10,1.0,0.5,1535,898,637,58.50,2.00,-2.56,51.9,1.10,166.0000,1701.0000,10.81
100,200,500,0.21,50,0.6,0.4,1536,967,569,62.96,1.73,-2.64,47.6,1.11,166.0000,1702.0000,10.81
100,200,500,0.21,25,0.8,0.4,1537,908,629,59.08,1.78,-2.31,43.2,1.11,166.0000,1703.0000,10.80
100,200,500,0.21,10,0.7,0.4,1540,938,602,60.91,1.51,-2.07,34.5,1.13,165.0000,1705.0000,10.71
100,200,500,0.21,50,0.7,0.4,1536,947,589,61.65,1.80,-2.62,49.5,1.11,164.0000,1700.0000,10.68
100,200,500,0.21,45,0.8,0.4,1536,927,609,60.35,1.86,-2.56,49.9,1.11,164.0000,1700.0000,10.68
100,200,500,0.21,45,0.7,0.4,1536,945,591,61.52,1.78,-2.58,47.9,1.11,160.2000,1696.2000,10.43
100,200,500,0.21,20,0.5,0.3,1538,916,622,59.56,1.38,-1.77,28.3,1.15,160.0000,1698.0000,10.40
100,200,500,0.21,20,0.7,0.4,1538,933,605,60.66,1.62,-2.24,38.8,1.12,159.2000,1697.2000,10.35
100,200,500,0.21,25,0.7,0.4,1538,936,602,60.86,1.66,-2.32,40.5,1.11,159.2000,1697.2000,10.35
100,200,500,0.21,30,0.6,0.4,1537,969,568,63.04,1.59,-2.43,40.4,1.11,158.2000,1695.2000,10.29
100,200,500,0.21,50,0.8,0.4,1536,928,608,60.42,1.87,-2.60,51.4,1.10,157.6000,1693.6000,10.26
100,200,500,0.21,45,0.6,0.4,1536,965,571,62.83,1.70,-2.60,45.9,1.10,155.6000,1691.6000,10.13
100,200,500,0.21,30,0.4,0.3,1537,949,588,61.74,1.39,-1.98,32.6,1.13,155.3000,1692.3000,10.10
100,200,500,0.21,15,0.5,0.3,1539,925,614,60.10,1.28,-1.68,25.1,1.15,152.5000,1691.5000,9.91
100,200,500,0.21,5,1.0,0.4,1536,809,727,52.67,2.00,-2.02,42.5,1.10,152.0000,1688.0000,9.90
100,200,500,0.21,15,0.9,0.5,1536,934,602,60.81,1.86,-2.63,49.0,1.09,150.1000,1686.1000,9.77
100,200,500,0.21,5,0.8,0.3,1538,788,750,51.24,1.64,-1.52,28.0,1.13,149.8000,1687.8000,9.74
100,200,500,0.21,5,1.0,0.5,1535,888,647,57.85,2.00,-2.52,51.3,1.09,148.5000,1683.5000,9.67
100,200,500,0.21,5,0.7,0.3,1540,838,702,54.42,1.45,-1.52,25.3,1.14,148.2000,1688.2000,9.62
100,200,500,0.21,35,0.3,0.3,1537,984,553,64.02,1.33,-2.09,33.7,1.13,147.3000,1684.3000,9.58
100,200,500,0.21,20,0.9,0.5,1536,939,597,61.13,1.87,-2.70,50.4,1.09,146.7000,1682.7000,9.55
100,200,500,0.21,5,0.9,0.5,1536,926,610,60.29,1.82,-2.52,47.7,1.09,145.8000,1681.8000,9.49
100,200,500,0.21,10,0.6,0.3,1540,879,661,57.08,1.35,-1.58,24.7,1.14,145.2000,1685.2000,9.43
100,200,500,0.21,10,0.9,0.6,1536,989,547,64.39,1.83,-3.05,55.0,1.09,142.8000,1678.8000,9.30
100,200,500,0.21,5,0.9,0.4,1537,846,691,55.04,1.82,-2.02,39.7,1.10,142.8000,1679.8000,9.29
100,200,500,0.21,50,0.5,0.4,1536,981,555,63.87,1.65,-2.66,46.0,1.10,142.0000,1678.0000,9.24
100,200,500,0.21,20,0.6,0.4,1538,964,574,62.68,1.49,-2.25,36.0,1.11,140.8000,1678.8000,9.15
100,200,500,0.21,15,1.0,0.5,1535,901,634,58.70,2.00,-2.62,52.4,1.08,139.5000,1674.5000,9.09
100,200,500,0.21,10,0.6,0.4,1540,978,562,63.51,1.34,-2.08,31.0,1.12,139.0000,1679.0000,9.03
100,200,500,0.21,20,1.0,0.5,1535,910,625,59.28,2.00,-2.69,53.4,1.08,137.5000,1672.5000,8.96
100,200,500,0.21,25,0.4,0.3,1538,947,591,61.57,1.32,-1.88,29.7,1.12,136.7000,1674.7000,8.89
100,200,500,0.21,5,0.9,0.6,1536,987,549,64.26,1.81,-3.01,54.5,1.08,135.6000,1671.6000,8.83
100,200,500,0.21,10,0.8,0.5,1537,963,574,62.65,1.67,-2.57,44.7,1.09,135.5000,1672.5000,8.82
100,200,500,0.21,40,0.5,0.4,1536,985,551,64.13,1.57,-2.57,42.1,1.09,134.0000,1670.0000,8.72
100,200,500,0.21,25,0.6,0.4,1538,961,577,62.48,1.54,-2.33,38.3,1.10,133.6000,1671.6000,8.69
100,200,500,0.21,25,0.9,0.5,1536,942,594,61.33,1.89,-2.77,51.7,1.08,132.2000,1668.2000,8.61
100,200,500,0.21,5,1.0,0.6,1535,949,586,61.82,2.00,-3.01,59.2,1.07,132.0000,1667.0000,8.60
100,200,500,0.21,5,0.6,0.3,1540,889,651,57.73,1.26,-1.52,22.0,1.13,132.3000,1672.3000,8.59
100,200,500,0.21,25,1.0,0.5,1535,917,618,59.74,2.00,-2.76,54.3,1.08,129.0000,1664.0000,8.40
100,200,500,0.21,5,0.7,0.4,1540,935,605,60.71,1.44,-2.02,32.3,1.11,129.0000,1669.0000,8.38
100,200,500,0.21,30,0.3,0.3,1537,982,555,63.89,1.27,-2.01,31.1,1.12,128.4000,1665.4000,8.35
100,200,500,0.21,15,0.7,0.5,1538,999,539,64.95,1.55,-2.64,41.9,1.09,127.8000,1665.8000,8.31
100,200,500,0.21,30,0.9,0.5,1536,948,588,61.72,1.90,-2.84,53.2,1.08,127.5000,1663.5000,8.30
100,200,500,0.21,10,0.7,0.5,1539,1003,536,65.17,1.50,-2.57,40.4,1.09,127.5000,1666.5000,8.28
100,200,500,0.21,5,0.8,0.4,1538,885,653,57.54,1.63,-2.02,36.2,1.10,126.0000,1664.0000,8.19
100,200,500,0.21,35,0.9,0.5,1536,953,583,62.04,1.91,-2.90,54.4,1.07,125.1000,1661.1000,8.14
100,200,500,0.21,10,1.0,0.6,1535,952,583,62.02,2.00,-3.05,59.5,1.07,125.0000,1660.0000,8.14
100,200,500,0.21,45,0.5,0.4,1536,979,557,63.74,1.61,-2.61,44.1,1.09,125.0000,1661.0000,8.14
100,200,500,0.21,15,0.9,0.6,1536,988,548,64.32,1.85,-3.11,56.0,1.07,123.8000,1659.8000,8.06
100,200,500,0.21,20,0.9,0.6,1536,991,545,64.52,1.87,-3.18,57.4,1.07,121.8000,1657.8000,7.93
100,200,500,0.21,20,0.4,0.3,1538,948,590,61.64,1.24,-1.78,26.5,1.11,119.4000,1657.4000,7.76
100,200,500,0.21,40,0.9,0.5,1536,955,581,62.17,1.92,-2.95,55.8,1.07,119.1000,1655.1000,7.75
100,200,500,0.21,45,0.9,0.5,1536,959,577,62.43,1.93,-2.99,57.0,1.07,119.1000,1655.1000,7.75
100,200,500,0.21,30,1.0,0.5,1535,924,611,60.20,2.00,-2.83,55.7,1.07,118.0000,1653.0000,7.69
100,200,500,0.21,30,0.5,0.4,1537,989,548,64.35,1.47,-2.44,38.0,1.09,118.0000,1655.0000,7.68
100,200,500,0.21,10,0.5,0.3,1540,925,615,60.06,1.18,-1.59,21.9,1.12,118.0000,1658.0000,7.66
100,200,500,0.21,35,1.0,0.5,1535,931,604,60.65,2.00,-2.89,56.8,1.07,117.0000,1652.0000,7.62
100,200,500,0.21,35,0.5,0.4,1537,987,550,64.22,1.52,-2.51,40.2,1.08,116.0000,1653.0000,7.55
100,200,500,0.21,5,0.8,0.5,1537,961,576,62.52,1.63,-2.52,43.5,1.08,115.6000,1652.6000,7.52
100,200,500,0.21,5,0.7,0.5,1539,1008,531,65.50,1.44,-2.52,38.9,1.09,115.7000,1654.7000,7.52
100,200,500,0.21,40,0.4,0.4,1536,1008,528,65.62,1.47,-2.59,40.4,1.08,114.0000,1650.0000,7.42
100,200,500,0.21,50,0.3,0.4,1536,1023,513,66.60,1.47,-2.71,43.2,1.08,113.6000,1649.6000,7.40
100,200,500,0.21,50,0.4,0.4,1536,995,541,64.78,1.57,-2.68,44.8,1.08,112.4000,1648.4000,7.32
100,200,500,0.21,45,0.4,0.4,1536,1001,535,65.17,1.52,-2.64,42.6,1.08,111.2000,1647.2000,7.24
100,200,500,0.21,15,0.8,0.5,1536,957,579,62.30,1.71,-2.63,45.9,1.07,109.0000,1645.0000,7.10
100,200,500,0.21,45,1.0,0.5,1535,940,595,61.24,2.00,-2.98,59.2,1.06,107.5000,1642.5000,7.00
100,200,500,0.21,20,0.8,0.5,1536,958,578,62.37,1.74,-2.71,47.7,1.07,105.8000,1641.8000,6.89
100,200,500,0.21,5,0.5,0.3,1540,944,596,61.30,1.07,-1.52,18.9,1.12,106.0000,1646.0000,6.88
100,200,500,0.21,15,0.6,0.5,1538,1033,505,67.17,1.40,-2.65,38.2,1.08,105.2000,1643.2000,6.84
100,200,500,0.21,45,0.3,0.4,1536,1029,507,66.99,1.42,-2.67,40.8,1.08,104.2000,1640.2000,6.78
100,200,500,0.21,15,1.0,0.6,1535,954,581,62.15,2.00,-3.11,60.2,1.06,103.0000,1638.0000,6.71
100,200,500,0.21,5,0.6,0.4,1540,981,559,63.70,1.26,-2.02,28.0,1.09,103.2000,1643.2000,6.70
100,200,500,0.21,40,1.0,0.5,1535,933,602,60.78,2.00,-2.93,58.1,1.06,101.0000,1636.0000,6.58
100,200,500,0.21,50,1.0,0.5,1535,943,592,61.43,2.00,-3.02,60.2,1.06,101.0000,1636.0000,6.58
100,200,500,0.21,10,0.6,0.5,1539,1041,498,67.64,1.33,-2.58,36.5,1.08,101.1000,1640.1000,6.57
100,200,500,0.21,15,0.5,0.4,1539,1005,534,65.30,1.26,-2.17,30.1,1.09,101.0000,1640.0000,6.56
100,200,500,0.21,50,0.9,0.5,1535,957,578,62.35,1.93,-3.03,58.3,1.06,100.0000,1635.0000,6.51
100,200,500,0.21,20,1.0,0.6,1535,960,575,62.54,2.00,-3.17,61.2,1.05,99.0000,1634.0000,6.45
100,200,500,0.21,40,0.3,0.4,1536,1036,500,67.45,1.36,-2.62,38.7,1.07,97.8000,1633.8000,6.37
100,200,500,0.21,30,0.8,0.5,1536,964,572,62.76,1.79,-2.85,51.0,1.06,97.1000,1633.1000,6.32
100,200,500,0.21,35,0.7,0.5,1536,991,545,64.52,1.71,-2.93,49.1,1.06,96.5000,1632.5000,6.28
100,200,500,0.21,30,0.7,0.5,1536,989,547,64.39,1.68,-2.87,47.7,1.06,95.4000,1631.4000,6.21
100,200,500,0.21,25,0.8,0.5,1536,959,577,62.43,1.77,-2.78,49.1,1.06,95.1000,1631.1000,6.19
100,200,500,0.21,25,0.5,0.4,1538,985,553,64.04,1.41,-2.35,35.4,1.07,95.0000,1633.0000,6.18
100,200,500,0.21,20,0.5,0.4,1538,990,548,64.37,1.35,-2.26,33.1,1.08,95.0000,1633.0000,6.18
100,200,500,0.21,15,0.4,0.3,1539,958,581,62.25,1.12,-1.69,23.3,1.10,94.8000,1633.8000,6.16
100,200,500,0.21,5,0.6,0.5,1539,1053,486,68.42,1.25,-2.52,33.9,1.08,94.6000,1633.6000,6.15
100,200,500,0.21,5,0.7,0.6,1539,1063,476,69.07,1.44,-3.02,44.3,1.07,94.2000,1633.2000,6.12
100,200,500,0.21,10,0.5,0.4,1540,1017,523,66.04,1.17,-2.09,27.3,1.09,94.0000,1634.0000,6.10
100,200,500,0.21,25,0.9,0.6,1536,989,547,64.39,1.88,-3.23,58.3,1.05,92.8000,1628.8000,6.04
100,200,500,0.21,30,0.4,0.4,1537,1017,520,66.17,1.35,-2.47,35.8,1.07,92.2000,1629.2000,6.00
100,200,500,0.21,25,0.3,0.3,1538,977,561,63.52,1.18,-1.90,28.2,1.09,91.9000,1629.9000,5.98
100,200,500,0.21,5,0.8,0.6,1537,1018,519,66.23,1.63,-3.02,49.7,1.06,91.8000,1628.8000,5.97
100,200,500,0.21,10,0.8,0.6,1537,1014,523,65.97,1.67,-3.06,50.7,1.06,90.6000,1627.6000,5.89
100,200,500,0.21,35,0.8,0.5,1536,966,570,62.89,1.81,-2.91,52.3,1.05,90.0000,1626.0000,5.86
100,200,500,0.21,35,0.4,0.4,1537,1011,526,65.78,1.41,-2.54,38.2,1.07,88.0000,1625.0000,5.73
100,200,500,0.21,25,0.7,0.5,1537,986,551,64.15,1.65,-2.79,45.6,1.06,87.7000,1624.7000,5.71
100,200,500,0.21,40,0.6,0.5,1536,1010,526,65.76,1.65,-2.99,48.6,1.06,87.4000,1623.4000,5.69
100,200,500,0.21,40,0.7,0.5,1536,987,549,64.26,1.74,-2.97,51.1,1.05,87.1000,1623.1000,5.67
100,200,500,0.21,20,0.7,0.5,1537,985,552,64.09,1.61,-2.72,44.1,1.06,86.0000,1623.0000,5.60
100,200,500,0.21,40,0.8,0.5,1536,966,570,62.89,1.83,-2.96,54.0,1.05,85.8000,1621.8000,5.59
100,200,500,0.21,10,0.7,0.6,1539,1052,487,68.36,1.50,-3.06,45.7,1.06,82.6000,1621.6000,5.37
100,200,500,0.21,35,0.6,0.5,1536,1013,523,65.95,1.60,-2.95,46.7,1.05,81.9000,1617.9000,5.33
100,200,500,0.21,15,0.7,0.6,1538,1046,492,68.01,1.55,-3.13,47.4,1.05,80.6000,1618.6000,5.24
100,200,500,0.21,30,0.9,0.6,1536,991,545,64.52,1.89,-3.30,59.2,1.04,80.4000,1616.4000,5.23
100,200,500,0.21,5,0.6,0.6,1539,1107,432,71.93,1.25,-3.02,38.3,1.06,80.4000,1619.4000,5.22
100,200,500,0.21,45,0.9,0.6,1536,999,537,65.04,1.92,-3.42,62.1,1.04,79.6000,1615.6000,5.18
100,200,500,0.21,45,0.8,0.5,1536,966,570,62.89,1.85,-3.00,55.3,1.04,76.4000,1612.4000,4.97
100,200,500,0.21,30,0.6,0.5,1536,1011,525,65.82,1.57,-2.89,45.1,1.05,72.6000,1608.6000,4.73
100,200,500,0.21,40,0.9,0.6,1536,995,541,64.78,1.91,-3.38,61.1,1.04,72.6000,1608.6000,4.73
100,200,500,0.21,25,1.0,0.6,1535,961,574,62.61,2.00,-3.22,61.6,1.04,72.0000,1607.0000,4.69
100,200,500,0.21,50,0.6,0.5,1536,1002,534,65.23,1.71,-3.07,52.0,1.04,72.0000,1608.0000,4.69
100,200,500,0.21,45,0.6,0.5,1536,1004,532,65.36,1.68,-3.04,50.6,1.04,71.4000,1607.4000,4.65
100,200,500,0.21,30,0.3,0.4,1537,1051,486,68.38,1.22,-2.50,33.8,1.06,70.8000,1607.8000,4.61
100,200,500,0.21,45,0.7,0.5,1536,983,553,64.00,1.77,-3.02,52.9,1.04,69.9000,1605.9000,4.55
100,200,500,0.21,20,0.6,0.5,1537,1015,522,66.04,1.47,-2.73,40.8,1.05,69.0000,1606.0000,4.49
100,200,500,0.21,50,0.9,0.6,1535,998,537,65.02,1.93,-3.45,63.2,1.04,68.8000,1603.8000,4.48
100,200,500,0.21,35,0.3,0.4,1537,1042,495,67.79,1.29,-2.57,36.5,1.05,68.6000,1605.6000,4.46
100,200,500,0.21,35,0.9,0.6,1536,992,544,64.58,1.90,-3.35,60.3,1.04,67.8000,1603.8000,4.41
100,200,500,0.21,20,0.8,0.6,1536,1007,529,65.56,1.74,-3.18,54.2,1.04,66.2000,1602.2000,4.31
100,200,500,0.21,15,0.6,0.6,1538,1080,458,70.22,1.39,-3.14,43.0,1.05,65.6000,1603.6000,4.27
100,200,500,0.21,10,0.4,0.3,1540,968,572,62.86,1.01,-1.59,19.7,1.07,65.5000,1605.5000,4.25
100,200,500,0.21,15,0.8,0.6,1536,1007,529,65.56,1.70,-3.12,52.4,1.04,65.0000,1601.0000,4.23
100,200,500,0.21,20,0.3,0.3,1538,979,559,63.65,1.09,-1.80,24.8,1.06,63.9000,1601.9000,4.15
100,200,500,0.21,25,0.4,0.4,1538,1015,523,65.99,1.28,-2.37,33.3,1.05,63.6000,1601.6000,4.14
100,200,500,0.21,50,0.7,0.5,1536,981,555,63.87,1.79,-3.05,54.3,1.04,63.1000,1599.1000,4.11
100,200,500,0.21,10,0.4,0.4,1540,1066,474,69.22,0.99,-2.09,24.4,1.06,61.4000,1601.4000,3.99
100,200,500,0.21,20,0.4,0.4,1538,1024,514,66.58,1.20,-2.28,30.7,1.05,61.2000,1599.2000,3.98
100,200,500,0.21,10,0.6,0.6,1539,1089,450,70.76,1.32,-3.07,40.9,1.04,61.2000,1600.2000,3.98
100,200,500,0.21,25,0.6,0.5,1537,1010,527,65.71,1.52,-2.80,43.0,1.04,60.9000,1597.9000,3.96
100,200,500,0.21,30,0.9,1.0,1534,1123,411,73.21,1.88,-5.00,87.6,1.03,60.0000,1594.0000,3.91
100,200,500,0.21,45,0.9,1.0,1534,1119,415,72.95,1.91,-5.00,88.5,1.03,59.6000,1593.6000,3.89
100,200,500,0.21,5,0.5,0.4,1540,1027,513,66.69,1.07,-2.02,24.0,1.06,59.0000,1599.0000,3.83
100,200,500,0.21,40,0.9,1.0,1534,1120,414,73.01,1.90,-5.00,88.1,1.03,58.6000,1592.6000,3.82
100,200,500,0.21,20,0.9,1.0,1535,1127,408,73.42,1.86,-5.00,86.9,1.03,57.6000,1592.6000,3.75
100,200,500,0.21,25,0.9,1.0,1535,1125,410,73.29,1.87,-5.00,87.3,1.03,56.6000,1591.6000,3.69
100,200,500,0.21,10,0.9,1.0,1535,1132,403,73.75,1.83,-5.00,85.9,1.03,56.2000,1591.2000,3.66
100,200,500,0.21,50,1.0,0.6,1535,981,554,63.91,2.00,-3.44,65.7,1.03,56.0000,1591.0000,3.65
100,200,500,0.21,35,0.9,1.0,1534,1121,413,73.08,1.89,-5.00,87.9,1.03,55.0000,1589.0000,3.59
100,200,500,0.21,50,0.8,0.5,1536,962,574,62.63,1.86,-3.03,56.7,1.03,54.0000,1590.0000,3.52
100,200,500,0.21,15,0.9,1.0,1535,1129,406,73.55,1.85,-5.00,86.3,1.03,53.6000,1588.6000,3.49
100,200,500,0.21,30,1.0,0.6,1535,964,571,62.80,2.00,-3.28,62.3,1.03,53.0000,1588.0000,3.45
100,200,500,0.21,15,0.4,0.4,1539,1041,498,67.64,1.10,-2.19,27.6,1.05,52.2000,1591.2000,3.39
100,200,500,0.21,45,1.0,0.6,1535,977,558,63.65,2.00,-3.41,64.9,1.03,52.0000,1587.0000,3.39
100,200,500,0.21,10,0.9,0.8,1536,1065,471,69.34,1.83,-4.03,70.4,1.03,51.6000,1587.6000,3.36
100,200,500,0.21,50,0.9,1.0,1533,1116,417,72.80,1.91,-5.00,89.4,1.02,51.2000,1584.2000,3.34
100,200,500,0.21,40,0.5,0.5,1536,1025,511,66.73,1.55,-3.01,46.2,1.03,50.5000,1586.5000,3.29
100,200,500,0.21,10,0.9,0.9,1536,1101,435,71.68,1.83,-4.52,78.4,1.03,50.4000,1586.4000,3.28
100,200,500,0.21,20,0.7,0.6,1537,1034,503,67.27,1.60,-3.19,49.9,1.03,49.6000,1586.6000,3.23
100,200,500,0.21,5,0.9,0.8,1536,1066,470,69.40,1.81,-4.01,70.1,1.03,48.8000,1584.8000,3.18
100,200,500,0.21,50,0.5,0.5,1536,1016,520,66.15,1.63,-3.09,50.2,1.03,48.0000,1584.0000,3.12
100,200,500,0.21,10,0.9,0.7,1536,1021,515,66.47,1.83,-3.54,62.2,1.03,46.4000,1582.4000,3.02
100,200,500,0.21,5,0.4,0.3,1540,993,547,64.48,0.88,-1.53,16.6,1.05,43.9000,1583.9000,2.85
100,200,500,0.21,5,1.0,0.9,1534,1069,465,69.69,2.00,-4.50,85.7,1.02,43.5000,1577.5000,2.84
100,200,500,0.21,45,0.5,0.5,1536,1019,517,66.34,1.59,-3.05,48.5,1.03,43.5000,1579.5000,2.83
100,200,500,0.21,5,0.9,1.0,1535,1133,402,73.81,1.81,-5.00,85.6,1.02,43.4000,1578.4000,2.83
100,200,500,0.21,5,0.9,0.9,1536,1102,434,71.74,1.81,-4.50,78.2,1.02,42.6000,1578.6000,2.77
100,200,500,0.21,5,1.0,1.0,1533,1101,432,71.82,2.00,-5.00,93.7,1.02,42.0000,1575.0000,2.74
100,200,500,0.21,10,1.0,1.0,1533,1101,432,71.82,2.00,-5.00,93.7,1.02,42.0000,1575.0000,2.74
100,200,500,0.21,15,1.0,1.0,1533,1101,432,71.82,2.00,-5.00,93.7,1.02,42.0000,1575.0000,2.74
100,200,500,0.21,20,1.0,1.0,1533,1101,432,71.82,2.00,-5.00,93.7,1.02,42.0000,1575.0000,2.74
100,200,500,0.21,25,1.0,1.0,1533,1101,432,71.82,2.00,-5.00,93.7,1.02,42.0000,1575.0000,2.74
100,200,500,0.21,30,1.0,1.0,1533,1101,432,71.82,2.00,-5.00,93.7,1.02,42.0000,1575.0000,2.74
100,200,500,0.21,35,1.0,1.0,1533,1101,432,71.82,2.00,-5.00,93.7,1.02,42.0000,1575.0000,2.74
100,200,500,0.21,40,1.0,1.0,1533,1101,432,71.82,2.00,-5.00,93.7,1.02,42.0000,1575.0000,2.74
100,200,500,0.21,45,1.0,1.0,1533,1101,432,71.82,2.00,-5.00,93.7,1.02,42.0000,1575.0000,2.74
100,200,500,0.21,50,1.0,1.0,1533,1101,432,71.82,2.00,-5.00,93.7,1.02,42.0000,1575.0000,2.74
100,200,500,0.21,35,1.0,0.6,1535,967,568,63.00,2.00,-3.33,63.3,1.02,42.0000,1577.0000,2.74
100,200,500,0.21,40,1.0,0.6,1535,971,564,63.26,2.00,-3.37,64.0,1.02,42.0000,1577.0000,2.74
100,200,500,0.21,5,1.0,0.8,1535,1031,504,67.17,2.00,-4.01,76.9,1.02,42.0000,1577.0000,2.74
100,200,500,0.21,10,0.5,0.5,1539,1074,465,69.79,1.16,-2.58,32.1,1.03,42.0000,1581.0000,2.73
100,200,500,0.21,15,0.9,0.9,1536,1098,438,71.48,1.85,-4.54,78.8,1.02,41.3000,1577.3000,2.69
100,200,500,0.21,25,0.8,0.6,1536,1003,533,65.30,1.76,-3.24,55.2,1.02,41.0000,1577.0000,2.67
100,200,500,0.21,15,0.9,0.7,1536,1021,515,66.47,1.85,-3.59,63.1,1.02,40.2000,1576.2000,2.62
100,200,500,0.21,10,1.0,0.9,1534,1069,465,69.69,2.00,-4.52,85.7,1.02,38.0000,1572.0000,2.48
100,200,500,0.21,5,0.9,0.7,1536,1020,516,66.41,1.81,-3.51,61.8,1.02,38.0000,1574.0000,2.47
100,200,500,0.21,20,0.9,0.9,1536,1096,440,71.35,1.86,-4.55,79.5,1.02,37.8000,1573.8000,2.46
100,200,500,0.21,25,0.7,0.6,1537,1030,507,67.01,1.64,-3.25,51.1,1.02,37.8000,1574.8000,2.46
100,200,500,0.21,30,0.5,0.5,1536,1032,504,67.19,1.45,-2.90,42.3,1.03,37.5000,1573.5000,2.44
100,200,500,0.21,35,0.5,0.5,1536,1029,507,66.99,1.50,-2.96,44.3,1.02,37.5000,1573.5000,2.44
100,200,500,0.21,45,0.8,0.6,1536,1007,529,65.56,1.84,-3.43,60.2,1.02,37.0000,1573.0000,2.41
100,200,500,0.21,5,0.6,0.9,1539,1212,327,78.75,1.25,-4.51,54.4,1.03,36.9000,1575.9000,2.40
100,200,500,0.21,40,0.8,0.6,1536,1006,530,65.49,1.82,-3.39,58.8,1.02,36.8000,1572.8000,2.40
100,200,500,0.21,15,0.9,0.8,1536,1062,474,69.14,1.85,-4.07,70.9,1.02,36.0000,1572.0000,2.34
100,200,500,0.21,30,0.8,0.6,1536,1004,532,65.36,1.79,-3.30,56.4,1.02,35.6000,1571.6000,2.32
100,200,500,0.21,30,0.8,1.0,1534,1139,395,74.25,1.76,-5.00,82.9,1.02,34.6000,1568.6000,2.26
100,200,500,0.21,5,0.5,0.5,1539,1092,447,70.96,1.06,-2.52,29.3,1.03,34.5000,1573.5000,2.24
100,200,500,0.21,15,0.3,0.3,1539,996,543,64.72,0.96,-1.70,21.3,1.04,34.4000,1573.4000,2.24
100,200,500,0.21,30,0.7,0.6,1536,1028,508,66.93,1.67,-3.32,52.6,1.02,34.0000,1570.0000,2.21
100,200,500,0.21,20,0.6,0.6,1537,1063,474,69.16,1.46,-3.20,45.8,1.02,33.6000,1570.6000,2.19
100,200,500,0.21,40,0.6,0.6,1536,1047,489,68.16,1.63,-3.43,52.4,1.02,31.8000,1567.8000,2.07
100,200,500,0.21,40,0.7,0.6,1536,1025,511,66.73,1.73,-3.41,55.4,1.02,31.8000,1567.8000,2.07
100,200,500,0.21,10,1.0,0.8,1535,1031,504,67.17,2.00,-4.03,77.0,1.02,31.0000,1566.0000,2.02
100,200,500,0.21,20,0.9,0.8,1536,1061,475,69.08,1.87,-4.10,71.6,1.02,30.8000,1566.8000,2.01
100,200,500,0.21,15,1.0,0.9,1534,1069,465,69.69,2.00,-4.53,85.8,1.01,30.0000,1564.0000,1.96
100,200,500,0.21,25,0.9,0.9,1536,1094,442,71.22,1.87,-4.57,80.0,1.01,29.8000,1565.8000,1.94
100,200,500,0.21,35,0.7,0.6,1536,1027,509,66.86,1.70,-3.37,53.9,1.02,29.4000,1565.4000,1.91
100,200,500,0.21,5,1.0,0.7,1535,983,552,64.04,2.00,-3.51,67.7,1.01,28.0000,1563.0000,1.82
100,200,500,0.21,25,0.3,0.4,1538,1048,490,68.14,1.15,-2.39,31.2,1.02,28.0000,1566.0000,1.82
100,200,500,0.21,45,0.9,0.8,1536,1063,473,69.21,1.91,-4.24,75.0,1.01,27.8000,1563.8000,1.81
100,200,500,0.21,25,0.9,0.8,1536,1061,475,69.08,1.88,-4.13,72.3,1.01,27.4000,1563.4000,1.78
100,200,500,0.21,5,0.6,0.8,1539,1179,360,76.61,1.25,-4.01,49.3,1.02,26.8000,1565.8000,1.74
100,200,500,0.21,40,0.8,1.0,1534,1132,402,73.79,1.80,-5.00,84.1,1.01,26.4000,1560.4000,1.72
100,200,500,0.21,40,0.9,0.9,1535,1091,444,71.07,1.90,-4.62,81.0,1.01,26.4000,1561.4000,1.72
100,200,500,0.21,45,0.4,0.5,1536,1039,497,67.64,1.50,-3.07,46.4,1.02,26.1000,1562.1000,1.70
100,200,500,0.21,50,0.8,0.6,1536,1005,531,65.43,1.85,-3.46,61.4,1.01,25.8000,1561.8000,1.68
100,200,500,0.21,50,0.6,0.6,1536,1040,496,67.71,1.69,-3.49,55.8,1.01,25.6000,1561.6000,1.67
100,200,500,0.21,30,0.9,0.9,1535,1092,443,71.14,1.89,-4.59,80.3,1.01,25.2000,1560.2000,1.64
100,200,500,0.21,5,0.5,0.6,1539,1145,394,74.40,1.06,-3.02,33.1,1.02,25.0000,1564.0000,1.62
100,200,500,0.21,5,0.6,1.0,1539,1236,303,80.31,1.25,-5.00,58.7,1.02,24.2000,1563.2000,1.57
100,200,500,0.21,40,0.4,0.5,1536,1045,491,68.03,1.45,-3.03,44.0,1.02,24.1000,1560.1000,1.57
100,200,500,0.21,10,1.0,0.7,1535,985,550,64.17,2.00,-3.54,67.8,1.01,22.5000,1557.5000,1.47
100,200,500,0.21,35,0.7,1.0,1534,1154,380,75.23,1.67,-5.00,77.5,1.01,22.2000,1556.2000,1.45
100,200,500,0.21,35,0.8,0.6,1536,1003,533,65.30,1.80,-3.35,57.7,1.01,22.2000,1558.2000,1.45
100,200,500,0.21,30,0.7,1.0,1534,1158,376,75.49,1.64,-5.00,76.8,1.01,22.0000,1556.0000,1.43
100,200,500,0.21,45,0.6,0.6,1536,1042,494,67.84,1.66,-3.46,54.5,1.01,22.0000,1558.0000,1.43
100,200,500,0.21,45,0.7,0.6,1536,1022,514,66.54,1.75,-3.44,57.2,1.01,22.0000,1558.0000,1.43
100,200,500,0.21,20,0.9,0.7,1536,1019,517,66.34,1.87,-3.64,63.9,1.01,21.7000,1557.7000,1.41
100,200,500,0.21,20,0.3,0.4,1538,1061,477,68.99,1.06,-2.30,28.3,1.02,21.6000,1559.6000,1.40
100,200,500,0.21,20,1.0,0.9,1534,1069,465,69.69,2.00,-4.55,85.8,1.01,21.5000,1555.5000,1.40
100,200,500,0.21,40,0.7,1.0,1534,1149,385,74.90,1.69,-5.00,78.8,1.01,21.4000,1555.4000,1.40
100,200,500,0.21,35,0.9,0.9,1535,1091,444,71.07,1.89,-4.61,80.7,1.01,21.0000,1556.0000,1.37
100,200,500,0.21,15,0.5,0.5,1538,1053,485,68.47,1.24,-2.66,34.6,1.02,20.0000,1558.0000,1.30
100,200,500,0.21,35,0.8,1.0,1534,1134,400,73.92,1.78,-5.00,83.6,1.01,18.8000,1552.8000,1.23
100,200,500,0.21,25,0.8,1.0,1535,1141,394,74.33,1.74,-5.00,82.0,1.01,18.8000,1553.8000,1.22
100,200,500,0.21,35,0.6,0.6,1536,1049,487,68.29,1.59,-3.39,51.0,1.01,18.6000,1554.6000,1.21
100,200,500,0.21,30,0.6,0.6,1536,1051,485,68.42,1.56,-3.33,49.5,1.01,18.6000,1554.6000,1.21
100,200,500,0.21,40,0.9,0.8,1536,1061,475,69.08,1.91,-4.22,73.8,1.01,18.4000,1554.4000,1.20
100,200,500,0.21,25,0.6,0.6,1537,1055,482,68.64,1.51,-3.27,47.8,1.01,18.4000,1555.4000,1.20
100,200,500,0.21,50,0.7,0.6,1536,1020,516,66.41,1.77,-3.47,58.4,1.01,18.2000,1554.2000,1.18
100,200,500,0.21,25,0.5,0.5,1537,1032,505,67.14,1.40,-2.82,39.8,1.01,17.5000,1554.5000,1.14
100,200,500,0.21,5,0.8,1.0,1536,1162,374,75.65,1.62,-5.00,78.0,1.01,17.2000,1553.2000,1.12
100,200,500,0.21,45,0.9,0.9,1535,1089,446,70.94,1.91,-4.63,81.5,1.01,16.6000,1551.6000,1.08
100,200,500,0.21,30,0.9,0.8,1536,1060,476,69.01,1.89,-4.17,73.0,1.01,16.6000,1552.6000,1.08
100,200,500,0.21,45,0.3,0.5,1536,1064,472,69.27,1.39,-3.10,43.9,1.01,16.2000,1552.2000,1.05
100,200,500,0.21,5,0.4,0.4,1540,1080,460,70.13,0.88,-2.03,21.0,1.02,16.0000,1556.0000,1.04
100,200,500,0.21,45,0.8,1.0,1534,1128,406,73.53,1.81,-5.00,85.0,1.01,15.6000,1549.6000,1.02
100,200,500,0.21,20,0.5,0.5,1537,1038,499,67.53,1.33,-2.74,37.5,1.01,15.5000,1552.5000,1.01
100,200,500,0.21,50,0.4,0.5,1536,1029,507,66.99,1.54,-3.10,48.4,1.01,15.1000,1551.1000,0.98
100,200,500,0.21,15,1.0,0.7,1535,988,547,64.36,2.00,-3.59,68.4,1.01,15.0000,1550.0000,0.98
100,200,500,0.21,15,1.0,0.8,1535,1031,504,67.17,2.00,-4.06,77.1,1.01,15.0000,1550.0000,0.98
100,200,500,0.21,25,0.7,1.0,1536,1164,372,75.78,1.61,-5.00,75.9,1.01,14.4000,1550.4000,0.94
100,200,500,0.21,50,0.3,0.5,1536,1054,482,68.62,1.45,-3.13,46.1,1.01,14.2000,1550.2000,0.92
100,200,500,0.21,25,1.0,0.9,1534,1069,465,69.69,2.00,-4.57,85.9,1.01,13.5000,1547.5000,0.88
100,200,500,0.21,50,0.9,0.8,1535,1060,475,69.06,1.92,-4.26,75.9,1.01,13.4000,1548.4000,0.87
100,200,500,0.21,20,0.8,1.0,1535,1144,391,74.53,1.72,-5.00,81.4,1.01,13.4000,1548.4000,0.87
100,200,500,0.21,15,0.3,0.4,1539,1086,453,70.57,0.93,-2.21,24.7,1.01,12.4000,1551.4000,0.81
100,200,500,0.21,5,0.6,0.7,1539,1138,401,73.94,1.25,-3.51,43.8,1.01,12.1000,1551.1000,0.79
100,200,500,0.21,5,0.7,0.9,1539,1169,370,75.96,1.44,-4.51,62.8,1.01,11.6000,1550.6000,0.75
100,200,500,0.21,50,0.9,0.9,1534,1087,447,70.86,1.92,-4.64,82.6,1.01,11.5000,1545.5000,0.75
100,200,500,0.21,40,0.3,0.5,1536,1072,464,69.79,1.34,-3.06,41.6,1.01,11.4000,1547.4000,0.74
100,200,500,0.21,25,0.9,0.7,1536,1019,517,66.34,1.88,-3.69,64.7,1.01,10.3000,1546.3000,0.67
100,200,500,0.21,10,0.8,1.0,1536,1155,381,75.20,1.66,-5.00,79.1,1.01,10.2000,1546.2000,0.66
100,200,500,0.21,50,0.8,1.0,1534,1125,409,73.34,1.83,-5.00,86.1,1.00,9.8000,1543.8000,0.64
100,200,500,0.21,15,0.7,1.0,1538,1179,359,76.66,1.53,-5.00,71.8,1.01,9.8000,1547.8000,0.64
100,200,500,0.21,50,0.9,0.7,1535,1026,509,66.84,1.92,-3.86,68.9,1.00,9.7000,1544.7000,0.63
100,200,500,0.21,40,0.6,1.0,1534,1166,368,76.01,1.59,-5.00,73.5,1.01,9.6000,1543.6000,0.63
100,200,500,0.21,40,0.9,0.7,1536,1024,512,66.67,1.91,-3.80,66.8,1.00,7.8000,1543.8000,0.51
100,200,500,0.21,5,0.7,1.0,1539,1197,342,77.78,1.44,-5.00,68.6,1.00,7.8000,1546.8000,0.51
100,200,500,0.21,5,0.8,0.7,1537,1052,485,68.45,1.63,-3.51,56.5,1.00,7.7000,1544.7000,0.50
100,200,500,0.21,30,0.9,0.7,1536,1021,515,66.47,1.89,-3.74,65.5,1.00,7.4000,1543.4000,0.48
100,200,500,0.21,15,0.6,0.7,1538,1113,425,72.37,1.38,-3.61,48.4,1.00,7.2000,1545.2000,0.47
100,200,500,0.21,15,0.7,0.7,1538,1078,460,70.09,1.54,-3.60,53.4,1.00,6.9000,1544.9000,0.45
100,200,500,0.21,50,0.6,1.0,1534,1156,378,75.36,1.64,-5.00,76.4,1.00,6.8000,1540.8000,0.44
100,200,500,0.21,40,1.0,0.9,1534,1071,463,69.82,2.00,-4.61,86.2,1.00,6.5000,1540.5000,0.42
100,200,500,0.21,35,0.4,0.5,1536,1051,485,68.42,1.38,-2.98,41.8,1.00,6.5000,1542.5000,0.42
100,200,500,0.21,15,0.6,0.9,1538,1182,356,76.85,1.37,-4.54,59.5,1.00,6.5000,1544.5000,0.42
100,200,500,0.21,45,0.7,1.0,1534,1143,391,74.51,1.72,-5.00,80.1,1.00,6.4000,1540.4000,0.42
100,200,500,0.21,10,0.4,0.5,1539,1118,421,72.64,0.98,-2.59,28.5,1.01,6.0000,1545.0000,0.39
100,200,500,0.21,45,0.9,0.7,1536,1025,511,66.73,1.92,-3.83,67.5,1.00,5.9000,1541.9000,0.38
100,200,500,0.21,5,0.7,0.8,1539,1134,405,73.68,1.44,-4.01,56.8,1.00,5.6000,1544.6000,0.36
100,200,500,0.21,15,0.6,1.0,1538,1208,330,78.54,1.37,-5.00,64.4,1.00,5.2000,1543.2000,0.34
100,200,500,0.21,5,0.7,0.7,1539,1093,446,71.02,1.44,-3.51,50.4,1.00,5.2000,1544.2000,0.34
100,200,500,0.21,35,1.0,0.9,1534,1070,464,69.75,2.00,-4.60,86.0,1.00,5.0000,1539.0000,0.33
100,200,500,0.21,30,1.0,0.9,1534,1069,465,69.69,2.00,-4.59,85.9,1.00,5.0000,1539.0000,0.33
100,200,500,0.21,50,0.5,0.6,1536,1055,481,68.68,1.60,-3.51,53.7,1.00,5.0000,1541.0000,0.33
100,200,500,0.21,10,0.8,0.7,1537,1047,490,68.12,1.66,-3.55,57.4,1.00,4.9000,1541.9000,0.32
100,200,500,0.21,50,1.0,0.9,1534,1072,462,69.88,2.00,-4.63,86.7,1.00,4.0000,1538.0000,0.26
100,200,500,0.21,45,1.0,0.8,1535,1043,492,67.95,2.00,-4.23,79.5,1.00,4.0000,1539.0000,0.26
100,200,500,0.21,20,1.0,0.8,1535,1032,503,67.23,2.00,-4.10,77.2,1.00,4.0000,1539.0000,0.26
100,200,500,0.21,30,0.4,0.5,1536,1056,480,68.75,1.33,-2.92,39.6,1.00,3.9000,1539.9000,0.25
100,200,500,0.21,15,0.7,0.9,1538,1150,388,74.77,1.53,-4.54,65.7,1.00,2.7000,1540.7000,0.18
100,200,500,0.21,5,0.8,0.8,1537,1094,443,71.18,1.63,-4.01,64.1,1.00,2.4000,1539.4000,0.16
100,200,500,0.21,50,1.0,0.8,1535,1044,491,68.01,2.00,-4.25,79.9,1.00,2.0000,1537.0000,0.13
100,200,500,0.21,50,0.7,1.0,1534,1139,395,74.25,1.74,-5.00,81.1,1.00,1.8000,1535.8000,0.12
100,200,500,0.21,30,0.6,1.0,1534,1177,357,76.73,1.52,-5.00,71.5,1.00,1.8000,1535.8000,0.12
100,200,500,0.21,35,0.9,0.7,1536,1022,514,66.54,1.90,-3.77,66.2,1.00,1.8000,1537.8000,0.12
100,200,500,0.21,45,1.0,0.9,1534,1071,463,69.82,2.00,-4.62,86.4,1.00,1.5000,1535.5000,0.10
100,200,500,0.21,10,0.5,0.6,1539,1120,419,72.77,1.15,-3.07,35.8,1.00,1.0000,1540.0000,0.06
100,200,500,0.21,35,0.9,0.8,1536,1058,478,68.88,1.90,-4.20,73.3,1.00,0.6000,1536.6000,0.04
100,200,500,0.21,25,1.0,0.8,1535,1034,501,67.36,2.00,-4.13,77.6,1.00,-0.0000,1535.0000,-0.00
100,200,500,0.21,5,0.4,0.6,1539,1195,344,77.65,0.87,-3.02,28.8,1.00,-0.0000,1539.0000,-0.00
100,200,500,0.21,50,1.0,0.7,1535,1010,525,65.80,2.00,-3.85,72.1,1.00,-0.5000,1534.5000,-0.03
100,200,500,0.21,35,0.6,1.0,1534,1171,363,76.34,1.55,-5.00,72.5,1.00,-1.0000,1533.0000,-0.07
100,200,500,0.21,15,0.8,1.0,1535,1147,388,74.72,1.69,-5.00,80.3,1.00,-2.0000,1533.0000,-0.13
100,200,500,0.21,5,0.3,0.3,1540,1059,481,68.77,0.69,-1.53,13.9,1.00,-2.1000,1537.9000,-0.14
100,200,500,0.21,10,0.3,0.3,1540,1012,528,65.71,0.83,-1.60,17.4,1.00,-2.1000,1537.9000,-0.14
100,200,500,0.21,15,0.6,0.8,1538,1149,389,74.71,1.38,-4.08,54.0,1.00,-2.6000,1535.4000,-0.17
100,200,500,0.21,45,0.6,1.0,1534,1159,375,75.55,1.62,-5.00,75.3,1.00,-2.6000,1531.4000,-0.17
100,200,500,0.21,5,0.8,0.9,1537,1129,408,73.45,1.62,-4.50,71.2,1.00,-3.6000,1533.4000,-0.23
100,200,500,0.21,10,0.6,0.9,1539,1192,347,77.45,1.31,-4.52,57.8,1.00,-4.2000,1534.8000,-0.27
100,200,500,0.21,20,0.7,1.0,1536,1167,369,75.98,1.58,-5.00,74.7,1.00,-4.2000,1531.8000,-0.27
100,200,500,0.21,20,1.0,0.7,1535,989,546,64.43,2.00,-3.63,68.7,1.00,-5.0000,1530.0000,-0.33
100,200,500,0.21,45,0.5,0.6,1536,1057,479,68.82,1.57,-3.48,52.1,1.00,-6.0000,1530.0000,-0.39
100,200,500,0.21,10,0.7,0.7,1539,1082,457,70.31,1.49,-3.55,51.8,1.00,-6.4000,1532.6000,-0.42
100,200,500,0.21,25,0.6,1.0,1536,1185,351,77.15,1.48,-5.00,70.3,1.00,-6.6000,1529.4000,-0.43
100,200,500,0.21,10,0.4,0.6,1539,1168,371,75.89,0.97,-3.08,31.8,0.99,-7.0000,1532.0000,-0.45
100,200,500,0.21,10,0.8,0.8,1537,1087,450,70.72,1.66,-4.03,65.0,1.00,-8.6000,1528.4000,-0.56
100,200,500,0.21,10,0.3,0.4,1540,1108,432,71.95,0.81,-2.10,21.3,0.99,-9.0000,1531.0000,-0.58
100,200,500,0.21,10,0.6,1.0,1539,1218,321,79.14,1.31,-5.00,62.6,0.99,-9.0000,1530.0000,-0.58
100,200,500,0.21,45,0.4,0.6,1536,1080,456,70.31,1.47,-3.50,49.7,0.99,-9.6000,1526.4000,-0.63
100,200,500,0.21,10,0.6,0.8,1539,1159,380,75.31,1.32,-4.04,52.3,0.99,-9.8000,1529.2000,-0.64
100,200,500,0.21,20,0.5,0.6,1537,1088,449,70.79,1.32,-3.21,42.0,0.99,-10.0000,1527.0000,-0.65
100,200,500,0.21,40,1.0,0.8,1535,1039,496,67.69,2.00,-4.21,78.6,1.00,-10.0000,1525.0000,-0.65
100,200,500,0.21,10,0.7,1.0,1539,1185,354,77.00,1.49,-5.00,70.4,0.99,-10.2000,1528.8000,-0.66
100,200,500,0.21,50,0.4,0.6,1536,1073,463,69.86,1.51,-3.53,51.7,0.99,-10.2000,1525.8000,-0.66
100,200,500,0.21,10,0.6,0.7,1539,1120,419,72.77,1.32,-3.55,46.4,0.99,-10.6000,1528.4000,-0.69
100,200,500,0.21,15,0.8,0.7,1536,1041,495,67.77,1.70,-3.59,58.9,0.99,-10.6000,1525.4000,-0.69
100,200,500,0.21,30,1.0,0.8,1535,1035,500,67.43,2.00,-4.16,78.1,0.99,-11.0000,1524.0000,-0.72
100,200,500,0.21,30,0.3,0.5,1536,1089,447,70.90,1.20,-2.95,36.8,0.99,-11.4000,1524.6000,-0.74
100,200,500,0.21,5,0.4,0.5,1539,1140,399,74.07,0.87,-2.53,25.6,0.99,-11.5000,1527.5000,-0.75
100,200,500,0.21,35,0.3,0.5,1536,1080,456,70.31,1.26,-3.02,39.3,0.99,-11.6000,1524.4000,-0.76
100,200,500,0.21,10,0.7,0.9,1539,1156,383,75.11,1.49,-4.52,64.4,0.99,-11.8000,1527.2000,-0.77
100,200,500,0.21,25,1.0,0.7,1535,992,543,64.63,2.00,-3.68,69.1,0.99,-12.5000,1522.5000,-0.81
100,200,500,0.21,10,0.8,0.9,1537,1122,415,73.00,1.66,-4.52,72.2,0.99,-12.6000,1524.4000,-0.82
100,200,500,0.21,40,0.5,0.6,1536,1060,476,69.01,1.53,-3.44,49.9,0.99,-13.0000,1523.0000,-0.85
100,200,500,0.21,15,0.7,0.8,1538,1114,424,72.43,1.54,-4.07,59.5,0.99,-13.2000,1524.8000,-0.86
100,200,500,0.21,20,0.4,0.6,1537,1126,411,73.26,1.17,-3.23,38.7,0.99,-14.2000,1522.8000,-0.92
100,200,500,0.21,30,0.8,0.9,1535,1106,429,72.05,1.77,-4.59,76.0,0.99,-14.2000,1520.8000,-0.93
100,200,500,0.21,50,0.3,0.6,1536,1096,440,71.35,1.41,-3.55,49.1,0.99,-14.6000,1521.4000,-0.95
100,200,500,0.21,15,0.5,0.6,1538,1101,437,71.59,1.23,-3.14,39.0,0.99,-15.0000,1523.0000,-0.98
100,200,500,0.21,45,0.3,0.6,1536,1105,431,71.94,1.36,-3.53,47.0,0.99,-15.2000,1520.8000,-0.99
100,200,500,0.21,5,0.5,0.9,1539,1244,295,80.83,1.06,-4.51,47.0,0.99,-15.5000,1523.5000,-1.01
100,200,500,0.21,30,1.0,0.7,1535,996,539,64.89,2.00,-3.73,69.6,0.99,-16.0000,1519.0000,-1.04
100,200,500,0.21,45,1.0,0.7,1535,1005,530,65.47,2.00,-3.82,71.3,0.99,-16.0000,1519.0000,-1.04
100,200,500,0.21,10,0.7,0.8,1539,1121,418,72.84,1.49,-4.04,58.1,0.99,-16.8000,1522.2000,-1.09
100,200,500,0.21,40,0.4,0.6,1536,1085,451,70.64,1.42,-3.46,47.2,0.99,-17.4000,1518.6000,-1.13
100,200,500,0.21,40,1.0,0.7,1535,1002,533,65.28,2.00,-3.79,70.6,0.99,-17.5000,1517.5000,-1.14
100,200,500,0.21,30,0.5,0.6,1536,1071,465,69.73,1.44,-3.35,46.2,0.99,-18.0000,1518.0000,-1.17
100,200,500,0.21,25,0.4,0.5,1537,1059,478,68.90,1.26,-2.83,37.2,0.99,-18.2000,1518.8000,-1.18
100,200,500,0.21,40,0.8,0.9,1535,1101,434,71.73,1.80,-4.62,77.4,0.99,-18.2000,1516.8000,-1.19
100,200,500,0.21,25,0.5,0.6,1537,1078,459,70.14,1.38,-3.28,44.2,0.99,-19.0000,1518.0000,-1.24
100,200,500,0.21,35,1.0,0.7,1535,999,536,65.08,2.00,-3.76,70.3,0.99,-19.0000,1516.0000,-1.24
100,200,500,0.21,40,0.7,0.9,1535,1119,416,72.90,1.70,-4.63,72.4,0.99,-19.6000,1515.4000,-1.28
100,200,500,0.21,20,0.4,0.5,1537,1069,468,69.55,1.19,-2.76,34.7,0.98,-20.8000,1516.2000,-1.35
100,200,500,0.21,20,0.8,0.9,1536,1111,425,72.33,1.72,-4.56,74.5,0.99,-20.9000,1515.1000,-1.36
100,200,500,0.21,20,0.8,0.7,1536,1037,499,67.51,1.73,-3.64,60.3,0.99,-21.3000,1514.7000,-1.39
100,200,500,0.21,25,0.8,0.9,1536,1108,428,72.14,1.75,-4.57,75.1,0.99,-22.0000,1514.0000,-1.43
100,200,500,0.21,5,0.3,0.4,1540,1143,397,74.22,0.69,-2.03,17.2,0.97,-22.2000,1517.8000,-1.44
100,200,500,0.21,35,0.7,0.9,1535,1123,412,73.16,1.67,-4.61,70.9,0.99,-22.2000,1512.8000,-1.45
100,200,500,0.21,40,0.6,0.9,1535,1138,397,74.14,1.60,-4.63,67.8,0.99,-22.5000,1512.5000,-1.47
100,200,500,0.21,5,0.3,0.6,1539,1251,288,81.29,0.68,-3.03,23.2,0.97,-23.4000,1515.6000,-1.52
100,200,500,0.21,30,0.7,0.9,1535,1126,409,73.36,1.65,-4.60,70.3,0.99,-23.8000,1511.2000,-1.55
100,200,500,0.21,5,0.3,0.5,1539,1205,334,78.30,0.68,-2.53,20.7,0.97,-24.0000,1515.0000,-1.56
100,200,500,0.21,35,1.0,0.8,1535,1035,500,67.43,2.00,-4.19,78.2,0.99,-24.0000,1511.0000,-1.56
100,200,500,0.21,40,0.6,0.7,1536,1076,460,70.05,1.62,-3.84,57.1,0.99,-24.4000,1511.6000,-1.59
100,200,500,0.21,25,0.8,0.8,1536,1075,461,69.99,1.75,-4.14,68.3,0.99,-24.8000,1511.2000,-1.61
100,200,500,0.21,25,0.7,0.9,1537,1132,405,73.65,1.62,-4.58,69.3,0.99,-24.9000,1512.1000,-1.62
100,200,500,0.21,50,0.5,1.0,1534,1168,366,76.14,1.55,-5.00,71.8,0.99,-25.0000,1509.0000,-1.63
100,200,500,0.21,20,0.7,0.9,1537,1137,400,73.98,1.58,-4.56,68.3,0.99,-25.2000,1511.8000,-1.64
100,200,500,0.21,45,0.8,0.8,1536,1070,466,69.66,1.83,-4.24,72.0,0.99,-25.2000,1510.8000,-1.64
100,200,500,0.21,30,0.8,0.7,1536,1036,500,67.45,1.78,-3.74,62.4,0.99,-26.7000,1509.3000,-1.74
100,200,500,0.21,30,0.7,0.7,1536,1059,477,68.95,1.67,-3.75,58.2,0.98,-27.6000,1508.4000,-1.80
100,200,500,0.21,5,0.4,0.9,1539,1286,253,83.56,0.87,-4.51,40.7,0.98,-27.7000,1511.3000,-1.80
100,200,500,0.21,35,0.8,0.9,1535,1102,433,71.79,1.79,-4.61,76.6,0.99,-27.9000,1507.1000,-1.82
100,200,500,0.21,40,0.3,0.6,1536,1111,425,72.33,1.31,-3.49,44.7,0.98,-28.2000,1507.8000,-1.84
100,200,500,0.21,40,0.8,0.7,1536,1035,501,67.38,1.82,-3.81,64.2,0.99,-28.3000,1507.7000,-1.84
100,200,500,0.21,20,0.8,0.8,1536,1076,460,70.05,1.73,-4.10,67.4,0.98,-28.4000,1507.6000,-1.85
100,200,500,0.21,30,0.4,0.6,1536,1100,436,71.61,1.31,-3.37,43.2,0.98,-28.4000,1507.6000,-1.85
100,200,500,0.21,30,0.8,0.8,1536,1073,463,69.86,1.77,-4.17,69.4,0.98,-29.0000,1507.0000,-1.89
100,200,500,0.21,15,0.8,0.9,1536,1114,422,72.53,1.69,-4.54,73.3,0.98,-29.3000,1506.7000,-1.91
100,200,500,0.21,40,0.7,0.7,1536,1054,482,68.62,1.72,-3.82,60.6,0.98,-29.6000,1506.4000,-1.93
100,200,500,0.21,50,0.6,0.7,1536,1068,468,69.53,1.68,-3.89,60.7,0.98,-29.8000,1506.2000,-1.94
100,200,500,0.21,15,0.8,0.8,1536,1079,457,70.25,1.70,-4.07,66.1,0.98,-29.8000,1506.2000,-1.94
100,200,500,0.21,15,0.4,0.5,1538,1086,452,70.61,1.08,-2.67,31.5,0.97,-30.3000,1507.7000,-1.97
100,200,500,0.21,25,0.8,0.7,1536,1035,501,67.38,1.76,-3.69,61.2,0.98,-30.3000,1505.7000,-1.97
100,200,500,0.21,40,0.6,0.8,1536,1109,427,72.20,1.61,-4.24,62.8,0.98,-30.8000,1505.2000,-2.01
100,200,500,0.21,40,0.8,0.8,1536,1070,466,69.66,1.81,-4.22,70.8,0.98,-30.8000,1505.2000,-2.01
100,200,500,0.21,35,0.7,0.7,1536,1057,479,68.82,1.69,-3.79,59.2,0.98,-31.1000,1504.9000,-2.02
100,200,500,0.21,25,0.4,0.6,1537,1110,427,72.22,1.24,-3.30,41.1,0.98,-31.4000,1505.6000,-2.04
100,200,500,0.21,25,0.7,0.7,1537,1061,476,69.03,1.63,-3.70,56.8,0.98,-31.8000,1505.2000,-2.07
100,200,500,0.21,20,0.6,1.0,1536,1189,347,77.41,1.43,-5.00,68.2,0.98,-32.2000,1503.8000,-2.10
100,200,500,0.21,50,0.4,1.0,1534,1185,349,77.25,1.45,-5.00,67.9,0.98,-32.6000,1501.4000,-2.13
100,200,500,0.21,35,0.5,0.6,1536,1063,473,69.21,1.48,-3.40,48.3,0.98,-33.0000,1503.0000,-2.15
100,200,500,0.21,40,0.4,1.0,1534,1200,334,78.23,1.36,-5.00,64.2,0.98,-34.4000,1499.6000,-2.24
100,200,500,0.21,5,0.5,1.0,1539,1265,274,82.20,1.06,-5.00,50.8,0.97,-35.0000,1504.0000,-2.27
100,200,500,0.21,5,0.5,0.8,1539,1211,328,78.69,1.06,-4.01,42.7,0.97,-35.0000,1504.0000,-2.27
100,200,500,0.21,40,0.7,0.8,1536,1088,448,70.83,1.71,-4.23,66.6,0.98,-35.0000,1501.0000,-2.28
100,200,500,0.21,30,0.6,0.9,1535,1147,388,74.72,1.53,-4.60,65.6,0.98,-35.7000,1499.3000,-2.33
100,200,500,0.21,20,0.7,0.7,1537,1063,474,69.16,1.59,-3.65,55.7,0.98,-35.8000,1501.2000,-2.33
100,200,500,0.21,50,0.8,0.7,1536,1033,503,67.25,1.85,-3.86,66.9,0.98,-35.9000,1500.1000,-2.34
100,200,500,0.21,50,0.8,0.8,1536,1067,469,69.47,1.84,-4.26,73.2,0.98,-36.0000,1500.0000,-2.34
100,200,500,0.21,35,0.6,0.9,1535,1142,393,74.40,1.56,-4.62,66.5,0.98,-36.3000,1498.7000,-2.36
100,200,500,0.21,50,0.6,0.8,1536,1100,436,71.61,1.66,-4.28,66.0,0.98,-36.4000,1499.6000,-2.37
100,200,500,0.21,35,0.6,0.7,1536,1079,457,70.25,1.58,-3.81,55.9,0.98,-36.9000,1499.1000,-2.40
100,200,500,0.21,30,0.6,0.7,1536,1082,454,70.44,1.55,-3.77,54.7,0.98,-37.7000,1498.3000,-2.45
100,200,500,0.21,45,0.7,0.8,1536,1085,451,70.64,1.73,-4.25,68.3,0.98,-37.8000,1498.2000,-2.46
100,200,500,0.21,45,0.8,0.7,1536,1033,503,67.25,1.83,-3.84,65.4,0.98,-37.9000,1498.1000,-2.47
100,200,500,0.21,25,0.7,0.8,1537,1098,439,71.44,1.62,-4.15,63.1,0.98,-38.0000,1499.0000,-2.47
100,200,500,0.21,45,0.8,0.9,1535,1096,439,71.40,1.82,-4.63,78.2,0.98,-38.1000,1496.9000,-2.48
100,200,500,0.21,25,0.6,0.9,1537,1155,382,75.15,1.48,-4.58,64.4,0.98,-38.6000,1498.4000,-2.51
100,200,500,0.21,35,0.8,0.7,1536,1034,502,67.32,1.80,-3.78,63.4,0.98,-39.2000,1496.8000,-2.55
100,200,500,0.21,15,0.4,0.6,1538,1139,399,74.06,1.07,-3.16,35.4,0.97,-39.4000,1498.6000,-2.56
100,200,500,0.21,30,0.3,0.6,1536,1132,404,73.70,1.18,-3.40,40.1,0.97,-39.6000,1496.4000,-2.58
100,200,500,0.21,45,0.4,1.0,1534,1191,343,77.64,1.41,-5.00,66.3,0.98,-39.8000,1494.2000,-2.59
100,200,500,0.21,50,0.8,0.9,1535,1094,441,71.27,1.83,-4.64,79.5,0.98,-40.3000,1494.7000,-2.63
100,200,500,0.21,45,0.6,0.8,1536,1103,433,71.81,1.64,-4.26,64.7,0.98,-40.8000,1495.2000,-2.66
100,200,500,0.21,35,0.4,0.6,1536,1090,446,70.96,1.36,-3.42,45.5,0.97,-40.8000,1495.2000,-2.66
100,200,500,0.21,50,0.7,0.8,1536,1082,454,70.44,1.75,-4.27,69.5,0.98,-41.0000,1495.0000,-2.67
100,200,500,0.21,50,0.7,0.7,1536,1048,488,68.23,1.76,-3.88,63.7,0.98,-41.6000,1494.4000,-2.71
100,200,500,0.21,30,0.7,0.8,1536,1093,443,71.16,1.66,-4.18,64.5,0.98,-42.0000,1494.0000,-2.73
100,200,500,0.21,5,0.4,0.8,1539,1257,282,81.68,0.87,-4.01,36.8,0.96,-42.4000,1496.6000,-2.76
100,200,500,0.21,20,0.6,0.7,1537,1092,445,71.05,1.45,-3.66,51.2,0.97,-43.1000,1493.9000,-2.80
100,200,500,0.21,20,0.7,0.8,1537,1101,436,71.63,1.59,-4.11,62.1,0.98,-43.6000,1493.4000,-2.84
100,200,500,0.21,25,0.6,0.7,1537,1086,451,70.66,1.50,-3.71,53.1,0.97,-44.9000,1492.1000,-2.92
100,200,500,0.21,45,0.6,0.7,1536,1068,468,69.53,1.65,-3.87,59.1,0.97,-45.8000,1490.2000,-2.98
100,200,500,0.21,25,0.6,0.8,1537,1123,414,73.06,1.49,-4.15,59.0,0.97,-46.0000,1491.0000,-2.99
100,200,500,0.21,25,0.3,0.5,1537,1092,445,71.05,1.12,-2.86,34.3,0.96,-46.1000,1490.9000,-3.00
100,200,500,0.21,50,0.6,0.9,1535,1125,410,73.29,1.65,-4.65,70.7,0.98,-46.4000,1488.6000,-3.02
100,200,500,0.21,20,0.6,0.9,1537,1161,376,75.54,1.44,-4.56,62.5,0.97,-46.8000,1490.2000,-3.04
100,200,500,0.21,50,0.3,1.0,1534,1202,332,78.36,1.34,-5.00,63.5,0.97,-47.0000,1487.0000,-3.06
100,200,500,0.21,30,0.6,0.8,1536,1116,420,72.66,1.54,-4.19,60.6,0.97,-47.4000,1488.6000,-3.09
100,200,500,0.21,10,0.3,0.5,1539,1162,377,75.50,0.80,-2.60,24.5,0.95,-47.6000,1491.4000,-3.09
100,200,500,0.21,5,0.4,1.0,1539,1304,235,84.73,0.86,-5.00,44.0,0.96,-47.8000,1491.2000,-3.11
100,200,500,0.21,45,0.5,1.0,1534,1170,364,76.27,1.51,-5.00,70.8,0.97,-48.0000,1486.0000,-3.13
100,200,500,0.21,45,0.7,0.9,1535,1111,424,72.38,1.73,-4.63,73.7,0.98,-48.4000,1486.6000,-3.15
100,200,500,0.21,50,0.5,0.7,1536,1083,453,70.51,1.59,-3.90,57.8,0.97,-48.5000,1487.5000,-3.16
100,200,500,0.21,50,0.7,0.9,1535,1108,427,72.18,1.74,-4.64,74.9,0.98,-49.1000,1485.9000,-3.20
100,200,500,0.21,20,0.6,0.8,1537,1129,408,73.45,1.44,-4.12,57.1,0.97,-49.2000,1487.8000,-3.20
100,200,500,0.21,45,0.7,0.7,1536,1048,488,68.23,1.74,-3.85,62.2,0.97,-50.6000,1485.4000,-3.29
100,200,500,0.21,35,0.7,0.8,1536,1089,447,70.90,1.68,-4.21,65.1,0.97,-50.8000,1485.2000,-3.31
100,200,500,0.21,40,0.5,1.0,1534,1176,358,76.66,1.48,-5.00,68.8,0.97,-51.0000,1483.0000,-3.32
100,200,500,0.21,35,0.8,0.8,1536,1068,468,69.53,1.79,-4.20,69.9,0.97,-52.8000,1483.2000,-3.44
100,200,500,0.21,10,0.4,0.9,1539,1260,279,81.87,0.96,-4.53,44.3,0.96,-53.4000,1485.6000,-3.47
100,200,500,0.21,45,0.6,0.9,1535,1128,407,73.49,1.63,-4.64,69.5,0.97,-53.3000,1481.7000,-3.47
100,200,500,0.21,50,0.5,0.8,1536,1115,421,72.59,1.57,-4.29,62.6,0.97,-54.0000,1482.0000,-3.52
100,200,500,0.21,30,0.4,1.0,1535,1217,318,79.28,1.26,-5.00,60.6,0.97,-54.8000,1480.2000,-3.57
100,200,500,0.21,30,0.5,1.0,1535,1192,343,77.65,1.39,-5.00,65.8,0.97,-55.0000,1480.0000,-3.58
100,200,500,0.21,20,0.3,0.6,1537,1158,379,75.34,1.02,-3.25,34.9,0.96,-55.2000,1481.8000,-3.59
100,200,500,0.21,35,0.3,0.6,1536,1118,418,72.79,1.24,-3.45,42.8,0.96,-55.8000,1480.2000,-3.63
100,200,500,0.21,35,0.4,1.0,1534,1207,327,78.68,1.31,-5.00,62.7,0.97,-56.2000,1477.8000,-3.66
100,200,500,0.21,15,0.3,0.5,1538,1131,407,73.54,0.92,-2.69,27.7,0.95,-56.6000,1481.4000,-3.68
100,200,500,0.21,25,0.3,0.6,1537,1142,395,74.30,1.10,-3.32,37.9,0.96,-56.6000,1480.4000,-3.68
100,200,500,0.21,20,0.3,0.5,1537,1104,433,71.83,1.04,-2.78,31.5,0.95,-57.1000,1479.9000,-3.72
100,200,500,0.21,35,0.6,0.8,1536,1110,426,72.27,1.57,-4.22,61.5,0.97,-57.2000,1478.8000,-3.72
100,200,500,0.21,5,0.5,0.7,1539,1170,369,76.02,1.06,-3.52,37.9,0.96,-57.5000,1481.5000,-3.74
100,200,500,0.21,10,0.4,0.8,1539,1231,308,79.99,0.96,-4.05,40.3,0.95,-60.6000,1478.4000,-3.94
100,200,500,0.21,50,0.5,0.9,1535,1140,395,74.27,1.56,-4.65,66.7,0.97,-61.5000,1473.5000,-4.01
100,200,500,0.21,25,0.4,1.0,1536,1229,307,80.01,1.20,-5.00,58.6,0.96,-62.2000,1473.8000,-4.05
100,200,500,0.21,5,0.4,0.7,1539,1220,319,79.27,0.87,-3.52,32.6,0.94,-62.5000,1476.5000,-4.06
100,200,500,0.21,45,0.3,1.0,1534,1208,326,78.75,1.30,-5.00,61.3,0.96,-62.4000,1471.6000,-4.07
100,200,500,0.21,10,0.3,0.6,1539,1208,331,78.49,0.79,-3.09,27.2,0.94,-63.0000,1476.0000,-4.09
100,200,500,0.21,50,0.3,0.7,1536,1123,413,73.11,1.39,-3.94,52.1,0.96,-62.9000,1473.1000,-4.10
100,200,500,0.21,5,0.3,0.8,1539,1304,235,84.73,0.68,-4.02,29.4,0.93,-63.6000,1475.4000,-4.13
100,200,500,0.21,45,0.4,0.8,1536,1140,396,74.22,1.43,-4.29,57.4,0.96,-63.6000,1472.4000,-4.14
100,200,500,0.21,15,0.3,0.6,1538,1181,357,76.79,0.90,-3.17,31.1,0.94,-64.6000,1473.4000,-4.20
100,200,500,0.21,50,0.4,0.7,1536,1100,436,71.61,1.49,-3.92,55.2,0.96,-64.6000,1471.4000,-4.21
100,200,500,0.21,10,0.5,0.9,1539,1218,321,79.14,1.14,-4.52,50.7,0.95,-66.0000,1473.0000,-4.29
100,200,500,0.21,25,0.5,1.0,1536,1201,335,78.19,1.34,-5.00,64.0,0.96,-66.0000,1470.0000,-4.30
100,200,500,0.21,45,0.5,0.8,1536,1118,418,72.79,1.54,-4.27,61.3,0.96,-66.0000,1470.0000,-4.30
100,200,500,0.21,40,0.3,1.0,1534,1217,317,79.34,1.25,-5.00,59.4,0.96,-66.6000,1467.4000,-4.34
100,200,500,0.21,40,0.4,0.9,1535,1173,362,76.42,1.38,-4.64,59.4,0.96,-67.0000,1468.0000,-4.36
100,200,500,0.21,35,0.5,1.0,1534,1182,352,77.05,1.43,-5.00,67.6,0.96,-67.0000,1467.0000,-4.37
100,200,500,0.21,50,0.4,0.8,1536,1132,404,73.70,1.48,-4.30,59.2,0.96,-68.0000,1468.0000,-4.43
100,200,500,0.21,10,0.4,1.0,1539,1280,259,83.17,0.96,-5.00,47.9,0.95,-69.4000,1469.6000,-4.51
100,200,500,0.21,45,0.3,0.8,1536,1162,374,75.65,1.33,-4.30,53.3,0.96,-70.0000,1466.0000,-4.56
100,200,500,0.21,50,0.3,0.8,1536,1153,383,75.07,1.37,-4.32,55.6,0.96,-70.4000,1465.6000,-4.58
100,200,500,0.21,5,0.3,0.7,1539,1274,265,82.78,0.68,-3.52,26.1,0.92,-71.1000,1467.9000,-4.62
100,200,500,0.21,40,0.5,0.9,1535,1150,385,74.92,1.49,-4.64,63.6,0.96,-71.5000,1463.5000,-4.66
100,200,500,0.21,40,0.4,0.8,1536,1146,390,74.61,1.39,-4.27,55.2,0.96,-71.6000,1464.4000,-4.66
100,200,500,0.21,50,0.4,0.9,1535,1157,378,75.37,1.46,-4.66,63.3,0.96,-72.0000,1463.0000,-4.69
100,200,500,0.21,40,0.5,0.7,1536,1088,448,70.83,1.52,-3.85,54.1,0.96,-73.0000,1463.0000,-4.75
100,200,500,0.21,10,0.4,0.7,1539,1194,345,77.58,0.97,-3.57,35.7,0.94,-73.2000,1465.8000,-4.76
100,200,500,0.21,15,0.5,0.9,1538,1201,337,78.09,1.21,-4.55,53.9,0.95,-74.0000,1464.0000,-4.81
100,200,500,0.21,40,0.4,0.7,1536,1112,424,72.40,1.41,-3.87,50.8,0.95,-74.8000,1461.2000,-4.87
100,200,500,0.21,40,0.5,0.8,1536,1122,414,73.05,1.50,-4.25,59.3,0.96,-75.0000,1461.0000,-4.88
100,200,500,0.21,30,0.3,1.0,1535,1240,295,80.78,1.13,-5.00,55.0,0.95,-75.8000,1459.2000,-4.94
100,200,500,0.21,45,0.5,0.7,1536,1082,454,70.44,1.56,-3.88,56.2,0.96,-76.0000,1460.0000,-4.95
100,200,500,0.21,20,0.4,0.9,1537,1217,320,79.18,1.14,-4.58,51.4,0.95,-76.4000,1460.6000,-4.97
100,200,500,0.21,45,0.4,0.7,1536,1104,432,71.88,1.45,-3.90,53.1,0.95,-77.4000,1458.6000,-5.04
100,200,500,0.21,10,0.5,0.8,1539,1185,354,77.00,1.14,-4.04,45.9,0.95,-78.0000,1461.0000,-5.07
100,200,500,0.21,45,0.4,0.9,1535,1163,372,75.77,1.42,-4.65,61.5,0.95,-78.2000,1456.8000,-5.09
100,200,500,0.21,20,0.4,1.0,1537,1240,297,80.68,1.13,-5.00,55.6,0.95,-79.0000,1458.0000,-5.14
100,200,500,0.21,45,0.3,0.7,1536,1128,408,73.44,1.35,-3.92,49.7,0.95,-79.4000,1456.6000,-5.17
100,200,500,0.21,30,0.5,0.7,1536,1100,436,71.61,1.43,-3.78,50.9,0.95,-79.5000,1456.5000,-5.18
100,200,500,0.21,20,0.5,1.0,1536,1209,327,78.71,1.29,-5.00,61.4,0.95,-81.0000,1455.0000,-5.27
100,200,500,0.21,45,0.5,0.9,1535,1142,393,74.40,1.53,-4.65,65.5,0.96,-81.5000,1453.5000,-5.31
100,200,500,0.21,30,0.5,0.8,1536,1135,401,73.89,1.41,-4.20,56.3,0.95,-82.0000,1454.0000,-5.34
100,200,500,0.21,40,0.3,0.7,1536,1137,399,74.02,1.29,-3.89,47.6,0.95,-82.1000,1453.9000,-5.35
100,200,500,0.21,30,0.5,0.9,1536,1164,372,75.78,1.40,-4.61,60.6,0.95,-82.5000,1453.5000,-5.37
100,200,500,0.21,15,0.5,0.7,1538,1131,407,73.54,1.23,-3.61,44.0,0.94,-83.0000,1455.0000,-5.40
100,200,500,0.21,20,0.5,0.9,1537,1184,353,77.03,1.29,-4.57,56.6,0.95,-83.5000,1453.5000,-5.43
100,200,500,0.21,25,0.5,0.9,1537,1174,363,76.38,1.35,-4.59,58.9,0.95,-83.5000,1453.5000,-5.43
100,200,500,0.21,20,0.4,0.7,1537,1152,385,74.95,1.16,-3.69,42.7,0.94,-83.9000,1453.1000,-5.46
100,200,500,0.21,25,0.5,0.8,1537,1144,393,74.43,1.36,-4.16,54.2,0.95,-84.0000,1453.0000,-5.47
100,200,500,0.21,50,0.3,0.9,1535,1175,360,76.55,1.36,-4.67,59.2,0.95,-84.2000,1450.8000,-5.49
100,200,500,0.21,20,0.4,0.8,1537,1187,350,77.23,1.15,-4.14,47.0,0.94,-84.4000,1452.6000,-5.49
100,200,500,0.21,30,0.4,0.7,1536,1128,408,73.44,1.30,-3.80,47.2,0.94,-85.5000,1450.5000,-5.57
100,200,500,0.21,15,0.5,0.8,1538,1168,370,75.94,1.22,-4.08,49.0,0.94,-86.0000,1452.0000,-5.59
100,200,500,0.21,25,0.5,0.7,1537,1107,430,72.02,1.37,-3.72,48.9,0.95,-86.0000,1451.0000,-5.60
100,200,500,0.21,30,0.3,0.7,1536,1160,376,75.52,1.16,-3.82,43.5,0.94,-86.3000,1449.7000,-5.62
100,200,500,0.21,10,0.5,1.0,1539,1240,299,80.57,1.14,-5.00,54.9,0.94,-87.0000,1452.0000,-5.65
100,200,500,0.21,25,0.4,0.8,1537,1174,363,76.38,1.22,-4.18,49.5,0.94,-87.2000,1449.8000,-5.67
100,200,500,0.21,25,0.4,0.9,1537,1202,335,78.20,1.21,-4.60,53.9,0.94,-88.3000,1448.7000,-5.74
100,200,500,0.21,10,0.5,0.7,1539,1145,394,74.40,1.15,-3.56,40.7,0.94,-88.5000,1450.5000,-5.75
100,200,500,0.21,15,0.5,1.0,1538,1224,314,79.58,1.21,-5.00,58.2,0.94,-89.0000,1449.0000,-5.79
100,200,500,0.21,20,0.5,0.7,1537,1115,422,72.54,1.31,-3.67,46.8,0.94,-89.0000,1448.0000,-5.79
100,200,500,0.21,30,0.4,0.9,1536,1189,347,77.41,1.27,-4.62,55.8,0.94,-89.2000,1446.8000,-5.81
100,200,500,0.21,30,0.4,0.8,1536,1161,375,75.59,1.28,-4.22,51.7,0.94,-90.6000,1445.4000,-5.90
100,200,500,0.21,20,0.5,0.8,1537,1152,385,74.95,1.30,-4.12,51.8,0.94,-91.0000,1446.0000,-5.92
100,200,500,0.21,35,0.5,0.9,1535,1155,380,75.24,1.44,-4.62,62.2,0.95,-91.0000,1444.0000,-5.93
100,200,500,0.21,40,0.3,0.8,1536,1167,369,75.98,1.28,-4.28,51.2,0.94,-91.6000,1444.4000,-5.96
100,200,500,0.21,35,0.5,0.7,1536,1092,444,71.09,1.47,-3.82,52.7,0.95,-92.0000,1444.0000,-5.99
100,200,500,0.21,25,0.4,0.7,1537,1138,399,74.04,1.23,-3.74,45.1,0.94,-92.5000,1444.5000,-6.02
100,200,500,0.21,35,0.4,0.9,1535,1179,356,76.81,1.32,-4.63,57.8,0.94,-92.6000,1442.4000,-6.03
100,200,500,0.21,45,0.3,0.9,1535,1182,353,77.00,1.31,-4.66,56.9,0.94,-93.5000,1441.5000,-6.09
100,200,500,0.21,35,0.3,1.0,1534,1225,309,79.86,1.18,-5.00,57.6,0.94,-94.6000,1439.4000,-6.17
100,200,500,0.21,35,0.4,0.7,1536,1118,418,72.79,1.35,-3.84,49.3,0.94,-96.4000,1439.6000,-6.28
100,200,500,0.21,40,0.3,0.9,1535,1191,344,77.59,1.26,-4.65,54.8,0.94,-97.2000,1437.8000,-6.33
100,200,500,0.21,5,0.3,0.9,1539,1320,219,85.77,0.67,-4.51,32.2,0.90,-97.5000,1441.5000,-6.34
100,200,500,0.21,15,0.4,0.9,1538,1232,306,80.10,1.05,-4.55,48.1,0.93,-98.5000,1439.5000,-6.40
100,200,500,0.21,15,0.4,0.7,1538,1168,370,75.94,1.06,-3.63,39.5,0.93,-98.7000,1439.3000,-6.42
100,200,500,0.21,30,0.3,0.8,1536,1189,347,77.41,1.15,-4.23,47.1,0.93,-100.4000,1435.6000,-6.54
100,200,500,0.21,30,0.3,0.9,1536,1215,321,79.10,1.14,-4.63,50.6,0.93,-100.8000,1435.2000,-6.56
100,200,500,0.21,25,0.3,1.0,1536,1251,285,81.45,1.06,-5.00,52.7,0.93,-103.2000,1432.8000,-6.72
100,200,500,0.21,15,0.4,0.8,1538,1202,336,78.15,1.06,-4.09,43.8,0.92,-105.0000,1433.0000,-6.83
100,200,500,0.21,25,0.3,0.8,1537,1203,334,78.27,1.07,-4.19,44.9,0.92,-107.0000,1430.0000,-6.96
100,200,500,0.21,35,0.5,0.8,1536,1124,412,73.18,1.45,-4.23,57.8,0.94,-107.0000,1429.0000,-6.97
100,200,500,0.21,35,0.3,0.7,1536,1145,391,74.54,1.22,-3.86,45.9,0.93,-107.1000,1428.9000,-6.97
100,200,500,0.21,25,0.3,0.7,1537,1170,367,76.12,1.09,-3.76,41.3,0.92,-107.3000,1429.7000,-6.98
100,200,500,0.21,15,0.4,1.0,1538,1254,284,81.53,1.05,-5.00,52.0,0.92,-108.4000,1429.6000,-7.05
100,200,500,0.21,5,0.3,1.0,1539,1337,202,86.87,0.67,-5.00,35.2,0.89,-109.8000,1429.2000,-7.13
100,200,500,0.21,35,0.4,0.8,1536,1149,387,74.80,1.33,-4.24,53.5,0.93,-109.6000,1426.4000,-7.14
100,200,500,0.21,20,0.3,0.7,1537,1184,353,77.03,1.01,-3.70,38.2,0.91,-114.1000,1422.9000,-7.42
100,200,500,0.21,15,0.3,0.7,1538,1208,330,78.54,0.90,-3.64,34.3,0.90,-116.9000,1421.1000,-7.60
100,200,500,0.21,25,0.3,0.9,1537,1227,310,79.83,1.07,-4.60,48.5,0.92,-119.6000,1417.4000,-7.78
100,200,500,0.21,10,0.3,0.8,1539,1264,275,82.13,0.79,-4.05,34.2,0.89,-121.4000,1417.6000,-7.89
100,200,500,0.21,10,0.3,0.7,1539,1232,307,80.05,0.79,-3.57,30.5,0.89,-122.6000,1416.4000,-7.97
100,200,500,0.21,35,0.3,0.9,1535,1199,336,78.11,1.20,-4.64,53.0,0.92,-124.2000,1410.8000,-8.09
100,200,500,0.21,20,0.3,0.8,1537,1214,323,78.99,1.00,-4.15,41.7,0.90,-128.6000,1408.4000,-8.37
100,200,500,0.21,35,0.3,0.8,1536,1172,364,76.30,1.21,-4.26,49.3,0.92,-131.4000,1404.6000,-8.55
100,200,500,0.21,15,0.3,0.8,1538,1237,301,80.43,0.89,-4.10,37.9,0.89,-133.0000,1405.0000,-8.65
100,200,500,0.21,20,0.3,0.9,1537,1239,298,80.61,0.99,-4.58,45.4,0.90,-138.6000,1398.4000,-9.02
100,200,500,0.21,20,0.3,1.0,1537,1261,276,82.04,0.98,-5.00,49.3,0.90,-140.4000,1396.6000,-9.13
100,200,500,0.21,10,0.3,0.9,1539,1285,254,83.50,0.78,-4.53,37.5,0.87,-144.3000,1394.7000,-9.38
100,200,500,0.21,15,0.3,0.9,1538,1259,279,81.86,0.89,-4.56,41.3,0.88,-155.8000,1382.2000,-10.13
100,200,500,0.21,10,0.3,1.0,1539,1304,235,84.73,0.78,-5.00,40.8,0.87,-157.4000,1381.6000,-10.23
100,200,500,0.21,15,0.3,1.0,1538,1280,258,83.22,0.88,-5.00,44.8,0.87,-162.2000,1375.8000,-10.55
