杠杆,止盈%,止损%,K1涨跌幅%,切换K线数,首次调整止盈比例,首次调整止损比例,止盈递减步长,止损递减步长,总交易数,盈利次数,亏损次数,胜率%,平均盈利%,平均亏损%,平均持仓K线数,盈亏比,总盈亏USDT,最终资金USDT,总收益率%
100,200,500,0.21,50,1.00,1.00,0.000,0.100,1535,877,658,57.13,2.00,-2.55,54.1,1.05,79.0000,1614.0000,5.15
100,200,500,0.21,50,0.90,1.00,0.000,0.100,1535,896,639,58.37,1.94,-2.60,52.9,1.05,78.7000,1613.7000,5.13
100,200,500,0.21,50,0.70,1.00,0.020,0.100,1536,967,569,62.96,1.74,-2.83,49.8,1.05,78.1000,1614.1000,5.08
100,200,500,0.21,50,0.70,1.00,0.000,0.100,1536,942,594,61.33,1.81,-2.73,50.7,1.05,77.5000,1613.5000,5.05
100,200,500,0.21,50,1.00,1.00,0.100,0.100,1535,1000,535,65.15,1.67,-2.99,49.8,1.05,74.3000,1609.3000,4.84
100,200,500,0.21,50,0.70,1.00,0.050,0.100,1536,1002,534,65.23,1.66,-2.97,48.7,1.05,74.0000,1610.0000,4.82
100,200,500,0.21,50,0.90,1.00,0.020,0.100,1535,917,618,59.74,1.88,-2.67,52.0,1.04,72.3400,1607.3400,4.71
100,200,500,0.21,50,0.90,1.00,0.080,0.100,1535,991,544,64.56,1.69,-2.94,49.7,1.04,69.7000,1604.7000,4.54
100,200,500,0.21,50,1.00,1.00,0.020,0.100,1535,896,639,58.37,1.94,-2.61,52.9,1.04,69.5000,1604.5000,4.53
100,200,500,0.21,50,0.90,1.00,0.050,0.100,1535,951,584,61.95,1.78,-2.79,50.7,1.04,67.6000,1602.6000,4.40
100,200,500,0.21,50,1.00,1.00,0.050,0.100,1535,932,603,60.72,1.84,-2.73,51.6,1.04,65.7000,1600.7000,4.28
100,200,500,0.21,50,0.80,1.00,0.000,0.100,1536,913,623,59.44,1.88,-2.65,52.0,1.04,65.1000,1601.1000,4.24
100,200,500,0.21,50,0.90,0.90,0.000,0.050,1535,939,596,61.17,1.94,-2.94,57.7,1.04,63.8500,1598.8500,4.16
100,200,500,0.21,50,0.80,1.00,0.050,0.100,1536,973,563,63.35,1.72,-2.86,49.8,1.04,63.4000,1599.4000,4.13
100,200,500,0.21,50,1.00,0.90,0.000,0.050,1535,919,616,59.87,2.00,-2.88,59.2,1.04,63.0000,1598.0000,4.10
100,200,500,0.21,50,0.80,1.00,0.020,0.100,1536,937,599,61.00,1.81,-2.73,51.1,1.04,62.9200,1598.9200,4.10
100,200,500,0.21,50,1.00,0.80,0.100,0.050,1535,1040,495,67.75,1.62,-3.27,50.6,1.04,62.2500,1597.2500,4.06
100,200,500,0.21,50,0.70,0.90,0.000,0.080,1536,946,590,61.59,1.80,-2.79,51.0,1.04,62.2000,1598.2000,4.05
100,200,500,0.21,50,1.00,1.00,0.080,0.100,1535,967,568,63.00,1.74,-2.86,50.5,1.04,62.1200,1597.1200,4.05
100,200,500,0.21,50,0.70,0.80,0.050,0.050,1536,1039,497,67.64,1.61,-3.24,49.5,1.04,61.3000,1597.3000,3.99
100,200,500,0.21,50,0.70,0.80,0.020,0.050,1536,995,541,64.78,1.72,-3.05,51.2,1.04,60.3200,1596.3200,3.93
100,200,500,0.21,50,0.90,0.90,0.000,0.020,1535,1014,521,66.06,1.93,-3.63,67.1,1.03,59.7000,1594.7000,3.89
100,200,500,0.21,50,0.90,1.00,0.100,0.100,1535,1011,524,65.86,1.63,-3.03,49.1,1.04,59.6000,1594.6000,3.88
100,200,500,0.21,50,0.70,0.90,0.020,0.080,1536,971,565,63.22,1.74,-2.88,49.9,1.04,59.2600,1595.2600,3.86
100,200,500,0.21,50,0.70,0.70,0.050,0.050,1536,1007,529,65.56,1.64,-3.02,47.7,1.04,57.8000,1593.8000,3.76
100,200,500,0.21,50,0.90,0.90,0.000,0.080,1535,898,637,58.50,1.94,-2.65,53.2,1.03,57.5000,1592.5000,3.75
100,200,500,0.21,50,0.70,0.90,0.050,0.050,1536,1068,468,69.53,1.57,-3.46,51.3,1.04,57.5000,1593.5000,3.74
100,200,500,0.21,50,0.70,1.00,0.050,0.080,1536,1030,506,67.06,1.62,-3.19,50.0,1.04,57.5000,1593.5000,3.74
100,200,500,0.21,50,0.90,1.00,0.000,0.020,1533,1033,500,67.38,1.92,-3.86,70.7,1.03,57.1000,1590.1000,3.72
100,200,500,0.21,50,1.00,0.90,0.000,0.080,1535,879,656,57.26,2.00,-2.59,54.5,1.03,57.0000,1592.0000,3.71
100,200,500,0.21,50,0.70,0.70,0.000,0.050,1536,943,593,61.39,1.81,-2.77,50.1,1.03,56.9000,1592.9000,3.70
100,200,500,0.21,50,1.00,0.90,0.100,0.080,1535,1007,528,65.60,1.66,-3.06,49.8,1.03,56.4000,1591.4000,3.67
100,200,500,0.21,50,0.70,0.90,0.020,0.050,1536,1016,520,66.15,1.70,-3.22,53.3,1.03,56.3000,1592.3000,3.67
100,200,500,0.21,50,1.00,1.00,0.100,0.080,1535,1032,503,67.23,1.63,-3.23,51.1,1.03,56.2000,1591.2000,3.66
100,200,500,0.21,50,1.00,0.90,0.100,0.050,1535,1066,469,69.45,1.58,-3.48,52.3,1.03,55.7000,1590.7000,3.63
100,200,500,0.21,50,0.70,0.70,0.020,0.050,1536,968,568,63.02,1.74,-2.87,49.0,1.03,55.5800,1591.5800,3.62
100,200,500,0.21,50,0.70,1.00,0.020,0.080,1536,986,550,64.19,1.73,-3.00,51.5,1.03,55.1800,1591.1800,3.59
100,200,500,0.21,50,0.70,1.00,0.080,0.100,1536,1026,510,66.80,1.58,-3.07,47.9,1.04,55.0000,1591.0000,3.58
100,200,500,0.21,50,0.70,0.90,0.050,0.080,1536,1006,530,65.49,1.65,-3.03,48.6,1.03,54.9000,1590.9000,3.57
100,200,500,0.21,50,0.70,0.80,0.000,0.050,1536,961,575,62.57,1.80,-2.91,52.6,1.03,54.8500,1590.8500,3.57
100,200,500,0.21,50,0.70,1.00,0.000,0.080,1536,957,579,62.30,1.80,-2.88,52.7,1.03,54.6000,1590.6000,3.55
100,200,500,0.21,50,0.90,0.90,0.020,0.080,1535,922,613,60.07,1.87,-2.73,52.2,1.03,54.5000,1589.5000,3.55
100,200,500,0.21,50,0.80,1.00,0.080,0.100,1536,1009,527,65.69,1.63,-3.02,48.9,1.03,54.4200,1590.4200,3.54
100,200,500,0.21,50,0.70,0.90,0.000,0.050,1536,980,556,63.80,1.79,-3.06,54.9,1.03,54.2000,1590.2000,3.53
100,200,500,0.21,50,1.00,0.70,0.100,0.050,1535,1005,530,65.47,1.66,-3.04,48.8,1.03,53.6000,1588.6000,3.49
100,200,500,0.21,50,1.00,0.90,0.000,0.020,1535,994,541,64.76,2.00,-3.58,69.4,1.03,53.3000,1588.3000,3.47
100,200,500,0.21,50,0.70,0.70,0.050,0.100,1536,935,601,60.87,1.73,-2.60,44.8,1.03,52.9000,1588.9000,3.44
100,200,500,0.21,50,0.90,0.80,0.080,0.050,1535,1031,504,67.17,1.63,-3.23,50.5,1.03,52.4300,1587.4300,3.42
100,200,500,0.21,50,0.70,0.70,0.020,0.100,1536,912,624,59.38,1.78,-2.52,45.5,1.03,52.3800,1588.3800,3.41
100,200,500,0.21,50,0.70,0.90,0.050,0.020,1536,1131,405,73.63,1.50,-4.05,55.7,1.03,51.9000,1587.9000,3.38
100,200,500,0.21,50,1.00,0.90,0.020,0.080,1535,901,634,58.70,1.93,-2.66,53.1,1.03,51.6400,1586.6400,3.36
100,200,500,0.21,50,0.90,1.00,0.000,0.000,1533,1116,417,72.80,1.91,-5.00,89.4,1.02,51.2000,1584.2000,3.34
100,200,500,0.21,50,0.90,0.90,0.080,0.080,1535,998,537,65.02,1.67,-3.02,49.6,1.03,51.0200,1586.0200,3.32
100,200,500,0.21,50,0.90,0.80,0.000,0.050,1535,916,619,59.67,1.94,-2.79,55.1,1.03,49.9500,1584.9500,3.25
100,200,500,0.21,50,0.80,1.00,0.100,0.100,1536,1024,512,66.67,1.59,-3.08,48.4,1.03,49.9000,1585.9000,3.25
100,200,500,0.21,50,0.90,0.90,0.050,0.080,1535,958,577,62.41,1.77,-2.86,50.8,1.03,49.5000,1584.5000,3.22
100,200,500,0.21,50,0.90,1.00,0.080,0.080,1535,1023,512,66.64,1.64,-3.19,51.0,1.03,49.3200,1584.3200,3.21
100,200,500,0.21,50,1.00,0.80,0.080,0.050,1535,1016,519,66.19,1.67,-3.18,51.5,1.03,49.0100,1584.0100,3.19
100,200,500,0.21,50,1.00,0.80,0.000,0.050,1535,897,638,58.44,2.00,-2.74,56.4,1.03,49.0000,1584.0000,3.19
100,200,500,0.21,50,0.70,0.80,0.080,0.050,1536,1061,475,69.08,1.54,-3.33,48.5,1.03,48.8700,1584.8700,3.18
100,200,500,0.21,50,0.80,0.90,0.000,0.080,1536,917,619,59.70,1.88,-2.70,52.2,1.03,48.7000,1584.7000,3.17
100,200,500,0.21,50,1.00,0.90,0.080,0.050,1535,1048,487,68.27,1.63,-3.41,53.4,1.03,48.6200,1583.6200,3.17
100,200,500,0.21,50,1.00,0.80,0.100,0.020,1535,1104,431,71.92,1.53,-3.82,54.1,1.03,48.5000,1583.5000,3.16
100,200,500,0.21,50,0.90,0.90,0.050,0.050,1535,1021,514,66.51,1.70,-3.28,54.0,1.03,48.1500,1583.1500,3.14
100,200,500,0.21,50,0.70,1.00,0.100,0.100,1536,1038,498,67.58,1.55,-3.13,47.5,1.03,47.8000,1583.8000,3.11
100,200,500,0.21,50,0.70,0.70,0.080,0.100,1536,954,582,62.11,1.68,-2.66,44.3,1.03,47.3600,1583.3600,3.08
100,200,500,0.21,50,0.90,1.00,0.020,0.080,1535,936,599,60.98,1.87,-2.84,54.0,1.03,46.9800,1581.9800,3.06
100,200,500,0.21,50,0.90,0.80,0.100,0.050,1535,1047,488,68.21,1.58,-3.29,49.7,1.03,46.8500,1581.8500,3.05
100,200,500,0.21,50,0.90,0.80,0.050,0.050,1535,990,545,64.50,1.73,-3.07,52.1,1.03,46.8000,1581.8000,3.05
100,200,500,0.21,50,0.90,1.00,0.000,0.080,1535,909,626,59.22,1.94,-2.74,55.0,1.03,46.8000,1581.8000,3.05
100,200,500,0.21,50,0.70,0.70,0.020,0.080,1536,930,606,60.55,1.77,-2.64,46.5,1.03,46.7200,1582.7200,3.04
100,200,500,0.21,50,0.80,0.90,0.000,0.050,1536,954,582,62.11,1.87,-2.98,56.5,1.03,46.4500,1582.4500,3.02
100,200,500,0.21,50,0.70,0.70,0.050,0.020,1536,1071,465,69.73,1.56,-3.50,50.6,1.03,46.4000,1582.4000,3.02
100,200,500,0.21,50,1.00,1.00,0.000,0.020,1533,1012,521,66.01,2.00,-3.80,73.3,1.02,46.3000,1579.3000,3.02
100,200,500,0.21,50,0.90,0.70,0.080,0.050,1535,997,538,64.95,1.67,-3.01,48.6,1.03,46.2000,1581.2000,3.01
100,200,500,0.21,50,0.80,0.90,0.020,0.080,1536,942,594,61.33,1.81,-2.79,51.3,1.03,45.8800,1581.8800,2.99
100,200,500,0.21,50,0.90,0.90,0.080,0.050,1535,1059,476,68.99,1.59,-3.45,52.3,1.03,45.6100,1580.6100,2.97
100,200,500,0.21,50,0.70,0.80,0.050,0.020,1536,1105,431,71.94,1.53,-3.81,53.2,1.03,45.6000,1581.6000,2.97
100,200,500,0.21,50,1.00,0.90,0.100,0.020,1535,1127,408,73.42,1.51,-4.06,56.6,1.03,45.5000,1580.5000,2.96
100,200,500,0.21,50,0.90,0.90,0.020,0.050,1535,963,572,62.74,1.85,-3.03,56.3,1.03,45.3500,1580.3500,2.95
100,200,500,0.21,50,0.90,0.80,0.020,0.050,1535,942,593,61.37,1.86,-2.88,53.9,1.03,45.3100,1580.3100,2.95
100,200,500,0.21,50,1.00,0.90,0.050,0.080,1535,937,598,61.04,1.83,-2.79,51.8,1.03,45.0000,1580.0000,2.93
100,200,500,0.21,50,0.70,0.70,0.100,0.100,1536,969,567,63.09,1.64,-2.72,44.0,1.03,44.9000,1580.9000,2.92
100,200,500,0.21,50,0.70,0.70,0.080,0.050,1536,1029,507,66.99,1.57,-3.11,46.8,1.03,44.8400,1580.8400,2.92
100,200,500,0.21,50,1.00,0.70,0.100,0.020,1535,1068,467,69.58,1.58,-3.51,51.6,1.03,44.4000,1579.4000,2.89
100,200,500,0.21,50,0.70,1.00,0.080,0.080,1536,1056,480,68.75,1.54,-3.30,49.1,1.03,44.4200,1580.4200,2.89
100,200,500,0.21,50,0.70,0.70,0.000,0.100,1536,892,644,58.07,1.83,-2.46,46.2,1.03,44.0000,1580.0000,2.86
100,200,500,0.21,50,0.90,0.70,0.020,0.050,1535,920,615,59.93,1.87,-2.73,51.3,1.03,43.9500,1578.9500,2.86
100,200,500,0.21,50,0.90,0.70,0.100,0.050,1535,1014,521,66.06,1.62,-3.07,48.0,1.03,43.6500,1578.6500,2.84
100,200,500,0.21,50,1.00,0.80,0.050,0.050,1535,970,565,63.19,1.79,-3.00,53.3,1.03,43.6000,1578.6000,2.84
100,200,500,0.21,50,0.80,0.80,0.050,0.050,1536,1010,526,65.76,1.67,-3.13,50.9,1.03,43.4000,1579.4000,2.83
100,200,500,0.21,50,1.00,0.70,0.100,0.100,1535,911,624,59.35,1.79,-2.54,45.8,1.03,43.3000,1578.3000,2.82
100,200,500,0.21,50,0.90,1.00,0.000,0.050,1535,952,583,62.02,1.93,-3.08,60.1,1.02,43.2500,1578.2500,2.82
100,200,500,0.21,50,1.00,1.00,0.000,0.080,1535,889,646,57.92,2.00,-2.69,56.3,1.02,43.1000,1578.1000,2.81
100,200,500,0.21,50,0.80,0.90,0.050,0.080,1536,978,558,63.67,1.71,-2.93,49.8,1.03,43.1000,1579.1000,2.81
100,200,500,0.21,50,0.80,0.80,0.100,0.050,1536,1059,477,68.95,1.54,-3.33,49.0,1.03,42.9000,1578.9000,2.79
100,200,500,0.21,50,0.80,0.80,0.020,0.050,1536,965,571,62.83,1.79,-2.95,52.8,1.03,42.8900,1578.8900,2.79
100,200,500,0.21,50,0.70,1.00,0.050,0.000,1534,1201,333,78.29,1.42,-5.00,65.3,1.03,42.5000,1576.5000,2.77
100,200,500,0.21,50,1.00,0.90,0.080,0.080,1535,974,561,63.45,1.73,-2.93,50.5,1.03,42.3800,1577.3800,2.76
100,200,500,0.21,50,0.70,0.70,0.050,0.080,1536,954,582,62.11,1.71,-2.73,45.6,1.03,42.4000,1578.4000,2.76
100,200,500,0.21,50,0.80,0.80,0.080,0.050,1536,1046,490,68.10,1.58,-3.28,49.6,1.03,42.3500,1578.3500,2.76
100,200,500,0.21,50,1.00,1.00,0.000,0.000,1533,1101,432,71.82,2.00,-5.00,93.7,1.02,42.0000,1575.0000,2.74
100,200,500,0.21,50,0.70,0.90,0.020,0.100,1536,945,591,61.52,1.76,-2.74,48.3,1.03,41.9400,1577.9400,2.73
100,200,500,0.21,50,0.90,1.00,0.100,0.080,1535,1041,494,67.82,1.59,-3.27,50.3,1.03,41.9000,1576.9000,2.73
100,200,500,0.21,50,0.90,1.00,0.050,0.080,1535,977,558,63.65,1.75,-2.99,52.4,1.03,41.8000,1576.8000,2.72
100,200,500,0.21,50,1.00,0.90,0.020,0.050,1535,942,593,61.37,1.91,-2.96,57.5,1.02,41.7700,1576.7700,2.72
100,200,500,0.21,50,0.90,0.70,0.100,0.100,1535,927,608,60.39,1.74,-2.59,45.2,1.03,41.4000,1576.4000,2.70
100,200,500,0.21,50,1.00,1.00,0.000,0.050,1535,932,603,60.72,2.00,-3.02,61.6,1.02,41.0000,1576.0000,2.67
100,200,500,0.21,50,0.90,0.90,0.100,0.080,1535,1016,519,66.19,1.62,-3.10,49.0,1.03,40.9000,1575.9000,2.66
100,200,500,0.21,50,1.00,0.90,0.050,0.050,1535,997,538,64.95,1.76,-3.19,55.4,1.02,40.8000,1575.8000,2.66
100,200,500,0.21,50,0.70,0.70,0.000,0.080,1536,909,627,59.18,1.82,-2.57,47.2,1.03,40.7000,1576.7000,2.65
100,200,500,0.21,50,1.00,1.00,0.080,0.080,1535,1001,534,65.21,1.70,-3.10,52.0,1.02,40.6000,1575.6000,2.64
100,200,500,0.21,50,0.70,0.80,0.100,0.050,1536,1068,468,69.53,1.51,-3.36,48.0,1.03,40.5500,1576.5500,2.64
100,200,500,0.21,50,0.90,0.70,0.080,0.100,1535,912,623,59.41,1.78,-2.54,45.6,1.03,40.5200,1575.5200,2.64
100,200,500,0.21,50,0.90,0.80,0.000,0.020,1535,985,550,64.17,1.93,-3.38,63.2,1.02,40.4000,1575.4000,2.63
100,200,500,0.21,50,0.70,1.00,0.050,0.050,1536,1082,454,70.44,1.56,-3.62,52.9,1.02,40.4000,1576.4000,2.63
100,200,500,0.21,50,0.70,0.80,0.020,0.080,1536,950,586,61.85,1.76,-2.78,48.1,1.02,40.2600,1576.2600,2.62
100,200,500,0.21,50,0.90,0.70,0.000,0.050,1535,894,641,58.24,1.94,-2.65,52.4,1.02,40.1000,1575.1000,2.61
100,200,500,0.21,50,0.70,0.80,0.000,0.080,1536,928,608,60.42,1.81,-2.70,49.0,1.02,40.1000,1576.1000,2.61
100,200,500,0.21,50,0.90,0.70,0.000,0.080,1535,867,668,56.48,1.95,-2.47,49.2,1.02,40.0000,1575.0000,2.61
100,200,500,0.21,50,1.00,1.00,0.100,0.000,1533,1198,335,78.15,1.43,-5.00,66.7,1.02,39.8000,1572.8000,2.60
100,200,500,0.21,50,0.90,0.70,0.050,0.050,1535,956,579,62.28,1.77,-2.86,49.9,1.02,39.8500,1574.8500,2.60
100,200,500,0.21,50,0.70,0.90,0.080,0.050,1536,1084,452,70.57,1.51,-3.53,50.2,1.02,39.6800,1575.6800,2.58
100,200,500,0.21,50,1.00,1.00,0.100,0.050,1535,1081,454,70.42,1.56,-3.64,53.9,1.02,39.6500,1574.6500,2.58
100,200,500,0.21,50,0.80,0.80,0.000,0.050,1536,933,603,60.74,1.87,-2.83,54.0,1.02,39.6000,1575.6000,2.58
100,200,500,0.21,50,0.80,0.70,0.100,0.100,1536,946,590,61.59,1.69,-2.65,44.7,1.03,39.5000,1575.5000,2.57
100,200,500,0.21,50,0.70,0.90,0.050,0.100,1536,975,561,63.48,1.68,-2.86,47.4,1.02,39.5000,1575.5000,2.57
100,200,500,0.21,50,0.70,0.90,0.080,0.080,1536,1031,505,67.12,1.57,-3.14,47.8,1.02,38.7400,1574.7400,2.52
100,200,500,0.21,50,0.90,0.70,0.000,0.100,1535,849,686,55.31,1.95,-2.36,47.9,1.02,38.6000,1573.6000,2.51
100,200,500,0.21,50,0.80,1.00,0.000,0.080,1536,928,608,60.42,1.87,-2.80,54.0,1.02,38.6000,1574.6000,2.51
100,200,500,0.21,50,0.70,0.90,0.000,0.100,1536,923,613,60.09,1.81,-2.67,49.1,1.02,38.4000,1574.4000,2.50
100,200,500,0.21,50,0.70,0.80,0.020,0.100,1536,927,609,60.35,1.77,-2.64,46.8,1.02,38.3600,1574.3600,2.50
100,200,500,0.21,50,0.80,1.00,0.100,0.080,1536,1054,482,68.62,1.55,-3.31,49.6,1.02,38.3000,1574.3000,2.49
100,200,500,0.21,50,0.90,0.70,0.020,0.100,1535,865,670,56.35,1.90,-2.40,47.3,1.02,37.8800,1572.8800,2.47
100,200,500,0.21,50,0.80,0.70,0.050,0.050,1536,975,561,63.48,1.71,-2.91,48.9,1.02,37.9000,1573.9000,2.47
100,200,500,0.21,50,1.00,1.00,0.020,0.080,1535,912,623,59.41,1.93,-2.76,54.9,1.02,37.8600,1572.8600,2.47
100,200,500,0.21,50,0.80,0.70,0.020,0.050,1536,939,597,61.13,1.81,-2.78,50.4,1.02,37.8300,1573.8300,2.46
100,200,500,0.21,50,1.00,0.70,0.080,0.050,1535,976,559,63.58,1.72,-2.94,49.5,1.02,37.8000,1572.8000,2.46
100,200,500,0.21,50,0.80,0.70,0.100,0.050,1536,1026,510,66.80,1.58,-3.11,47.3,1.02,37.7000,1573.7000,2.45
100,200,500,0.21,50,0.80,0.70,0.080,0.050,1536,1013,523,65.95,1.62,-3.06,47.8,1.02,37.6900,1573.6900,2.45
100,200,500,0.21,50,1.00,0.70,0.000,0.050,1535,875,660,57.00,2.00,-2.59,53.6,1.02,37.5000,1572.5000,2.44
100,200,500,0.21,50,1.00,0.70,0.000,0.080,1535,849,686,55.31,2.00,-2.42,50.3,1.02,37.4000,1572.4000,2.44
100,200,500,0.21,50,0.80,0.70,0.080,0.100,1536,930,606,60.55,1.73,-2.59,45.0,1.02,37.3800,1573.3800,2.43
100,200,500,0.21,50,0.80,0.70,0.000,0.050,1536,913,623,59.44,1.88,-2.69,51.4,1.02,37.3500,1573.3500,2.43
100,200,500,0.21,50,0.70,0.80,0.050,0.080,1536,981,555,63.87,1.68,-2.90,47.1,1.02,37.0000,1573.0000,2.41
100,200,500,0.21,50,0.80,1.00,0.020,0.080,1536,956,580,62.24,1.80,-2.90,53.0,1.02,36.9400,1572.9400,2.40
100,200,500,0.21,50,1.00,1.00,0.050,0.080,1535,955,580,62.21,1.81,-2.92,53.4,1.02,36.9000,1571.9000,2.40
100,200,500,0.21,50,0.80,0.90,0.020,0.050,1536,983,553,64.00,1.78,-3.09,55.1,1.02,36.6200,1572.6200,2.38
100,200,500,0.21,50,0.80,1.00,0.050,0.080,1536,996,540,64.84,1.69,-3.06,51.3,1.02,36.6000,1572.6000,2.38
100,200,500,0.21,50,0.90,1.00,0.050,0.000,1533,1185,348,77.30,1.50,-5.00,71.0,1.02,36.5000,1569.5000,2.38
100,200,500,0.21,50,0.70,1.00,0.020,0.000,1534,1181,353,76.99,1.53,-5.00,71.4,1.02,36.3200,1570.3200,2.37
100,200,500,0.21,50,0.80,1.00,0.080,0.080,1536,1039,497,67.64,1.59,-3.25,50.1,1.02,36.3000,1572.3000,2.36
100,200,500,0.21,50,0.70,0.70,0.100,0.050,1536,1036,500,67.45,1.55,-3.13,46.4,1.02,36.2000,1572.2000,2.36
100,200,500,0.21,50,0.70,0.80,0.080,0.020,1536,1119,417,72.85,1.47,-3.85,51.8,1.02,36.1800,1572.1800,2.36
100,200,500,0.21,50,0.80,0.70,0.050,0.100,1536,906,630,58.98,1.79,-2.52,45.6,1.02,36.0000,1572.0000,2.34
100,200,500,0.21,50,0.90,0.70,0.050,0.100,1535,887,648,57.79,1.84,-2.47,46.3,1.02,35.8000,1570.8000,2.33
100,200,500,0.21,50,1.00,0.70,0.100,0.080,1535,940,595,61.24,1.75,-2.70,46.7,1.02,35.7000,1570.7000,2.33
100,200,500,0.21,50,1.00,0.70,0.000,0.100,1535,832,703,54.20,2.00,-2.32,48.9,1.02,35.5000,1570.5000,2.31
100,200,500,0.21,50,0.80,0.90,0.080,0.080,1536,1014,522,66.02,1.62,-3.08,48.8,1.02,35.2800,1571.2800,2.30
100,200,500,0.21,50,0.90,0.70,0.020,0.080,1535,884,651,57.59,1.89,-2.52,48.4,1.02,35.2200,1570.2200,2.29
100,200,500,0.21,50,0.80,0.90,0.050,0.050,1536,1038,498,67.58,1.64,-3.35,52.8,1.02,35.1500,1571.1500,2.29
100,200,500,0.21,50,1.00,0.80,0.000,0.020,1535,966,569,62.93,2.00,-3.33,65.2,1.02,35.1000,1570.1000,2.29
100,200,500,0.21,50,0.70,0.70,0.080,0.020,1536,1085,451,70.64,1.51,-3.54,49.5,1.02,35.1000,1571.1000,2.29
100,200,500,0.21,50,0.70,0.80,0.050,0.100,1536,951,585,61.91,1.71,-2.72,46.1,1.02,35.1000,1571.1000,2.29
100,200,500,0.21,50,1.00,0.70,0.050,0.050,1535,936,599,60.98,1.83,-2.79,50.9,1.02,35.0500,1570.0500,2.28
100,200,500,0.21,50,1.00,0.70,0.020,0.050,1535,897,638,58.44,1.93,-2.66,52.3,1.02,35.0000,1570.0000,2.28
100,200,500,0.21,50,1.00,0.80,0.020,0.050,1535,918,617,59.80,1.92,-2.80,55.0,1.02,34.8300,1569.8300,2.27
100,200,500,0.21,50,0.90,0.80,0.080,0.020,1535,1097,438,71.47,1.54,-3.79,54.3,1.02,34.2600,1569.2600,2.23
100,200,500,0.21,50,0.70,1.00,0.100,0.080,1536,1063,473,69.21,1.52,-3.33,48.6,1.02,34.1000,1570.1000,2.22
100,200,500,0.21,50,0.70,0.80,0.050,0.000,1536,1151,385,74.93,1.47,-4.32,58.2,1.02,34.0000,1570.0000,2.21
100,200,500,0.21,50,0.70,0.90,0.080,0.020,1536,1142,394,74.35,1.44,-4.09,54.2,1.02,33.9600,1569.9600,2.21
100,200,500,0.21,50,1.00,0.70,0.050,0.100,1535,872,663,56.81,1.88,-2.43,47.0,1.02,33.5000,1568.5000,2.18
100,200,500,0.21,50,0.90,0.70,0.080,0.020,1535,1062,473,69.19,1.59,-3.49,51.6,1.02,33.4600,1568.4600,2.18
100,200,500,0.21,50,0.80,0.90,0.100,0.080,1536,1029,507,66.99,1.58,-3.14,48.3,1.02,33.3000,1569.3000,2.17
100,200,500,0.21,50,0.70,1.00,0.050,0.020,1534,1146,388,74.71,1.48,-4.29,57.9,1.02,33.2000,1567.2000,2.16
100,200,500,0.21,50,0.90,0.90,0.100,0.050,1535,1070,465,69.71,1.55,-3.50,51.4,1.02,33.1000,1568.1000,2.16
100,200,500,0.21,50,1.00,0.70,0.000,0.020,1535,940,595,61.24,2.00,-3.10,60.8,1.02,33.0000,1568.0000,2.15
100,200,500,0.21,50,0.70,0.70,0.080,0.080,1536,972,564,63.28,1.65,-2.79,45.1,1.02,32.8000,1568.8000,2.14
100,200,500,0.21,50,0.90,0.70,0.000,0.020,1535,957,578,62.35,1.93,-3.14,59.1,1.02,32.7000,1567.7000,2.13
100,200,500,0.21,50,0.70,1.00,0.000,0.050,1536,992,544,64.58,1.79,-3.20,56.9,1.02,32.5000,1568.5000,2.12
100,200,500,0.21,50,1.00,0.90,0.080,0.020,1535,1112,423,72.44,1.55,-4.00,58.2,1.02,32.2400,1567.2400,2.10
100,200,500,0.21,50,0.90,0.80,0.000,0.080,1535,882,653,57.46,1.94,-2.58,51.1,1.02,32.2000,1567.2000,2.10
100,200,500,0.21,50,0.90,0.90,0.000,0.100,1535,877,658,57.13,1.95,-2.54,51.2,1.02,32.0000,1567.0000,2.08
100,200,500,0.21,50,0.70,0.90,0.100,0.050,1536,1091,445,71.03,1.48,-3.56,49.6,1.02,31.9000,1567.9000,2.08
100,200,500,0.21,50,0.80,0.70,0.020,0.100,1536,882,654,57.42,1.85,-2.45,46.6,1.02,31.7000,1567.7000,2.06
100,200,500,0.21,50,1.00,0.70,0.080,0.100,1535,891,644,58.05,1.83,-2.48,46.3,1.02,31.6200,1566.6200,2.06
100,200,500,0.21,50,0.90,0.90,0.080,0.020,1535,1121,414,73.03,1.52,-4.03,56.8,1.02,31.6000,1566.6000,2.06
100,200,500,0.21,50,0.80,0.90,0.100,0.050,1536,1082,454,70.44,1.51,-3.54,50.6,1.02,31.5000,1567.5000,2.05
100,200,500,0.21,50,0.70,0.90,0.100,0.080,1536,1041,495,67.77,1.54,-3.18,47.4,1.02,31.3000,1567.3000,2.04
100,200,500,0.21,50,0.90,1.00,0.080,0.000,1533,1196,337,78.02,1.43,-5.00,67.1,1.02,31.2000,1564.2000,2.04
100,200,500,0.21,50,0.90,0.70,0.080,0.080,1535,936,599,60.98,1.75,-2.68,46.6,1.02,31.1000,1566.1000,2.03
100,200,500,0.21,50,1.00,0.90,0.100,0.100,1535,964,571,62.80,1.72,-2.85,48.5,1.02,31.0000,1566.0000,2.02
100,200,500,0.21,50,0.80,0.70,0.000,0.100,1536,865,671,56.32,1.89,-2.40,47.2,1.02,30.8000,1566.8000,2.01
100,200,500,0.21,50,0.70,0.90,0.100,0.020,1536,1147,389,74.67,1.42,-4.11,53.5,1.02,30.4000,1566.4000,1.98
100,200,500,0.21,50,0.70,1.00,0.020,0.050,1536,1028,508,66.93,1.69,-3.36,55.2,1.02,30.3100,1566.3100,1.97
100,200,500,0.21,50,0.70,0.80,0.000,0.100,1536,905,631,58.92,1.82,-2.57,47.6,1.02,30.2000,1566.2000,1.97
100,200,500,0.21,50,1.00,0.80,0.080,0.020,1535,1086,449,70.75,1.58,-3.75,55.6,1.02,30.0200,1565.0200,1.96
100,200,500,0.21,50,1.00,0.70,0.020,0.100,1535,845,690,55.05,1.95,-2.35,48.0,1.02,29.8800,1564.8800,1.95
100,200,500,0.21,50,1.00,0.80,0.100,0.100,1535,936,599,60.98,1.76,-2.69,47.2,1.02,29.8000,1564.8000,1.94
100,200,500,0.21,50,0.80,0.70,0.050,0.080,1536,928,608,60.42,1.77,-2.65,46.6,1.02,29.7000,1565.7000,1.93
100,200,500,0.21,50,0.90,0.80,0.020,0.080,1535,903,632,58.83,1.88,-2.64,50.2,1.02,29.5800,1564.5800,1.93
100,200,500,0.21,50,0.70,0.70,0.050,0.000,1536,1115,421,72.59,1.51,-3.93,54.4,1.02,29.5000,1565.5000,1.92
100,200,500,0.21,50,1.00,0.70,0.050,0.080,1535,893,642,58.18,1.87,-2.55,48.1,1.02,29.4000,1564.4000,1.92
100,200,500,0.21,50,1.00,0.80,0.100,0.080,1535,974,561,63.45,1.70,-2.90,48.2,1.02,29.4000,1564.4000,1.92
100,200,500,0.21,50,0.90,0.90,0.020,0.100,1535,897,638,58.44,1.89,-2.61,50.3,1.02,29.3800,1564.3800,1.91
100,200,500,0.21,50,0.90,0.70,0.100,0.080,1535,952,583,62.02,1.71,-2.74,46.1,1.02,29.3000,1564.3000,1.91
100,200,500,0.21,50,0.90,0.80,0.000,0.100,1535,863,672,56.22,1.95,-2.46,49.5,1.02,29.3000,1564.3000,1.91
100,200,500,0.21,50,0.80,0.90,0.080,0.050,1536,1069,467,69.60,1.55,-3.49,51.2,1.02,29.0500,1565.0500,1.89
100,200,500,0.21,50,0.90,0.70,0.050,0.080,1535,908,627,59.15,1.82,-2.59,47.4,1.02,28.9000,1563.9000,1.88
100,200,500,0.21,50,1.00,0.70,0.080,0.080,1535,919,616,59.87,1.80,-2.63,47.3,1.02,28.7600,1563.7600,1.87
100,200,500,0.21,50,0.70,0.70,0.100,0.080,1536,984,552,64.06,1.62,-2.83,44.7,1.02,28.4000,1564.4000,1.85
100,200,500,0.21,50,0.90,1.00,0.080,0.050,1535,1074,461,69.97,1.58,-3.61,53.9,1.02,28.3000,1563.3000,1.84
100,200,500,0.21,50,0.80,0.80,0.100,0.020,1536,1116,420,72.66,1.47,-3.85,52.3,1.02,28.1000,1564.1000,1.83
100,200,500,0.21,50,0.70,0.80,0.080,0.100,1536,971,565,63.22,1.65,-2.79,45.5,1.02,27.8600,1563.8600,1.81
100,200,500,0.21,50,1.00,0.70,0.020,0.080,1535,863,672,56.22,1.95,-2.46,49.2,1.02,27.7200,1562.7200,1.81
100,200,500,0.21,50,0.80,0.70,0.100,0.020,1536,1082,454,70.44,1.51,-3.54,49.9,1.02,27.6000,1563.6000,1.80
100,200,500,0.21,50,0.70,0.80,0.100,0.020,1536,1123,413,73.11,1.44,-3.86,51.2,1.02,27.6000,1563.6000,1.80
100,200,500,0.21,50,1.00,0.80,0.000,0.080,1535,862,673,56.16,2.00,-2.52,52.3,1.02,27.5000,1562.5000,1.79
100,200,500,0.21,50,0.70,0.90,0.080,0.100,1536,996,540,64.84,1.62,-2.94,46.7,1.02,26.9600,1562.9600,1.76
100,200,500,0.21,50,1.00,1.00,0.050,0.000,1533,1177,356,76.78,1.54,-5.00,73.9,1.02,26.8000,1559.8000,1.75
100,200,500,0.21,50,1.00,1.00,0.080,0.050,1535,1062,473,69.19,1.61,-3.57,55.1,1.02,26.7500,1561.7500,1.74
100,200,500,0.21,50,1.00,0.90,0.000,0.100,1535,857,678,55.83,2.00,-2.49,52.3,1.02,26.0000,1561.0000,1.69
100,200,500,0.21,50,0.70,0.70,0.100,0.020,1536,1089,447,70.90,1.48,-3.55,48.9,1.02,26.0000,1562.0000,1.69
100,200,500,0.21,50,0.70,1.00,0.080,0.050,1536,1098,438,71.48,1.49,-3.68,51.7,1.02,25.9600,1561.9600,1.69
100,200,500,0.21,50,0.80,0.70,0.100,0.080,1536,967,569,62.96,1.66,-2.78,45.5,1.02,25.9000,1561.9000,1.69
100,200,500,0.21,50,0.90,0.80,0.020,0.100,1535,880,655,57.33,1.90,-2.51,48.8,1.02,25.8000,1560.8000,1.68
100,200,500,0.21,50,0.80,0.70,0.020,0.080,1536,900,636,58.59,1.84,-2.56,47.6,1.02,25.7200,1561.7200,1.67
100,200,500,0.21,50,0.80,0.70,0.000,0.080,1536,881,655,57.36,1.89,-2.50,48.4,1.02,25.7000,1561.7000,1.67
100,200,500,0.21,50,0.90,0.70,0.100,0.020,1535,1071,464,69.77,1.55,-3.52,50.7,1.02,25.5000,1560.5000,1.66
100,200,500,0.21,50,1.00,0.80,0.000,0.100,1535,845,690,55.05,2.00,-2.41,50.6,1.02,25.5000,1560.5000,1.66
100,200,500,0.21,50,0.90,0.90,0.080,0.100,1535,957,578,62.35,1.73,-2.81,48.3,1.02,25.0800,1560.0800,1.63
100,200,500,0.21,50,0.90,0.80,0.050,0.020,1535,1069,466,69.64,1.63,-3.69,56.8,1.01,24.9000,1559.9000,1.62
100,200,500,0.21,50,0.80,0.90,0.100,0.020,1536,1139,397,74.15,1.45,-4.09,54.6,1.02,24.9000,1560.9000,1.62
100,200,500,0.21,50,0.90,0.80,0.080,0.100,1535,933,602,60.78,1.76,-2.68,47.0,1.02,24.8200,1559.8200,1.62
100,200,500,0.21,50,0.70,1.00,0.080,0.000,1534,1207,327,78.68,1.38,-5.00,63.6,1.02,24.7600,1558.7600,1.61
100,200,500,0.21,50,1.00,1.00,0.080,0.000,1533,1190,343,77.63,1.46,-5.00,68.8,1.01,24.7200,1557.7200,1.61
100,200,500,0.21,50,0.80,1.00,0.000,0.050,1536,967,569,62.96,1.86,-3.12,58.8,1.01,24.7500,1560.7500,1.61
100,200,500,0.21,50,1.00,1.00,0.100,0.020,1533,1141,392,74.43,1.49,-4.28,58.9,1.01,24.6000,1557.6000,1.60
100,200,500,0.21,50,0.90,0.90,0.100,0.100,1535,978,557,63.71,1.67,-2.90,47.8,1.02,24.2000,1559.2000,1.58
100,200,500,0.21,50,0.80,0.80,0.000,0.080,1536,899,637,58.53,1.88,-2.62,50.2,1.01,23.8000,1559.8000,1.55
100,200,500,0.21,50,0.90,0.90,0.050,0.100,1535,925,610,60.26,1.81,-2.70,49.2,1.01,23.6000,1558.6000,1.54
100,200,500,0.21,50,0.80,0.70,0.080,0.080,1536,952,584,61.98,1.70,-2.73,45.9,1.01,23.5200,1559.5200,1.53
100,200,500,0.21,50,0.90,0.80,0.100,0.020,1535,1105,430,71.99,1.51,-3.82,53.1,1.01,23.5000,1558.5000,1.53
100,200,500,0.21,50,0.80,0.80,0.050,0.080,1536,953,583,62.04,1.74,-2.80,48.2,1.01,23.5000,1559.5000,1.53
100,200,500,0.21,50,0.70,0.90,0.000,0.020,1536,1044,492,67.97,1.77,-3.70,62.7,1.01,23.4000,1559.4000,1.52
100,200,500,0.21,50,1.00,0.70,0.080,0.020,1535,1049,486,68.34,1.62,-3.46,52.8,1.01,23.3400,1558.3400,1.52
100,200,500,0.21,50,0.70,0.90,0.020,0.020,1536,1086,450,70.70,1.63,-3.88,59.3,1.01,23.2400,1559.2400,1.51
100,200,500,0.21,50,0.90,0.80,0.050,0.080,1535,932,603,60.72,1.80,-2.74,49.1,1.01,23.0000,1558.0000,1.50
100,200,500,0.21,50,1.00,0.90,0.050,0.100,1535,908,627,59.15,1.85,-2.65,50.1,1.01,23.0000,1558.0000,1.50
100,200,500,0.21,50,0.90,0.80,0.100,0.100,1535,949,586,61.82,1.71,-2.74,46.5,1.01,23.0000,1558.0000,1.50
100,200,500,0.21,50,0.80,0.70,0.080,0.020,1536,1072,464,69.79,1.54,-3.52,50.6,1.01,23.0000,1559.0000,1.50
100,200,500,0.21,50,0.70,0.80,0.100,0.100,1536,983,553,64.00,1.62,-2.84,45.2,1.01,23.0000,1559.0000,1.50
100,200,500,0.21,50,0.90,1.00,0.050,0.050,1535,1039,496,67.69,1.68,-3.47,55.8,1.01,22.9000,1557.9000,1.49
100,200,500,0.21,50,0.80,0.90,0.050,0.100,1536,946,590,61.59,1.75,-2.76,48.4,1.01,22.9000,1558.9000,1.49
100,200,500,0.21,50,0.70,0.80,0.080,0.080,1536,1002,534,65.23,1.61,-2.98,46.5,1.01,22.9000,1558.9000,1.49
100,200,500,0.21,50,1.00,0.80,0.050,0.080,1535,915,620,59.61,1.85,-2.69,49.9,1.01,22.7000,1557.7000,1.48
100,200,500,0.21,50,1.00,0.80,0.020,0.080,1535,881,654,57.39,1.94,-2.58,51.1,1.01,22.6800,1557.6800,1.48
100,200,500,0.21,50,0.90,0.80,0.080,0.080,1535,965,570,62.87,1.71,-2.86,48.1,1.01,22.4800,1557.4800,1.46
100,200,500,0.21,50,0.90,0.80,0.100,0.080,1535,986,549,64.23,1.66,-2.94,47.5,1.01,22.4000,1557.4000,1.46
100,200,500,0.21,50,0.90,0.80,0.050,0.100,1535,905,630,58.96,1.83,-2.59,47.7,1.01,22.2000,1557.2000,1.45
100,200,500,0.21,50,0.80,0.90,0.000,0.100,1536,894,642,58.20,1.89,-2.59,50.3,1.01,22.2000,1558.2000,1.45
100,200,500,0.21,50,0.80,0.80,0.050,0.100,1536,924,612,60.16,1.77,-2.64,47.0,1.01,21.7000,1557.7000,1.41
100,200,500,0.21,50,1.00,0.90,0.020,0.100,1535,875,660,57.00,1.94,-2.54,51.2,1.01,21.6400,1556.6400,1.41
100,200,500,0.21,50,0.90,0.90,0.050,0.020,1535,1095,440,71.34,1.60,-3.94,59.5,1.01,21.6000,1556.6000,1.41
100,200,500,0.21,50,0.80,0.80,0.100,0.100,1536,966,570,62.89,1.67,-2.78,45.9,1.01,21.6000,1557.6000,1.41
100,200,500,0.21,50,0.80,0.80,0.080,0.020,1536,1106,430,72.01,1.50,-3.82,53.0,1.01,21.3000,1557.3000,1.39
100,200,500,0.21,50,0.80,0.80,0.020,0.080,1536,920,616,59.90,1.82,-2.69,49.4,1.01,21.0600,1557.0600,1.37
100,200,500,0.21,50,1.00,0.80,0.100,0.000,1535,1145,390,74.59,1.49,-4.31,59.2,1.01,20.8000,1555.8000,1.36
100,200,500,0.21,50,1.00,0.80,0.050,0.100,1535,889,646,57.92,1.87,-2.54,48.5,1.01,20.6000,1555.6000,1.34
100,200,500,0.21,50,0.70,1.00,0.100,0.050,1536,1104,432,71.88,1.47,-3.70,51.1,1.01,20.5000,1556.5000,1.33
100,200,500,0.21,50,1.00,0.80,0.080,0.100,1535,914,621,59.54,1.80,-2.62,47.7,1.01,20.2800,1555.2800,1.32
100,200,500,0.21,50,0.70,1.00,0.100,0.000,1534,1210,324,78.88,1.36,-5.00,62.7,1.01,20.2000,1554.2000,1.32
100,200,500,0.21,50,1.00,0.90,0.080,0.100,1535,937,598,61.04,1.78,-2.75,49.1,1.01,20.1800,1555.1800,1.31
100,200,500,0.21,50,0.80,0.90,0.100,0.100,1536,992,544,64.58,1.63,-2.93,47.1,1.01,20.1000,1556.1000,1.31
100,200,500,0.21,50,0.70,0.80,0.020,0.020,1536,1059,477,68.95,1.66,-3.63,56.4,1.01,19.8800,1555.8800,1.29
100,200,500,0.21,50,0.90,1.00,0.020,0.050,1535,977,558,63.65,1.84,-3.18,58.5,1.01,19.8100,1554.8100,1.29
100,200,500,0.21,50,0.70,0.90,0.100,0.100,1536,1008,528,65.62,1.59,-2.99,46.3,1.01,19.7000,1555.7000,1.28
100,200,500,0.21,50,0.80,0.90,0.020,0.100,1536,914,622,59.51,1.83,-2.66,49.5,1.01,19.6800,1555.6800,1.28
100,200,500,0.21,50,0.80,0.90,0.080,0.100,1536,977,559,63.61,1.67,-2.88,47.6,1.01,19.3600,1555.3600,1.26
100,200,500,0.21,50,0.70,0.70,0.020,0.020,1536,1025,511,66.73,1.69,-3.35,53.3,1.01,19.2600,1555.2600,1.25
100,200,500,0.21,50,0.90,0.90,0.100,0.020,1535,1128,407,73.49,1.48,-4.06,55.6,1.01,19.0000,1554.0000,1.24
100,200,500,0.21,50,0.80,0.90,0.000,0.020,1536,1023,513,66.60,1.85,-3.65,65.2,1.01,18.9000,1554.9000,1.23
100,200,500,0.21,50,1.00,0.80,0.080,0.080,1535,945,590,61.56,1.76,-2.80,48.9,1.01,18.7400,1553.7400,1.22
100,200,500,0.21,50,1.00,1.00,0.050,0.050,1535,1018,517,66.32,1.73,-3.38,57.3,1.01,18.1000,1553.1000,1.18
100,200,500,0.21,50,0.70,0.70,0.000,0.020,1536,992,544,64.58,1.79,-3.22,55.4,1.01,18.0000,1554.0000,1.17
100,200,500,0.21,50,0.80,0.90,0.080,0.020,1536,1129,407,73.50,1.48,-4.06,55.5,1.01,17.8800,1553.8800,1.16
100,200,500,0.21,50,0.80,0.80,0.080,0.100,1536,949,587,61.78,1.71,-2.73,46.3,1.01,17.7400,1553.7400,1.15
100,200,500,0.21,50,0.80,0.80,0.000,0.100,1536,878,658,57.16,1.89,-2.50,48.7,1.01,17.6000,1553.6000,1.15
100,200,500,0.21,50,0.70,0.80,0.100,0.080,1536,1014,522,66.02,1.58,-3.03,46.0,1.01,17.6000,1553.6000,1.15
100,200,500,0.21,50,1.00,0.80,0.020,0.100,1535,859,676,55.96,1.95,-2.45,49.5,1.01,17.3000,1552.3000,1.13
100,200,500,0.21,50,0.90,1.00,0.100,0.000,1533,1199,334,78.21,1.41,-5.00,65.6,1.01,17.2000,1550.2000,1.12
100,200,500,0.21,50,0.80,1.00,0.100,0.000,1534,1205,329,78.55,1.38,-5.00,64.2,1.01,17.0000,1551.0000,1.11
100,200,500,0.21,50,0.80,0.80,0.020,0.100,1536,896,640,58.33,1.84,-2.55,48.0,1.01,16.8200,1552.8200,1.10
100,200,500,0.21,50,0.80,1.00,0.100,0.050,1536,1095,441,71.29,1.50,-3.68,52.2,1.01,16.7500,1552.7500,1.09
100,200,500,0.21,50,0.80,0.80,0.100,0.080,1536,999,537,65.04,1.62,-2.98,46.9,1.01,16.6000,1552.6000,1.08
100,200,500,0.21,50,0.70,0.80,0.000,0.020,1536,1018,518,66.28,1.78,-3.46,59.2,1.01,16.2000,1552.2000,1.05
100,200,500,0.21,50,0.80,0.80,0.080,0.080,1536,985,551,64.13,1.66,-2.93,47.3,1.01,15.9800,1551.9800,1.04
100,200,500,0.21,50,1.00,0.70,0.100,0.000,1535,1108,427,72.18,1.53,-3.93,55.2,1.01,15.9000,1550.9000,1.04
100,200,500,0.21,50,0.90,1.00,0.100,0.050,1535,1084,451,70.62,1.54,-3.66,53.0,1.01,15.7000,1550.7000,1.02
100,200,500,0.21,50,1.00,1.00,0.020,0.050,1535,955,580,62.21,1.90,-3.11,59.7,1.01,15.5600,1550.5600,1.01
100,200,500,0.21,50,0.80,0.80,0.000,0.020,1536,998,538,64.97,1.86,-3.41,61.5,1.01,14.5000,1550.5000,0.94
100,200,500,0.21,50,0.70,1.00,0.080,0.020,1534,1155,379,75.29,1.43,-4.31,56.4,1.01,14.3600,1548.3600,0.94
100,200,500,0.21,50,0.80,0.80,0.050,0.020,1536,1082,454,70.44,1.58,-3.74,55.2,1.01,14.2000,1550.2000,0.92
100,200,500,0.21,50,0.80,1.00,0.080,0.000,1534,1200,334,78.23,1.40,-5.00,65.5,1.01,13.8800,1547.8800,0.90
100,200,500,0.21,50,0.70,1.00,0.000,0.020,1534,1062,472,69.23,1.76,-3.93,65.9,1.01,13.7000,1547.7000,0.89
100,200,500,0.21,50,0.80,1.00,0.020,0.000,1534,1167,367,76.08,1.58,-5.00,75.9,1.01,13.6800,1547.6800,0.89
100,200,500,0.21,50,0.80,1.00,0.080,0.050,1536,1084,452,70.57,1.53,-3.64,52.9,1.01,13.4300,1549.4300,0.87
100,200,500,0.21,50,0.90,0.80,0.000,0.000,1535,1060,475,69.06,1.92,-4.26,75.9,1.01,13.4000,1548.4000,0.87
100,200,500,0.21,50,0.90,0.70,0.050,0.020,1535,1029,506,67.04,1.68,-3.39,53.7,1.01,13.2000,1548.2000,0.86
100,200,500,0.21,50,0.70,1.00,0.100,0.020,1534,1160,374,75.62,1.41,-4.32,55.7,1.01,12.8000,1546.8000,0.83
100,200,500,0.21,50,0.70,0.80,0.020,0.000,1536,1125,411,73.24,1.58,-4.30,63.3,1.01,12.2800,1548.2800,0.80
100,200,500,0.21,50,0.80,1.00,0.000,0.020,1534,1041,493,67.86,1.84,-3.87,68.7,1.01,12.2000,1546.2000,0.80
100,200,500,0.21,50,0.80,1.00,0.050,0.000,1534,1189,345,77.51,1.46,-5.00,68.5,1.01,11.8000,1545.8000,0.77
100,200,500,0.21,50,0.70,0.90,0.050,0.000,1535,1173,362,76.42,1.45,-4.67,61.4,1.01,11.7000,1546.7000,0.76
100,200,500,0.21,50,0.90,0.90,0.000,0.000,1534,1087,447,70.86,1.92,-4.64,82.6,1.01,11.5000,1545.5000,0.75
100,200,500,0.21,50,0.70,0.80,0.080,0.000,1536,1157,379,75.33,1.43,-4.32,56.5,1.01,11.1200,1547.1200,0.72
100,200,500,0.21,50,0.80,0.90,0.050,0.020,1536,1107,429,72.07,1.55,-3.98,57.8,1.01,10.7000,1546.7000,0.70
100,200,500,0.21,50,0.90,1.00,0.080,0.020,1533,1136,397,74.10,1.50,-4.27,59.1,1.01,10.4000,1543.4000,0.68
100,200,500,0.21,50,0.80,1.00,0.050,0.050,1536,1054,482,68.62,1.62,-3.52,54.5,1.01,10.3000,1546.3000,0.67
100,200,500,0.21,50,0.70,1.00,0.020,0.020,1534,1106,428,72.10,1.61,-4.14,62.0,1.01,10.2800,1544.2800,0.67
100,200,500,0.21,50,0.90,0.80,0.080,0.000,1535,1142,393,74.40,1.49,-4.31,59.5,1.01,9.9600,1544.9600,0.65
100,200,500,0.21,50,0.80,1.00,0.000,0.000,1534,1125,409,73.34,1.83,-5.00,86.1,1.00,9.8000,1543.8000,0.64
100,200,500,0.21,50,0.90,0.70,0.000,0.000,1535,1026,509,66.84,1.92,-3.86,68.9,1.00,9.7000,1544.7000,0.63
100,200,500,0.21,50,0.80,0.70,0.050,0.020,1536,1044,492,67.97,1.63,-3.43,52.3,1.01,9.7000,1545.7000,0.63
100,200,500,0.21,50,0.80,0.70,0.000,0.020,1536,970,566,63.15,1.86,-3.18,57.5,1.01,9.4000,1545.4000,0.61
100,200,500,0.21,50,0.70,0.70,0.080,0.000,1536,1122,414,73.05,1.46,-3.94,52.7,1.01,9.4000,1545.4000,0.61
100,200,500,0.21,50,1.00,1.00,0.080,0.020,1533,1128,405,73.58,1.53,-4.24,60.6,1.00,8.4800,1541.4800,0.55
100,200,500,0.21,50,0.80,1.00,0.020,0.050,1536,996,540,64.84,1.77,-3.25,57.1,1.00,7.8100,1543.8100,0.51
100,200,500,0.21,50,0.90,0.80,0.050,0.000,1535,1127,408,73.42,1.56,-4.30,62.9,1.00,6.4000,1541.4000,0.42
100,200,500,0.21,50,0.90,0.70,0.080,0.000,1535,1105,430,71.99,1.53,-3.93,55.6,1.00,6.1600,1541.1600,0.40
100,200,500,0.21,50,1.00,0.90,0.100,0.000,1534,1169,365,76.21,1.46,-4.67,62.7,1.00,5.5000,1539.5000,0.36
100,200,500,0.21,50,0.90,1.00,0.020,0.000,1533,1153,380,75.21,1.65,-5.00,78.5,1.00,5.0000,1538.0000,0.33
100,200,500,0.21,50,1.00,0.80,0.080,0.000,1535,1135,400,73.94,1.52,-4.31,61.0,1.00,4.9600,1539.9600,0.32
100,200,500,0.21,50,0.70,0.70,0.100,0.000,1536,1126,410,73.31,1.44,-3.95,52.1,1.00,4.6000,1540.6000,0.30
100,200,500,0.21,50,0.80,1.00,0.100,0.020,1534,1152,382,75.10,1.43,-4.31,56.8,1.00,4.3000,1538.3000,0.28
100,200,500,0.21,50,1.00,0.70,0.050,0.020,1535,1012,523,65.93,1.73,-3.34,55.2,1.00,4.2000,1539.2000,0.27
100,200,500,0.21,50,1.00,0.90,0.000,0.000,1534,1072,462,69.88,2.00,-4.63,86.7,1.00,4.0000,1538.0000,0.26
100,200,500,0.21,50,0.90,0.80,0.020,0.020,1535,1013,522,65.99,1.80,-3.49,60.7,1.00,3.9600,1538.9600,0.26
100,200,500,0.21,50,0.70,0.80,0.100,0.000,1536,1160,376,75.52,1.40,-4.32,55.6,1.00,3.6000,1539.6000,0.23
100,200,500,0.21,50,0.90,0.90,0.020,0.020,1535,1040,495,67.75,1.78,-3.73,64.1,1.00,3.4800,1538.4800,0.23
100,200,500,0.21,50,1.00,0.90,0.050,0.020,1535,1077,458,70.16,1.66,-3.89,61.5,1.00,3.4000,1538.4000,0.22
100,200,500,0.21,50,1.00,1.00,0.020,0.000,1533,1142,391,74.49,1.71,-5.00,81.3,1.00,3.0000,1536.0000,0.20
100,200,500,0.21,50,1.00,0.80,0.050,0.020,1535,1048,487,68.27,1.69,-3.63,58.6,1.00,3.0000,1538.0000,0.20
100,200,500,0.21,50,0.90,0.70,0.020,0.020,1535,981,554,63.91,1.82,-3.23,56.9,1.00,2.4400,1537.4400,0.16
100,200,500,0.21,50,1.00,0.80,0.000,0.000,1535,1044,491,68.01,2.00,-4.25,79.9,1.00,2.0000,1537.0000,0.13
100,200,500,0.21,50,0.70,1.00,0.000,0.000,1534,1139,395,74.25,1.74,-5.00,81.1,1.00,1.8000,1535.8000,0.12
100,200,500,0.21,50,0.70,0.90,0.020,0.000,1535,1151,384,74.98,1.56,-4.66,67.1,1.00,1.4400,1536.4400,0.09
100,200,500,0.21,50,0.80,0.80,0.100,0.000,1536,1154,382,75.13,1.43,-4.32,57.0,1.00,1.2000,1537.2000,0.08
100,200,500,0.21,50,0.80,0.70,0.100,0.000,1536,1119,417,72.85,1.47,-3.94,53.2,1.00,0.9000,1536.9000,0.06
100,200,500,0.21,50,1.00,0.70,0.080,0.000,1535,1097,438,71.47,1.56,-3.92,57.1,1.00,0.4800,1535.4800,0.03
100,200,500,0.21,50,0.90,1.00,0.050,0.020,1533,1113,420,72.60,1.58,-4.19,62.0,1.00,-0.1000,1532.9000,-0.01
100,200,500,0.21,50,1.00,0.70,0.000,0.000,1535,1010,525,65.80,2.00,-3.85,72.1,1.00,-0.5000,1534.5000,-0.03
100,200,500,0.21,50,1.00,0.70,0.020,0.020,1535,964,571,62.80,1.89,-3.19,58.3,1.00,-0.7800,1534.2200,-0.05
100,200,500,0.21,50,0.90,1.00,0.100,0.020,1533,1142,391,74.49,1.47,-4.29,57.9,1.00,-1.6000,1531.4000,-0.10
100,200,500,0.21,50,0.90,0.80,0.100,0.000,1535,1146,389,74.66,1.46,-4.31,58.1,1.00,-2.4000,1532.6000,-0.16
100,200,500,0.21,50,0.80,0.80,0.050,0.000,1536,1135,401,73.89,1.52,-4.30,60.8,1.00,-2.9000,1533.1000,-0.19
100,200,500,0.21,50,0.80,0.90,0.020,0.020,1536,1059,477,68.95,1.71,-3.79,62.2,1.00,-2.9800,1533.0200,-0.19
100,200,500,0.21,50,0.80,1.00,0.080,0.020,1534,1143,391,74.51,1.46,-4.29,57.8,1.00,-3.0200,1530.9800,-0.20
100,200,500,0.21,50,0.70,0.70,0.020,0.000,1536,1085,451,70.64,1.62,-3.91,59.1,1.00,-3.7800,1532.2200,-0.25
100,200,500,0.21,50,0.80,0.80,0.020,0.020,1536,1031,505,67.12,1.73,-3.54,58.9,1.00,-4.0600,1531.9400,-0.26
100,200,500,0.21,50,0.90,1.00,0.020,0.020,1533,1064,469,69.41,1.76,-3.99,67.2,1.00,-5.3200,1527.6800,-0.35
100,200,500,0.21,50,1.00,0.80,0.050,0.000,1535,1117,418,72.77,1.60,-4.29,65.6,1.00,-5.4000,1529.6000,-0.35
100,200,500,0.21,50,1.00,0.80,0.020,0.020,1535,992,543,64.63,1.87,-3.43,62.3,1.00,-5.7200,1529.2800,-0.37
100,200,500,0.21,50,0.80,0.80,0.080,0.000,1536,1147,389,74.67,1.46,-4.31,58.0,1.00,-5.7600,1530.2400,-0.38
100,200,500,0.21,50,0.90,0.90,0.080,0.000,1534,1166,368,76.01,1.47,-4.67,63.1,1.00,-6.8000,1527.2000,-0.44
100,200,500,0.21,50,0.90,0.70,0.100,0.000,1535,1109,426,72.25,1.50,-3.93,54.2,1.00,-7.0000,1528.0000,-0.46
100,200,500,0.21,50,0.90,0.70,0.050,0.000,1535,1086,449,70.75,1.61,-3.91,58.6,1.00,-7.6000,1527.4000,-0.50
100,200,500,0.21,50,1.00,0.90,0.020,0.020,1535,1020,515,66.45,1.85,-3.68,65.9,1.00,-7.7000,1527.3000,-0.50
100,200,500,0.21,50,0.80,0.70,0.020,0.020,1536,997,539,64.91,1.76,-3.27,55.4,1.00,-7.8400,1528.1600,-0.51
100,200,500,0.21,50,0.80,1.00,0.020,0.020,1534,1083,451,70.60,1.68,-4.06,65.2,1.00,-8.6800,1525.3200,-0.57
100,200,500,0.21,50,0.70,0.90,0.080,0.000,1535,1179,356,76.81,1.40,-4.67,59.7,0.99,-8.8400,1526.1600,-0.58
100,200,500,0.21,50,1.00,1.00,0.050,0.020,1533,1100,433,71.75,1.63,-4.16,64.1,0.99,-9.1000,1523.9000,-0.59
100,200,500,0.21,50,0.80,0.70,0.080,0.000,1536,1110,426,72.27,1.50,-3.93,54.1,0.99,-10.6000,1525.4000,-0.69
100,200,500,0.21,50,0.90,0.90,0.050,0.000,1534,1152,382,75.10,1.54,-4.66,66.6,0.99,-11.1000,1522.9000,-0.72
100,200,500,0.21,50,0.80,1.00,0.050,0.020,1534,1124,410,73.27,1.53,-4.23,60.2,0.99,-12.7000,1521.3000,-0.83
100,200,500,0.21,50,0.70,0.90,0.100,0.000,1535,1182,353,77.00,1.38,-4.67,58.8,0.99,-14.9000,1520.1000,-0.97
100,200,500,0.21,50,1.00,0.90,0.080,0.000,1534,1159,375,75.55,1.50,-4.66,64.7,0.99,-15.0600,1518.9400,-0.98
100,200,500,0.21,50,0.80,0.90,0.100,0.000,1535,1177,358,76.68,1.41,-4.67,60.4,0.99,-15.6000,1519.4000,-1.02
100,200,500,0.21,50,1.00,0.90,0.050,0.000,1534,1144,390,74.58,1.57,-4.66,69.5,0.99,-17.0000,1517.0000,-1.11
100,200,500,0.21,50,0.90,0.90,0.100,0.000,1534,1170,364,76.27,1.44,-4.67,61.7,0.99,-17.6000,1516.4000,-1.15
100,200,500,0.21,50,1.00,1.00,0.020,0.020,1533,1043,490,68.04,1.83,-3.93,69.2,0.99,-18.4000,1514.6000,-1.20
100,200,500,0.21,50,0.80,0.70,0.050,0.000,1536,1094,442,71.22,1.56,-3.91,56.6,0.99,-18.5000,1517.5000,-1.20
100,200,500,0.21,50,0.80,0.90,0.080,0.000,1535,1171,364,76.29,1.43,-4.67,61.6,0.99,-20.9200,1514.0800,-1.36
100,200,500,0.21,50,0.80,0.90,0.050,0.000,1535,1159,376,75.50,1.49,-4.66,64.4,0.99,-22.8000,1512.2000,-1.49
100,200,500,0.21,50,1.00,0.70,0.050,0.000,1535,1074,461,69.97,1.65,-3.90,61.1,0.99,-24.1000,1510.9000,-1.57
100,200,500,0.21,50,0.80,0.80,0.020,0.000,1536,1105,431,71.94,1.65,-4.28,67.1,0.99,-27.2000,1508.8000,-1.77
100,200,500,0.21,50,0.80,0.90,0.020,0.000,1535,1134,401,73.88,1.62,-4.65,71.2,0.98,-31.5000,1503.5000,-2.05
100,200,500,0.21,50,1.00,0.80,0.020,0.000,1535,1079,456,70.29,1.77,-4.27,72.1,0.98,-31.6800,1503.3200,-2.06
100,200,500,0.21,50,0.90,0.80,0.020,0.000,1535,1090,445,71.01,1.71,-4.27,69.4,0.98,-33.2000,1501.8000,-2.16
100,200,500,0.21,50,0.80,0.70,0.000,0.000,1536,1033,503,67.25,1.85,-3.86,66.9,0.98,-35.9000,1500.1000,-2.34
100,200,500,0.21,50,0.80,0.80,0.000,0.000,1536,1067,469,69.47,1.84,-4.26,73.2,0.98,-36.0000,1500.0000,-2.34
100,200,500,0.21,50,0.90,0.90,0.020,0.000,1534,1120,414,73.01,1.68,-4.65,73.8,0.98,-36.9600,1497.0400,-2.41
100,200,500,0.21,50,1.00,0.90,0.020,0.000,1534,1109,425,72.29,1.75,-4.64,76.5,0.98,-37.5000,1496.5000,-2.44
100,200,500,0.21,50,0.80,0.70,0.020,0.000,1536,1065,471,69.34,1.68,-3.89,62.3,0.98,-38.1000,1497.9000,-2.48
100,200,500,0.21,50,0.90,0.70,0.020,0.000,1535,1051,484,68.47,1.75,-3.88,64.5,0.98,-38.4800,1496.5200,-2.51
100,200,500,0.21,50,0.80,0.90,0.000,0.000,1535,1094,441,71.27,1.83,-4.64,79.5,0.98,-40.3000,1494.7000,-2.63
100,200,500,0.21,50,0.70,0.80,0.000,0.000,1536,1082,454,70.44,1.75,-4.27,69.5,0.98,-41.0000,1495.0000,-2.67
100,200,500,0.21,50,0.70,0.70,0.000,0.000,1536,1048,488,68.23,1.76,-3.88,63.7,0.98,-41.6000,1494.4000,-2.71
100,200,500,0.21,50,1.00,0.70,0.020,0.000,1535,1037,498,67.56,1.81,-3.87,66.7,0.98,-47.9600,1487.0400,-3.12
100,200,500,0.21,50,0.70,0.90,0.000,0.000,1535,1108,427,72.18,1.74,-4.64,74.9,0.98,-49.1000,1485.9000,-3.20
