entry_idx,entry_price,direction,size_u,holding_bars,exit_idx,exit_price,exit_reason,pnl,trail_active,trail_pct,weak_flag
104,3349.71,long,1.0,19,123,3428.67,TP,3.30,False,0.0,False
138,3399.19,long,1.0,41,179,3360.58,SL_over40,-1.59,True,0.06,True
148,3422.57,long,1.0,41,189,3383.70,SL_over40,-1.59,True,0.06,True
466,3485.62,long,1.0,41,507,3446.03,SL_over40,-1.59,True,0.06,True
474,3477.66,long,1.0,56,530,3438.16,SL_over40,-1.59,True,0.06,True
504,3454.18,short,1.0,51,555,3493.41,SL_over40,-1.59,True,0.06,True
447,3471.17,short,2.0,112,559,3510.59,SL_over40,-3.18,True,0.06,True
631,3595.69,long,1.0,64,695,3671.97,TP_over40,2.97,True,0.06,True
630,3603.61,long,1.0,168,798,3680.06,TP_over40,2.97,True,0.06,True
971,3400.55,short,1.0,37,1008,3320.39,TP,3.30,False,0.0,False
974,3378.75,long,4.0,54,1028,3340.38,SL_over40,-6.36,True,0.06,True
1029,3349.79,short,1.0,21,1050,3270.83,TP,3.30,False,0.0,False
1024,3357.85,short,4.0,26,1050,3278.70,TP,13.20,False,0.0,False
1046,3336.62,long,2.0,6,1052,3210.31,SL,-10.60,False,0.0,False
1063,3281.53,long,2.0,70,1133,3244.26,SL_over40,-3.18,True,0.08,False
1134,3241.40,long,4.0,7,1141,3317.80,TP,13.20,False,0.0,False
1175,3219.60,long,1.0,29,1204,3295.49,TP,3.30,False,0.0,False
1184,3243.93,short,4.0,41,1225,3280.77,SL_over40,-6.36,True,0.06,True
1235,3230.73,long,4.0,10,1245,3306.88,TP,13.20,False,0.0,False
1216,3307.35,long,1.0,41,1257,3269.79,SL_over40,-1.59,True,0.06,True
1247,3294.08,long,1.0,41,1288,3256.67,SL_over40,-1.59,True,0.06,True
1237,3245.14,short,4.0,93,1330,3282.00,SL_over40,-6.36,True,0.06,True
1241,3247.48,short,1.0,110,1351,3284.36,SL_over40,-1.59,True,0.06,True
1456,3244.99,short,1.0,39,1495,3168.50,TP,3.30,False,0.0,False
1473,3255.96,long,4.0,27,1500,3132.70,SL,-21.20,False,0.0,False
1533,3020.79,long,4.0,12,1545,3091.99,TP,13.20,False,0.0,False
1538,3015.72,short,1.0,12,1550,3129.89,SL,-5.30,False,0.0,False
1531,3026.02,short,1.0,20,1551,3140.58,SL,-5.30,False,0.0,False
1521,3034.41,short,4.0,41,1562,3068.87,SL_over40,-6.36,True,0.06,True
1625,3191.13,short,1.0,44,1669,3227.37,SL_over40,-1.59,True,0.06,True
1640,3215.08,short,4.0,68,1708,3251.59,SL_over40,-6.36,True,0.06,True
1620,3213.13,long,2.0,88,1708,3281.29,TP_over40,5.94,True,0.06,True
1618,3210.78,long,4.0,90,1708,3278.89,TP_over40,11.88,True,0.06,True
1670,3228.97,short,4.0,41,1711,3265.64,SL_over40,-6.36,True,0.06,True
1722,3347.95,long,1.0,11,1733,3426.87,TP,3.30,False,0.0,False
1716,3339.21,short,1.0,19,1735,3465.62,SL,-5.30,False,0.0,False
1816,3336.57,short,2.0,41,1857,3374.46,SL_over40,-3.18,True,0.06,True
1863,3357.32,long,1.0,23,1886,3436.46,TP,3.30,False,0.0,False
1905,3428.87,short,4.0,41,1946,3467.81,SL_over40,-6.36,True,0.06,True
2014,3269.11,long,2.0,28,2042,3346.17,TP,6.60,False,0.0,False
2010,3278.05,long,4.0,32,2042,3355.32,TP,13.20,False,0.0,False
2059,3278.48,long,4.0,16,2075,3154.37,SL,-21.20,False,0.0,False
2104,3402.50,short,4.0,19,2123,3322.30,TP,13.20,False,0.0,False
2140,3183.87,short,2.0,14,2154,3304.40,SL,-10.60,False,0.0,False
2128,3253.01,long,4.0,32,2160,3329.69,TP,13.20,False,0.0,False
2126,3259.31,long,4.0,34,2160,3336.14,TP,13.20,False,0.0,False
2144,3238.89,short,4.0,17,2161,3361.51,SL,-21.20,False,0.0,False
2199,3349.01,short,4.0,3,2202,3270.07,TP,13.20,False,0.0,False
2186,3312.55,short,1.0,18,2204,3234.47,TP,3.30,False,0.0,False
2178,3342.90,long,4.0,26,2204,3216.35,SL,-21.20,False,0.0,False
2176,3373.00,long,4.0,28,2204,3245.31,SL,-21.20,False,0.0,False
2236,3237.43,long,4.0,39,2275,3313.74,TP,13.20,False,0.0,False
2265,3254.14,long,2.0,22,2287,3330.84,TP,6.60,False,0.0,False
2280,3307.94,long,1.0,105,2385,3270.37,SL_over40,-1.59,True,0.06,True
2295,3316.51,short,4.0,106,2401,3246.15,TP_over40,11.88,True,0.06,True
2392,3272.00,short,1.0,48,2440,3202.59,TP_over40,2.97,True,0.06,True
2465,3203.99,long,4.0,16,2481,3279.51,TP,13.20,False,0.0,False
2458,3220.03,short,2.0,45,2503,3256.60,SL_over40,-3.18,True,0.06,True
2506,3232.17,long,4.0,6,2512,3308.36,TP,13.20,False,0.0,False
2502,3224.47,short,4.0,14,2516,3346.54,SL,-21.20,False,0.0,False
2524,3309.40,short,4.0,41,2565,3346.99,SL_over40,-6.36,True,0.06,True
2577,3399.66,short,4.0,33,2610,3319.53,TP,13.20,False,0.0,False
2604,3332.00,long,1.0,41,2645,3294.16,SL_over40,-1.59,True,0.06,True
2686,3337.01,short,1.0,116,2802,3266.22,TP_over40,2.97,True,0.06,True
2622,3301.54,long,1.0,181,2803,3264.04,SL_over40,-1.59,True,0.06,True
2804,3240.90,long,4.0,25,2829,3118.21,SL,-21.20,False,0.0,False
2844,3070.11,long,4.0,21,2865,3142.48,TP,13.20,False,0.0,False
2860,3110.51,long,1.0,30,2890,3183.83,TP,3.30,False,0.0,False
2850,3051.80,short,2.0,40,2890,3167.33,SL,-10.60,True,0.06,True
2960,3162.78,short,1.0,28,2988,3088.23,TP,3.30,False,0.0,False
2961,3172.31,long,2.0,28,2989,3052.22,SL,-10.60,False,0.0,False
2990,3070.17,long,4.0,33,3023,3142.54,TP,13.20,False,0.0,False
2987,3099.85,short,1.0,41,3028,3135.06,SL_over40,-1.59,True,0.06,True
3127,3192.28,long,2.0,21,3148,3267.53,TP,6.60,False,0.0,False
3126,3182.49,short,1.0,41,3167,3218.63,SL_over40,-1.59,True,0.06,True
3157,3255.30,short,2.0,77,3234,3292.27,SL_over40,-3.18,True,0.06,True
3168,3271.64,short,2.0,67,3235,3308.80,SL_over40,-3.18,True,0.06,True
3165,3272.60,short,2.0,70,3235,3309.77,SL_over40,-3.18,True,0.06,True
3156,3265.92,short,4.0,79,3235,3303.01,SL_over40,-6.36,True,0.06,True
3254,3412.42,short,4.0,10,3264,3331.98,TP,13.20,False,0.0,False
3279,3316.32,long,4.0,41,3320,3278.66,SL_over40,-6.36,True,0.06,True
3357,3262.24,short,1.0,8,3365,3185.34,TP,3.30,False,0.0,False
3397,3077.97,long,1.0,51,3448,3043.01,SL_over40,-1.59,True,0.06,True
3415,3103.27,short,2.0,34,3449,3030.12,TP,6.60,False,0.0,False
3414,3093.01,short,1.0,35,3449,3020.10,TP,3.30,True,0.06,True
3431,3064.65,short,2.0,21,3452,2992.41,TP,6.60,False,0.0,False
3463,2969.37,short,4.0,5,3468,2899.38,TP,13.20,False,0.0,False
3471,2907.65,long,4.0,1,3472,2797.57,SL,-21.20,False,0.0,False
3453,2972.99,long,4.0,19,3472,2860.44,SL,-21.20,False,0.0,False
3478,2851.77,short,4.0,2,3480,2784.55,TP,13.20,False,0.0,False
3481,2823.49,short,4.0,3,3484,2756.94,TP,13.20,False,0.0,False
3475,2810.79,long,4.0,10,3485,2704.38,SL,-21.20,False,0.0,False
3474,2838.31,long,4.0,11,3485,2730.86,SL,-21.20,False,0.0,False
3498,2465.33,long,4.0,5,3503,2523.44,TP,13.20,False,0.0,False
3500,2477.82,short,4.0,8,3508,2571.62,SL,-21.20,False,0.0,False
3504,2511.10,short,4.0,5,3509,2606.16,SL,-21.20,False,0.0,False
3520,2593.14,short,1.0,15,3535,2532.02,TP,3.30,False,0.0,False
3510,2600.00,long,4.0,29,3539,2661.29,TP,13.20,False,0.0,False
3555,2735.78,short,2.0,11,3566,2839.35,SL,-10.60,False,0.0,False
3574,2873.33,short,1.0,11,3585,2805.60,TP,3.30,False,0.0,False
3570,2883.41,short,4.0,15,3585,2815.44,TP,13.20,False,0.0,False
3588,2806.15,long,4.0,7,3595,2699.92,SL,-21.20,False,0.0,False
3609,2698.31,long,4.0,9,3618,2761.91,TP,13.20,False,0.0,False
3599,2696.71,short,4.0,25,3624,2798.80,SL,-21.20,False,0.0,False
3602,2721.10,short,1.0,24,3626,2824.11,SL,-5.30,False,0.0,False
3647,2814.54,short,1.0,7,3654,2748.20,TP,3.30,False,0.0,False
3643,2793.07,short,4.0,12,3655,2727.23,TP,13.20,False,0.0,False
3641,2790.57,short,2.0,14,3655,2724.79,TP,6.60,False,0.0,False
3625,2804.99,long,1.0,33,3658,2698.80,SL,-5.30,True,0.06,True
3655,2738.84,long,4.0,7,3662,2635.16,SL,-21.20,False,0.0,False
3662,2651.23,long,4.0,4,3666,2713.72,TP,13.20,False,0.0,False
3668,2722.00,short,4.0,41,3709,2752.91,SL_over40,-6.36,True,0.06,True
3671,2732.94,long,2.0,43,3714,2790.92,TP_over40,5.94,True,0.08,False
3727,2818.12,short,2.0,7,3734,2751.69,TP,6.60,False,0.0,False
3706,2781.82,short,1.0,39,3745,2716.25,TP,3.30,True,0.06,True
3740,2744.91,long,4.0,31,3771,2809.61,TP,13.20,False,0.0,False
3753,2763.01,long,4.0,30,3783,2828.14,TP,13.20,False,0.0,False
3746,2736.39,short,4.0,41,3787,2767.47,SL_over40,-6.36,True,0.06,True
3756,2781.99,short,4.0,41,3797,2813.59,SL_over40,-6.36,True,0.06,True
3803,2835.51,short,4.0,14,3817,2768.67,TP,13.20,False,0.0,False
3782,2815.20,short,2.0,41,3823,2755.48,TP_over40,5.94,True,0.06,True
3824,2751.05,long,4.0,41,3865,2719.81,SL_over40,-6.36,True,0.06,True
3827,2747.52,long,2.0,41,3868,2716.32,SL_over40,-3.18,True,0.06,True
3831,2707.10,long,4.0,57,3888,2676.36,SL_over40,-6.36,True,0.06,True
3852,2703.57,long,4.0,57,3909,2760.92,TP_over40,11.88,True,0.06,True
3919,2791.06,short,1.0,4,3923,2725.27,TP,3.30,False,0.0,False
3917,2776.01,short,4.0,9,3926,2710.58,TP,13.20,False,0.0,False
3947,2594.34,long,4.0,12,3959,2655.49,TP,13.20,False,0.0,False
4006,2607.04,short,1.0,41,4047,2636.65,SL_over40,-1.59,True,0.06,True
3990,2623.10,long,1.0,78,4068,2678.75,TP_over40,2.97,True,0.06,True
3987,2611.96,long,1.0,81,4068,2667.37,TP_over40,2.97,True,0.06,True
4145,2615.77,short,4.0,41,4186,2645.48,SL_over40,-6.36,True,0.06,True
4211,2651.75,long,1.0,37,4248,2714.26,TP,3.30,True,0.06,True
4206,2658.00,long,4.0,42,4248,2714.39,TP_over40,11.88,True,0.06,True
4225,2683.22,long,1.0,76,4301,2652.75,SL_over40,-1.59,True,0.06,True
4302,2650.25,long,4.0,41,4343,2620.15,SL_over40,-6.36,True,0.06,True
4316,2638.54,long,2.0,41,4357,2608.57,SL_over40,-3.18,True,0.06,True
4340,2600.81,short,2.0,41,4381,2630.35,SL_over40,-3.18,True,0.06,True
4358,2593.50,long,1.0,37,4395,2654.63,TP,3.30,False,0.0,False
4329,2598.44,long,1.0,66,4395,2653.56,TP_over40,2.97,True,0.06,True
4404,2607.49,short,4.0,27,4431,2706.20,SL,-21.20,False,0.0,False
4403,2598.10,short,4.0,28,4431,2696.46,SL,-21.20,False,0.0,False
4429,2682.31,short,2.0,3,4432,2783.85,SL,-10.60,False,0.0,False
4515,2638.69,long,4.0,27,4542,2700.89,TP,13.20,False,0.0,False
4537,2675.27,long,1.0,56,4593,2732.02,TP_over40,2.97,True,0.08,False
4606,2784.31,short,4.0,12,4618,2718.68,TP,13.20,False,0.0,False
4589,2701.21,short,1.0,49,4638,2731.89,SL_over40,-1.59,True,0.06,True
4626,2724.95,short,1.0,62,4688,2667.14,TP_over40,2.97,True,0.06,True
4625,2718.00,long,4.0,63,4688,2687.13,SL_over40,-6.36,True,0.06,True
4828,2673.41,short,1.0,35,4863,2774.62,SL,-5.30,True,0.06,True
4882,2816.22,short,4.0,3,4885,2749.84,TP,13.20,False,0.0,False
4888,2736.65,long,4.0,47,4935,2705.57,SL_over40,-6.36,True,0.06,True
4917,2744.05,long,1.0,41,4958,2712.89,SL_over40,-1.59,True,0.06,True
4936,2705.85,long,4.0,41,4977,2675.12,SL_over40,-6.36,True,0.06,True
4975,2719.30,short,1.0,9,4984,2655.20,TP,3.30,False,0.0,False
4966,2685.81,short,1.0,21,4987,2622.50,TP,3.30,False,0.0,False
4993,2631.72,short,2.0,41,5034,2661.61,SL_over40,-3.18,True,0.06,True
4981,2673.70,long,2.0,73,5054,2730.42,TP_over40,5.94,True,0.06,True
5075,2691.69,short,2.0,43,5118,2722.26,SL_over40,-3.18,True,0.06,True
5055,2726.56,short,1.0,72,5127,2757.53,SL_over40,-1.59,True,0.06,True
5084,2711.39,long,1.0,83,5167,2768.91,TP_over40,2.97,True,0.06,True
5183,2741.26,short,4.0,60,5243,2772.39,SL_over40,-6.36,True,0.06,True
5178,2723.76,long,2.0,65,5243,2781.54,TP_over40,5.94,True,0.06,True
5050,2716.58,long,2.0,193,5243,2774.21,TP_over40,5.94,True,0.06,True
5296,2645.77,long,4.0,42,5338,2701.90,TP_over40,11.88,True,0.08,False
5344,2738.75,long,1.0,80,5424,2796.85,TP_over40,2.97,True,0.08,False
5445,2797.48,long,1.0,46,5491,2856.83,TP_over40,2.97,True,0.06,True
5491,2817.49,short,4.0,16,5507,2751.08,TP,13.20,False,0.0,False
5571,2651.23,long,1.0,11,5582,2550.86,SL,-5.30,False,0.0,False
5557,2658.77,long,2.0,25,5582,2558.12,SL,-10.60,False,0.0,False
5555,2658.10,short,4.0,27,5582,2595.44,TP,13.20,False,0.0,False
5540,2682.41,short,1.0,42,5582,2625.50,TP_over40,2.97,True,0.08,False
5588,2528.59,long,4.0,30,5618,2432.86,SL,-21.20,False,0.0,False
5587,2515.63,short,4.0,31,5618,2456.33,TP,13.20,False,0.0,False
5597,2494.91,long,4.0,22,5619,2400.46,SL,-21.20,False,0.0,False
5593,2499.10,long,4.0,26,5619,2404.49,SL,-21.20,False,0.0,False
5631,2385.61,long,2.0,7,5638,2441.84,TP,6.60,False,0.0,False
5629,2383.54,long,2.0,9,5638,2439.72,TP,6.60,False,0.0,False
5624,2412.49,short,4.0,44,5668,2439.89,SL_over40,-6.36,True,0.06,True
5664,2421.78,long,4.0,7,5671,2478.86,TP,13.20,False,0.0,False
5658,2425.20,long,2.0,13,5671,2482.37,TP,6.60,False,0.0,False
5646,2422.92,long,2.0,25,5671,2480.03,TP,6.60,False,0.0,False
5736,2448.30,long,2.0,21,5757,2355.61,SL,-10.60,False,0.0,False
5755,2398.01,long,1.0,4,5759,2307.23,SL,-5.30,False,0.0,False
5754,2403.90,short,1.0,5,5759,2347.24,TP,3.30,False,0.0,False
5764,2299.40,long,4.0,7,5771,2353.60,TP,13.20,False,0.0,False
5770,2331.19,short,4.0,41,5811,2357.67,SL_over40,-6.36,True,0.06,True
5781,2336.37,long,1.0,60,5841,2309.84,SL_over40,-1.59,True,0.06,True
5816,2355.00,long,2.0,41,5857,2328.25,SL_over40,-3.18,True,0.06,True
5794,2339.90,short,1.0,66,5860,2290.26,TP_over40,2.97,True,0.06,True
5803,2319.91,short,4.0,59,5862,2270.69,TP_over40,11.88,True,0.06,True
5842,2318.89,long,4.0,24,5866,2231.10,SL,-21.20,False,0.0,False
5866,2250.32,long,1.0,10,5876,2303.36,TP,3.30,False,0.0,False
5886,2215.81,long,4.0,2,5888,2131.93,SL,-21.20,False,0.0,False
5897,2136.71,short,4.0,8,5905,2086.34,TP,13.20,False,0.0,False
5911,2103.19,long,1.0,21,5932,2152.77,TP,3.30,False,0.0,False
5912,2097.50,short,1.0,22,5934,2176.91,SL,-5.30,False,0.0,False
5900,2122.78,long,2.0,34,5934,2172.82,TP,6.60,True,0.06,True
5907,2114.50,short,4.0,31,5938,2194.55,SL,-21.20,True,0.06,True
5936,2173.30,long,2.0,3,5939,2224.53,TP,6.60,False,0.0,False
5937,2166.41,short,2.0,16,5953,2248.42,SL,-10.60,False,0.0,False
5985,2256.19,long,2.0,41,6026,2230.57,SL_over40,-3.18,True,0.06,True
6070,2212.45,short,1.0,41,6111,2237.58,SL_over40,-1.59,True,0.06,True
6075,2218.71,short,1.0,41,6116,2243.91,SL_over40,-1.59,True,0.06,True
6088,2228.41,short,1.0,39,6127,2175.88,TP,3.30,True,0.06,True
6095,2230.88,long,2.0,37,6132,2283.47,TP,6.60,True,0.06,True
6141,2480.49,long,4.0,15,6156,2538.96,TP,13.20,False,0.0,False
6215,2358.82,long,1.0,10,6225,2269.52,SL,-5.30,False,0.0,False
6235,2278.12,short,1.0,4,6239,2224.42,TP,3.30,False,0.0,False
6231,2286.68,short,4.0,8,6239,2232.78,TP,13.20,False,0.0,False
6237,2277.21,long,4.0,3,6240,2191.00,SL,-21.20,False,0.0,False
6252,2138.70,short,2.0,16,6268,2088.29,TP,6.60,False,0.0,False
6249,2129.16,short,4.0,19,6268,2078.97,TP,13.20,False,0.0,False
6300,2103.00,short,4.0,16,6316,2053.43,TP,13.20,False,0.0,False
6317,2064.21,short,4.0,3,6320,2142.36,SL,-21.20,False,0.0,False
6316,2077.04,long,4.0,4,6320,2126.00,TP,13.20,False,0.0,False
6287,2106.83,long,2.0,33,6320,2156.49,TP,6.60,True,0.06,True
6276,2062.62,short,2.0,44,6320,2086.05,SL_over40,-3.18,True,0.06,True
6324,2074.09,short,4.0,3,6327,2025.20,TP,13.20,False,0.0,False
6336,2135.29,long,4.0,7,6343,2185.62,TP,13.20,False,0.0,False
6335,2124.22,short,4.0,12,6347,2204.64,SL,-21.20,False,0.0,False
6339,2151.67,short,4.0,41,6380,2176.11,SL_over40,-6.36,True,0.06,True
6374,2165.69,long,1.0,16,6390,2216.74,TP,3.30,False,0.0,False
6355,2167.50,long,4.0,36,6391,2218.59,TP,13.20,False,0.0,False
6354,2177.31,long,4.0,40,6394,2228.63,TP,13.20,True,0.06,True
6423,2170.10,long,4.0,12,6435,2221.25,TP,13.20,False,0.0,False
6418,2187.69,short,4.0,41,6459,2212.54,SL_over40,-6.36,True,0.06,True
6411,2212.59,long,4.0,49,6460,2259.53,TP_over40,11.88,True,0.06,True
6420,2189.64,short,4.0,41,6461,2214.51,SL_over40,-6.36,True,0.06,True
6453,2241.59,short,1.0,41,6494,2267.05,SL_over40,-1.59,True,0.06,True
6463,2270.30,short,4.0,49,6512,2222.14,TP_over40,11.88,True,0.06,True
6516,2266.77,short,2.0,6,6522,2213.34,TP,6.60,False,0.0,False
6545,2211.39,short,4.0,6,6551,2159.26,TP,13.20,False,0.0,False
6517,2257.49,long,2.0,34,6551,2172.03,SL,-10.60,True,0.06,True
6565,2147.89,long,1.0,22,6587,2198.52,TP,3.30,False,0.0,False
6605,2188.53,long,4.0,4,6609,2240.12,TP,13.20,False,0.0,False
6613,2209.68,short,4.0,2,6615,2157.59,TP,13.20,False,0.0,False
6588,2196.48,short,4.0,29,6617,2144.71,TP,13.20,False,0.0,False
6621,2162.31,short,4.0,31,6652,2111.34,TP,13.20,False,0.0,False
6619,2158.41,long,1.0,41,6660,2133.90,SL_over40,-1.59,True,0.06,True
6655,2134.21,short,1.0,41,6696,2158.45,SL_over40,-1.59,True,0.06,True
6800,2110.06,short,1.0,9,6809,2060.32,TP,3.30,False,0.0,False
6799,2115.01,short,1.0,10,6809,2065.16,TP,3.30,False,0.0,False
6801,2117.50,long,2.0,9,6810,2037.34,SL,-10.60,False,0.0,False
6804,2107.21,long,2.0,7,6811,2027.44,SL,-10.60,False,0.0,False
6823,2043.90,short,4.0,11,6834,1995.72,TP,13.20,False,0.0,False
6837,2020.41,long,2.0,11,6848,2068.03,TP,6.60,False,0.0,False
6832,2023.51,long,2.0,22,6854,2071.21,TP,6.60,False,0.0,False
6873,2062.10,short,1.0,2,6875,2140.17,SL,-5.30,False,0.0,False
6868,2070.80,long,2.0,7,6875,2119.61,TP,6.60,False,0.0,False
6848,2061.18,short,2.0,27,6875,2139.21,SL,-10.60,False,0.0,False
6900,2026.62,short,2.0,6,6906,1978.85,TP,6.60,False,0.0,False
6897,2018.96,long,4.0,9,6906,1942.53,SL,-21.20,False,0.0,False
6911,1911.83,long,4.0,2,6913,1839.45,SL,-21.20,False,0.0,False
6930,1885.25,short,1.0,5,6935,1840.81,TP,3.30,False,0.0,False
6939,1809.72,short,4.0,7,6946,1878.23,SL,-21.20,False,0.0,False
6957,1893.60,short,2.0,35,6992,1848.97,TP,6.60,True,0.06,True
6991,1872.08,long,4.0,4,6995,1916.21,TP,13.20,False,0.0,False
6993,1866.89,short,4.0,13,7006,1937.57,SL,-21.20,False,0.0,False
7004,1902.56,long,4.0,3,7007,1947.41,TP,13.20,False,0.0,False
7047,1856.30,long,2.0,11,7058,1900.06,TP,6.60,False,0.0,False
7064,1925.53,short,4.0,3,7067,1880.14,TP,13.20,False,0.0,False
7078,1911.68,short,1.0,10,7088,1866.62,TP,3.30,False,0.0,False
7102,1875.42,long,2.0,58,7160,1854.12,SL_over40,-3.18,True,0.06,True
7105,1878.65,short,2.0,63,7168,1899.99,SL_over40,-3.18,True,0.06,True
7138,1894.03,long,1.0,43,7181,1872.52,SL_over40,-1.59,True,0.06,True
7169,1900.20,short,1.0,23,7192,1855.41,TP,3.30,False,0.0,False
7168,1894.64,short,2.0,27,7195,1849.98,TP,6.60,False,0.0,False
7156,1872.64,short,1.0,41,7197,1832.91,TP_over40,2.97,True,0.06,True
7193,1857.67,long,1.0,51,7244,1897.08,TP_over40,2.97,True,0.08,False
7187,1880.59,long,1.0,93,7280,1920.49,TP_over40,2.97,True,0.06,True
7230,1886.18,long,1.0,52,7282,1926.19,TP_over40,2.97,True,0.06,True
7265,1898.15,short,1.0,41,7306,1919.71,SL_over40,-1.59,True,0.06,True
7370,1927.47,long,1.0,82,7452,1905.58,SL_over40,-1.59,True,0.08,False
7299,1936.15,short,1.0,159,7458,1895.08,TP_over40,2.97,True,0.06,True
7460,1871.19,long,4.0,18,7478,1915.30,TP,13.20,False,0.0,False
7455,1906.82,long,2.0,46,7501,1885.16,SL_over40,-3.18,True,0.06,True
7474,1891.74,short,1.0,45,7519,1913.22,SL_over40,-1.59,True,0.06,True
7483,1907.57,long,2.0,52,7535,1885.91,SL_over40,-3.18,True,0.06,True
7506,1880.23,long,1.0,52,7558,1920.12,TP_over40,2.97,True,0.06,True
7565,1898.66,long,4.0,19,7584,1943.41,TP,13.20,False,0.0,False
7550,1908.12,short,1.0,41,7591,1929.79,SL_over40,-1.59,True,0.06,True
7569,1899.84,short,4.0,41,7610,1921.42,SL_over40,-6.36,True,0.06,True
7604,1929.98,long,2.0,41,7645,1908.06,SL_over40,-3.18,True,0.06,True
7570,1907.79,long,2.0,77,7647,1886.12,SL_over40,-3.18,True,0.06,True
7678,1880.80,long,1.0,21,7699,1925.13,TP,3.30,False,0.0,False
7673,1887.79,long,2.0,26,7699,1932.29,TP,6.60,False,0.0,False
7853,1985.98,long,2.0,82,7935,1963.42,SL_over40,-3.18,True,0.06,True
7951,1951.01,short,2.0,41,7992,1973.17,SL_over40,-3.18,True,0.06,True
7954,1947.43,short,2.0,41,7995,1969.55,SL_over40,-3.18,True,0.06,True
7955,1952.15,long,1.0,71,8026,1993.56,TP_over40,2.97,True,0.06,True
7932,1972.49,long,1.0,185,8117,2014.33,TP_over40,2.97,True,0.06,True
8222,2088.89,short,1.0,70,8292,2044.58,TP_over40,2.97,True,0.06,True
8239,2086.87,short,4.0,54,8293,2042.60,TP_over40,11.88,True,0.06,True
8342,2073.28,short,1.0,87,8429,2029.30,TP_over40,2.97,True,0.06,True
8451,1990.04,long,4.0,30,8481,2036.95,TP,13.20,False,0.0,False
8571,2001.51,long,1.0,13,8584,1925.74,SL,-5.30,False,0.0,False
8564,2001.71,short,1.0,20,8584,1954.53,TP,3.30,False,0.0,False
8625,1887.94,short,1.0,41,8666,1909.38,SL_over40,-1.59,True,0.06,True
8650,1884.66,long,4.0,50,8700,1863.26,SL_over40,-6.36,True,0.06,True
8677,1899.83,short,1.0,30,8707,1855.05,TP,3.30,False,0.0,False
8658,1897.00,short,1.0,49,8707,1856.76,TP_over40,2.97,True,0.06,True
8709,1844.55,long,4.0,41,8750,1823.60,SL_over40,-6.36,True,0.06,True
8708,1835.46,long,4.0,44,8752,1814.61,SL_over40,-6.36,True,0.06,True
8742,1817.22,long,4.0,70,8812,1796.58,SL_over40,-6.36,True,0.08,False
8733,1818.14,long,1.0,79,8812,1797.49,SL_over40,-1.59,True,0.08,False
8865,1811.86,short,1.0,41,8906,1832.44,SL_over40,-1.59,True,0.06,True
8868,1804.62,short,2.0,42,8910,1825.12,SL_over40,-3.18,True,0.06,True
8870,1802.13,short,1.0,41,8911,1822.60,SL_over40,-1.59,True,0.06,True
8867,1811.47,long,1.0,47,8914,1849.90,TP_over40,2.97,True,0.06,True
8913,1839.81,short,2.0,63,8976,1860.70,SL_over40,-3.18,True,0.06,True
8912,1832.77,short,2.0,64,8976,1853.59,SL_over40,-3.18,True,0.06,True
8923,1839.42,long,1.0,60,8983,1878.44,TP_over40,2.97,True,0.06,True
8922,1844.25,long,1.0,61,8983,1883.37,TP_over40,2.97,True,0.06,True
9017,1915.80,long,2.0,41,9058,1894.04,SL_over40,-3.18,True,0.06,True
9109,1901.21,short,4.0,21,9130,1856.40,TP,13.20,False,0.0,False
9154,1823.05,long,2.0,39,9193,1754.03,SL,-10.60,True,0.06,True
9202,1764.83,short,4.0,41,9243,1784.87,SL_over40,-6.36,True,0.06,True
9220,1791.10,long,2.0,51,9271,1829.10,TP_over40,5.94,True,0.06,True
9295,1787.09,long,4.0,44,9339,1825.00,TP_over40,11.88,True,0.08,False
9306,1792.51,short,1.0,41,9347,1812.87,SL_over40,-1.59,True,0.06,True
9325,1818.20,short,1.0,71,9396,1779.63,TP_over40,2.97,True,0.06,True
9490,1765.27,short,1.0,7,9497,1723.66,TP,3.30,False,0.0,False
9510,1619.78,short,2.0,2,9512,1581.60,TP,6.60,False,0.0,False
9514,1587.84,short,4.0,9,9523,1550.41,TP,13.20,False,0.0,False
9529,1572.90,long,4.0,2,9531,1609.98,TP,13.20,False,0.0,False
9523,1552.44,long,4.0,8,9531,1589.03,TP,13.20,False,0.0,False
9517,1587.57,long,2.0,23,9540,1527.47,SL,-10.60,False,0.0,False
9544,1538.33,long,4.0,8,9552,1480.09,SL,-21.20,False,0.0,False
9558,1466.63,short,2.0,18,9576,1522.15,SL,-10.60,False,0.0,False
9568,1502.39,long,1.0,13,9581,1537.80,TP,3.30,False,0.0,False
9563,1494.22,long,4.0,18,9581,1529.44,TP,13.20,False,0.0,False
9601,1549.41,long,4.0,27,9628,1585.93,TP,13.20,False,0.0,False
9583,1558.30,short,4.0,45,9628,1576.00,SL_over40,-6.36,True,0.06,True
9623,1554.63,short,2.0,7,9630,1613.48,SL,-10.60,False,0.0,False
9609,1570.94,long,4.0,21,9630,1607.97,TP,13.20,False,0.0,False
9635,1590.12,long,1.0,41,9676,1572.06,SL_over40,-1.59,True,0.06,True
9683,1527.68,long,4.0,7,9690,1469.85,SL,-21.20,False,0.0,False
9696,1476.94,short,4.0,15,9711,1442.13,TP,13.20,False,0.0,False
9701,1466.67,short,4.0,21,9722,1432.10,TP,13.20,False,0.0,False
9708,1474.90,long,2.0,15,9723,1419.06,SL,-10.60,False,0.0,False
9730,1423.44,long,2.0,9,9739,1456.99,TP,6.60,False,0.0,False
9731,1418.09,short,2.0,11,9742,1471.77,SL,-10.60,False,0.0,False
9768,1455.67,long,4.0,4,9772,1489.98,TP,13.20,False,0.0,False
9741,1459.15,short,1.0,41,9782,1475.72,SL_over40,-1.59,True,0.06,True
9756,1479.45,long,4.0,30,9786,1514.32,TP,13.20,False,0.0,False
9752,1475.07,long,1.0,34,9786,1509.84,TP,3.30,False,0.0,False
9773,1487.53,short,4.0,14,9787,1543.84,SL,-21.20,False,0.0,False
9794,1640.15,long,4.0,7,9801,1678.81,TP,13.20,False,0.0,False
9806,1675.43,short,1.0,10,9816,1635.94,TP,3.30,False,0.0,False
9857,1594.87,long,1.0,5,9862,1632.46,TP,3.30,False,0.0,False
9830,1613.19,short,1.0,38,9868,1575.16,TP,3.30,True,0.06,True
9871,1569.98,short,2.0,4,9875,1532.97,TP,6.60,False,0.0,False
9870,1564.05,long,2.0,6,9876,1504.84,SL,-10.60,False,0.0,False
9878,1499.60,short,1.0,41,9919,1516.63,SL_over40,-1.59,True,0.06,True
9928,1547.00,long,1.0,24,9952,1583.46,TP,3.30,False,0.0,False
9911,1520.94,short,2.0,41,9952,1538.21,SL_over40,-3.18,True,0.06,True
9936,1556.00,long,1.0,44,9980,1589.01,TP_over40,2.97,True,0.06,True
9977,1565.78,short,4.0,60,10037,1583.56,SL_over40,-6.36,True,0.06,True
9963,1558.59,long,2.0,75,10038,1591.65,TP_over40,5.94,True,0.06,True
9956,1563.45,long,1.0,82,10038,1596.62,TP_over40,2.97,True,0.06,True
10062,1646.10,short,4.0,47,10109,1611.18,TP_over40,11.88,True,0.06,True
10089,1649.24,long,1.0,41,10130,1630.51,SL_over40,-1.59,True,0.06,True
10112,1619.63,short,4.0,44,10156,1585.27,TP_over40,11.88,True,0.06,True
10125,1609.28,long,1.0,41,10166,1591.00,SL_over40,-1.59,True,0.06,True
10191,1592.60,long,1.0,8,10199,1630.14,TP,3.30,False,0.0,False
10189,1593.84,short,4.0,19,10208,1654.18,SL,-21.20,False,0.0,False
10179,1620.63,long,1.0,29,10208,1658.83,TP,3.30,False,0.0,False
10227,1625.37,long,4.0,12,10239,1663.68,TP,13.20,False,0.0,False
10230,1630.73,short,1.0,101,10331,1649.25,SL_over40,-1.59,True,0.06,True
10266,1634.38,short,2.0,83,10349,1652.94,SL_over40,-3.18,True,0.06,True
10334,1643.47,short,2.0,17,10351,1604.73,TP,6.60,False,0.0,False
10270,1644.12,short,1.0,81,10351,1609.24,TP_over40,2.97,True,0.06,True
10261,1627.93,long,4.0,90,10351,1609.44,SL_over40,-6.36,True,0.06,True
10357,1621.02,long,1.0,41,10398,1602.61,SL_over40,-1.59,True,0.06,True
10369,1610.49,short,1.0,42,10411,1576.32,TP_over40,2.97,True,0.06,True
10414,1573.39,long,1.0,37,10451,1610.48,TP,3.30,True,0.06,True
10392,1586.69,short,4.0,59,10451,1604.71,SL_over40,-6.36,True,0.06,True
10413,1569.36,short,1.0,41,10454,1587.18,SL_over40,-1.59,True,0.06,True
10468,1563.79,long,4.0,40,10508,1600.65,TP,13.20,False,0.0,False
10494,1585.16,short,1.0,41,10535,1603.16,SL_over40,-1.59,True,0.06,True
10516,1603.30,short,4.0,28,10544,1565.51,TP,13.20,False,0.0,False
10493,1589.30,long,1.0,51,10544,1571.25,SL_over40,-1.59,True,0.06,True
10436,1582.84,long,1.0,108,10544,1564.86,SL_over40,-1.59,True,0.06,True
10553,1605.38,long,2.0,41,10594,1587.15,SL_over40,-3.18,True,0.06,True
10548,1582.94,short,1.0,147,10695,1600.92,SL_over40,-1.59,True,0.06,True
10599,1583.44,long,1.0,149,10748,1617.03,TP_over40,2.97,True,0.06,True
10873,1610.09,short,1.0,41,10914,1628.38,SL_over40,-1.59,True,0.06,True
10926,1620.80,long,4.0,41,10967,1602.39,SL_over40,-6.36,True,0.06,True
10966,1575.99,short,1.0,2,10968,1538.84,TP,3.30,False,0.0,False
10946,1574.89,long,2.0,50,10996,1608.30,TP_over40,5.94,True,0.06,True
11023,1643.18,short,2.0,3,11026,1705.39,SL,-10.60,False,0.0,False
11075,1787.85,long,4.0,35,11110,1829.99,TP,13.20,True,0.06,True
11073,1792.21,short,1.0,41,11114,1812.56,SL_over40,-1.59,True,0.06,True
11124,1779.80,short,4.0,42,11166,1800.01,SL_over40,-6.36,True,0.06,True
11118,1796.09,long,4.0,51,11169,1775.69,SL_over40,-6.36,True,0.06,True
11095,1793.21,short,1.0,94,11189,1755.17,TP_over40,2.97,True,0.06,True
11170,1783.46,short,1.0,21,11191,1741.42,TP,3.30,False,0.0,False
11160,1792.52,long,2.0,32,11192,1724.66,SL,-10.60,True,0.06,True
11220,1770.60,long,1.0,44,11264,1750.49,SL_over40,-1.59,True,0.06,True
11221,1764.62,long,2.0,44,11265,1744.58,SL_over40,-3.18,True,0.06,True
11231,1758.72,short,4.0,49,11280,1778.69,SL_over40,-6.36,True,0.06,True
11229,1755.41,long,4.0,64,11293,1792.65,TP_over40,11.88,True,0.06,True
11308,1771.80,long,2.0,5,11313,1813.56,TP,6.60,False,0.0,False
11286,1773.30,short,1.0,41,11327,1793.44,SL_over40,-1.59,True,0.06,True
11311,1774.98,short,4.0,42,11353,1795.14,SL_over40,-6.36,True,0.06,True
11387,1807.50,short,1.0,52,11439,1828.03,SL_over40,-1.59,True,0.06,True
11361,1807.99,short,1.0,78,11439,1828.52,SL_over40,-1.59,True,0.06,True
11386,1811.72,long,1.0,64,11450,1850.15,TP_over40,2.97,True,0.06,True
11466,1803.09,short,1.0,82,11548,1764.84,TP_over40,2.97,True,0.06,True
11560,1788.76,short,1.0,47,11607,1750.81,TP_over40,2.97,True,0.06,True
11609,1757.99,long,4.0,9,11618,1799.43,TP,13.20,False,0.0,False
11605,1763.28,long,2.0,25,11630,1804.84,TP,6.60,False,0.0,False
11606,1755.56,short,2.0,41,11647,1775.50,SL_over40,-3.18,True,0.06,True
11620,1800.98,short,1.0,45,11665,1821.43,SL_over40,-1.59,True,0.06,True
11598,1792.03,long,4.0,75,11673,1830.05,TP_over40,11.88,True,0.06,True
11702,1819.21,long,1.0,41,11743,1798.55,SL_over40,-1.59,True,0.06,True
11790,1753.09,long,4.0,24,11814,1794.41,TP,13.20,False,0.0,False
11787,1772.49,long,4.0,50,11837,1810.09,TP_over40,11.88,True,0.08,False
11807,1780.38,short,4.0,41,11848,1800.60,SL_over40,-6.36,True,0.06,True
11880,1852.00,long,2.0,69,11949,1830.97,SL_over40,-3.18,True,0.06,True
11910,1847.22,long,1.0,44,11954,1826.24,SL_over40,-1.59,True,0.06,True
11894,1858.65,short,2.0,61,11955,1819.22,TP_over40,5.94,True,0.06,True
11902,1851.01,short,1.0,188,12090,1811.74,TP_over40,2.97,True,0.06,True
12125,1837.54,long,1.0,83,12208,1816.67,SL_over40,-1.59,True,0.06,True
11986,1844.55,short,1.0,226,12212,1805.42,TP_over40,2.97,True,0.06,True
12270,1803.50,short,4.0,87,12357,1765.24,TP_over40,11.88,True,0.06,True
12323,1803.79,long,1.0,41,12364,1783.30,SL_over40,-1.59,True,0.06,True
12349,1798.00,long,1.0,43,12392,1777.58,SL_over40,-1.59,True,0.06,True
12357,1769.92,long,1.0,44,12401,1807.47,TP_over40,2.97,True,0.06,True
12366,1768.27,short,4.0,41,12407,1788.35,SL_over40,-6.36,True,0.06,True
12402,1805.69,long,1.0,8,12410,1848.25,TP,3.30,False,0.0,False
12431,1828.79,short,1.0,46,12477,1789.99,TP_over40,2.97,True,0.06,True
12448,1839.55,long,1.0,41,12489,1818.66,SL_over40,-1.59,True,0.06,True
12526,1902.79,long,2.0,17,12543,1947.64,TP,6.60,False,0.0,False
12522,1898.92,short,1.0,29,12551,1970.81,SL,-5.30,False,0.0,False
12541,1941.10,short,2.0,22,12563,2014.58,SL,-10.60,False,0.0,False
12558,1971.41,short,1.0,6,12564,2046.04,SL,-5.30,False,0.0,False
12604,2199.24,long,1.0,19,12623,2251.08,TP,3.30,False,0.0,False
12605,2206.80,short,2.0,21,12626,2290.34,SL,-10.60,False,0.0,False
12603,2205.84,short,1.0,23,12626,2289.35,SL,-5.30,False,0.0,False
12593,2179.47,short,4.0,33,12626,2261.98,SL,-21.20,True,0.06,True
12659,2302.01,long,4.0,35,12694,2356.27,TP,13.20,False,0.0,False
12666,2315.24,short,4.0,43,12709,2341.53,SL_over40,-6.36,True,0.06,True
12679,2346.23,short,1.0,41,12720,2372.88,SL_over40,-1.59,True,0.06,True
12720,2358.38,long,4.0,5,12725,2413.97,TP,13.20,False,0.0,False
12681,2340.00,long,4.0,44,12725,2389.64,TP_over40,11.88,True,0.06,True
12721,2367.69,long,4.0,5,12726,2423.50,TP,13.20,False,0.0,False
12722,2361.69,short,1.0,37,12759,2451.10,SL,-5.30,True,0.06,True
12750,2425.85,long,4.0,12,12762,2483.03,TP,13.20,False,0.0,False
12744,2404.52,short,1.0,20,12764,2495.55,SL,-5.30,False,0.0,False
12756,2431.19,short,1.0,25,12781,2523.23,SL,-5.30,False,0.0,False
12767,2468.95,short,4.0,17,12784,2562.42,SL,-21.20,False,0.0,False
12786,2570.97,short,1.0,5,12791,2510.37,TP,3.30,False,0.0,False
12813,2554.83,short,1.0,5,12818,2494.61,TP,3.30,False,0.0,False
12800,2548.06,long,2.0,41,12841,2519.12,SL_over40,-3.18,True,0.06,True
12851,2486.35,long,4.0,37,12888,2544.96,TP,13.20,False,0.0,False
12937,2549.68,short,1.0,7,12944,2489.58,TP,3.30,False,0.0,False
12977,2485.85,short,1.0,14,12991,2427.25,TP,3.30,False,0.0,False
12969,2485.65,short,1.0,22,12991,2427.06,TP,3.30,False,0.0,False
12962,2451.69,short,4.0,49,13011,2479.53,SL_over40,-6.36,True,0.06,True
12972,2479.91,long,2.0,44,13016,2451.75,SL_over40,-3.18,True,0.06,True
13007,2450.43,long,2.0,20,13027,2508.19,TP,6.60,False,0.0,False
12991,2446.45,long,4.0,36,13027,2504.12,TP,13.20,False,0.0,False
13012,2464.33,long,1.0,16,13028,2522.42,TP,3.30,False,0.0,False
13056,2628.64,short,1.0,5,13061,2728.15,SL,-5.30,False,0.0,False
13098,2667.86,short,1.0,15,13113,2604.97,TP,3.30,False,0.0,False
13076,2677.92,long,2.0,41,13117,2647.51,SL_over40,-3.18,True,0.06,True
13088,2654.18,long,4.0,41,13129,2624.04,SL_over40,-6.36,True,0.06,True
13134,2590.71,short,4.0,41,13175,2620.13,SL_over40,-6.36,True,0.06,True
13133,2606.34,long,4.0,48,13181,2576.74,SL_over40,-6.36,True,0.06,True
13129,2613.18,long,1.0,52,13181,2583.50,SL_over40,-1.59,True,0.06,True
13150,2584.37,short,1.0,54,13204,2529.54,TP_over40,2.97,True,0.06,True
13215,2540.55,short,2.0,18,13233,2480.67,TP,6.60,False,0.0,False
13231,2516.28,long,2.0,10,13241,2575.59,TP,6.60,False,0.0,False
13243,2595.32,short,4.0,5,13248,2534.14,TP,13.20,False,0.0,False
13225,2553.00,long,4.0,42,13267,2524.01,SL_over40,-6.36,True,0.06,True
13250,2541.27,short,4.0,41,13291,2570.13,SL_over40,-6.36,True,0.06,True
13271,2549.91,short,1.0,41,13312,2578.87,SL_over40,-1.59,True,0.06,True
13279,2571.80,long,1.0,35,13314,2632.42,TP,3.30,False,0.0,False
13323,2599.81,short,1.0,38,13361,2538.53,TP,3.30,True,0.06,True
13334,2588.00,short,1.0,32,13366,2527.00,TP,3.30,False,0.0,False
13356,2575.65,long,4.0,17,13373,2478.14,SL,-21.20,False,0.0,False
13371,2496.45,long,1.0,47,13418,2468.10,SL_over40,-1.59,True,0.06,True
13388,2489.44,long,1.0,44,13432,2461.17,SL_over40,-1.59,True,0.06,True
13392,2491.00,long,1.0,41,13433,2462.71,SL_over40,-1.59,True,0.06,True
13419,2469.63,short,2.0,64,13483,2497.68,SL_over40,-3.18,True,0.06,True
13442,2475.12,long,2.0,52,13494,2527.63,TP_over40,5.94,True,0.06,True
13433,2467.69,long,2.0,61,13494,2520.04,TP_over40,5.94,True,0.06,True
13418,2477.89,long,1.0,99,13517,2530.46,TP_over40,2.97,True,0.06,True
13518,2529.99,short,4.0,16,13534,2470.35,TP,13.20,False,0.0,False
13496,2518.07,short,2.0,38,13534,2458.72,TP,6.60,True,0.06,True
13555,2452.10,long,4.0,2,13557,2509.90,TP,13.20,False,0.0,False
13577,2365.81,long,4.0,14,13591,2421.58,TP,13.20,False,0.0,False
13572,2383.52,long,2.0,40,13612,2439.70,TP,6.60,True,0.06,True
13593,2405.02,short,2.0,32,13625,2496.07,SL,-10.60,True,0.06,True
13630,2511.50,long,1.0,33,13663,2570.70,TP,3.30,False,0.0,False
13628,2517.00,long,2.0,35,13663,2576.33,TP,6.60,True,0.06,True
13665,2567.00,long,2.0,41,13706,2537.85,SL_over40,-3.18,True,0.06,True
13655,2531.91,short,4.0,53,13708,2478.20,TP_over40,11.88,True,0.06,True
13714,2477.39,long,2.0,33,13747,2535.79,TP,6.60,False,0.0,False
13740,2505.22,long,2.0,30,13770,2564.27,TP,6.60,False,0.0,False
13757,2534.14,long,1.0,14,13771,2593.87,TP,3.30,False,0.0,False
13749,2524.19,long,1.0,22,13771,2583.69,TP,3.30,False,0.0,False
13773,2593.61,short,1.0,13,13786,2532.47,TP,3.30,False,0.0,False
13783,2552.51,long,2.0,33,13816,2612.68,TP,6.60,False,0.0,False
13810,2564.94,short,4.0,9,13819,2504.48,TP,13.20,False,0.0,False
13825,2475.05,long,4.0,16,13841,2533.39,TP,13.20,False,0.0,False
13833,2508.83,long,2.0,10,13843,2567.97,TP,6.60,False,0.0,False
13832,2498.99,long,2.0,11,13843,2557.89,TP,6.60,False,0.0,False
13865,2628.11,short,4.0,41,13906,2657.96,SL_over40,-6.36,True,0.06,True
13897,2657.70,short,1.0,51,13948,2687.88,SL_over40,-1.59,True,0.06,True
13899,2651.76,long,4.0,52,13951,2708.02,TP_over40,11.88,True,0.06,True
13953,2705.32,long,1.0,36,13989,2602.90,SL,-5.30,True,0.06,True
13997,2582.28,short,4.0,37,14034,2521.41,TP,13.20,False,0.0,False
14007,2568.96,long,2.0,41,14048,2539.78,SL_over40,-3.18,True,0.06,True
14039,2525.89,short,2.0,41,14080,2554.58,SL_over40,-3.18,True,0.06,True
14071,2548.66,long,1.0,52,14123,2519.71,SL_over40,-1.59,True,0.06,True
14094,2553.23,long,1.0,42,14136,2524.23,SL_over40,-1.59,True,0.06,True
14046,2530.39,long,1.0,90,14136,2501.65,SL_over40,-1.59,True,0.08,False
14234,2560.01,short,4.0,116,14350,2589.08,SL_over40,-6.36,True,0.06,True
14314,2560.90,short,1.0,41,14355,2589.98,SL_over40,-1.59,True,0.06,True
14375,2648.76,long,4.0,22,14397,2711.20,TP,13.20,False,0.0,False
14359,2638.28,short,4.0,41,14400,2668.24,SL_over40,-6.36,True,0.06,True
14368,2633.33,short,1.0,41,14409,2663.24,SL_over40,-1.59,True,0.06,True
14384,2660.49,long,4.0,46,14430,2630.27,SL_over40,-6.36,True,0.06,True
14498,2648.99,short,4.0,29,14527,2749.27,SL,-21.20,False,0.0,False
14493,2652.80,short,1.0,35,14528,2753.23,SL,-5.30,True,0.06,True
14558,2729.26,short,1.0,14,14572,2664.93,TP,3.30,False,0.0,False
14582,2652.52,short,2.0,35,14617,2590.00,TP,6.60,True,0.06,True
14654,2604.69,short,4.0,26,14680,2543.29,TP,13.20,False,0.0,False
14697,2577.30,short,1.0,9,14706,2516.55,TP,3.30,False,0.0,False
14676,2603.61,long,2.0,35,14711,2505.04,SL,-10.60,True,0.06,True
14682,2552.02,short,2.0,34,14716,2491.87,TP,6.60,False,0.0,False
14722,2496.04,long,1.0,49,14771,2548.99,TP_over40,2.97,True,0.06,True
14713,2519.90,short,4.0,58,14771,2548.52,SL_over40,-6.36,True,0.06,True
14802,2538.27,long,1.0,41,14843,2509.44,SL_over40,-1.59,True,0.06,True
14751,2522.50,short,2.0,105,14856,2468.99,TP_over40,5.94,True,0.06,True
14815,2507.28,short,2.0,55,14870,2535.76,SL_over40,-3.18,True,0.06,True
14845,2492.26,long,1.0,49,14894,2545.13,TP_over40,2.97,True,0.06,True
14957,2504.67,long,1.0,18,14975,2563.71,TP,3.30,False,0.0,False
14961,2531.40,long,1.0,33,14994,2591.07,TP,3.30,False,0.0,False
15006,2639.41,long,1.0,41,15047,2609.43,SL_over40,-1.59,True,0.06,True
15083,2611.70,long,1.0,73,15156,2667.11,TP_over40,2.97,True,0.06,True
15080,2616.30,long,4.0,76,15156,2671.80,TP_over40,11.88,True,0.06,True
15173,2623.72,short,1.0,74,15247,2568.06,TP_over40,2.97,True,0.06,True
15151,2612.72,short,1.0,106,15257,2557.29,TP_over40,2.97,True,0.06,True
15249,2587.78,short,1.0,18,15267,2526.78,TP,3.30,False,0.0,False
15274,2411.29,long,4.0,37,15311,2468.13,TP,13.20,False,0.0,False
15280,2425.13,short,1.0,41,15321,2452.67,SL_over40,-1.59,True,0.06,True
15296,2417.80,long,4.0,27,15323,2474.79,TP,13.20,False,0.0,False
15308,2458.97,long,4.0,33,15341,2516.93,TP,13.20,False,0.0,False
15373,2491.52,short,1.0,69,15442,2519.82,SL_over40,-1.59,True,0.06,True
15410,2491.81,short,2.0,45,15455,2520.11,SL_over40,-3.18,True,0.06,True
15366,2493.04,long,2.0,199,15565,2545.93,TP_over40,5.94,True,0.06,True
15433,2497.85,long,2.0,206,15639,2550.84,TP_over40,5.94,True,0.08,False
15700,2673.58,short,2.0,16,15716,2774.79,SL,-10.60,False,0.0,False
15725,2743.68,long,4.0,33,15758,2808.35,TP,13.20,False,0.0,False
15733,2732.95,short,4.0,41,15774,2763.99,SL_over40,-6.36,True,0.06,True
15738,2741.50,short,2.0,41,15779,2772.64,SL_over40,-3.18,True,0.06,True
15815,2772.91,long,1.0,8,15823,2838.27,TP,3.30,False,0.0,False
15760,2804.52,short,2.0,63,15823,2836.37,SL_over40,-3.18,True,0.06,True
15836,2853.22,short,4.0,16,15852,2785.97,TP,13.20,False,0.0,False
15841,2821.60,short,1.0,14,15855,2755.09,TP,3.30,False,0.0,False
15853,2782.09,long,4.0,41,15894,2750.49,SL_over40,-6.36,True,0.06,True
15884,2759.21,short,1.0,57,15941,2700.68,TP_over40,2.97,True,0.06,True
15937,2735.29,long,2.0,8,15945,2631.74,SL,-10.60,False,0.0,False
15975,2512.20,long,4.0,47,16022,2565.49,TP_over40,11.88,True,0.06,True
16013,2543.00,long,4.0,103,16116,2514.12,SL_over40,-6.36,True,0.06,True
16149,2530.76,short,1.0,72,16221,2559.50,SL_over40,-1.59,True,0.06,True
16124,2505.69,long,2.0,97,16221,2558.85,TP_over40,5.94,True,0.08,False
16122,2503.57,long,1.0,99,16221,2556.68,TP_over40,2.97,True,0.08,False
16117,2519.42,long,2.0,137,16254,2572.87,TP_over40,5.94,True,0.06,True
16326,2652.83,long,1.0,11,16337,2552.40,SL,-5.30,False,0.0,False
16352,2573.31,long,4.0,49,16401,2544.08,SL_over40,-6.36,True,0.06,True
16372,2579.39,short,2.0,30,16402,2518.59,TP,6.60,False,0.0,False
16339,2575.00,short,4.0,63,16402,2520.37,TP_over40,11.88,True,0.06,True
16385,2556.79,long,4.0,24,16409,2460.00,SL,-21.20,False,0.0,False
16448,2519.40,short,1.0,44,16492,2465.95,TP_over40,2.97,True,0.06,True
16438,2517.62,short,2.0,98,16536,2546.21,SL_over40,-3.18,True,0.06,True
16508,2491.58,long,2.0,67,16575,2544.44,TP_over40,5.94,True,0.08,False
16534,2517.16,short,2.0,127,16661,2545.75,SL_over40,-3.18,True,0.06,True
16516,2501.60,long,4.0,146,16662,2554.67,TP_over40,11.88,True,0.06,True
16660,2540.15,short,1.0,35,16695,2480.28,TP,3.30,False,0.0,False
16721,2391.00,long,1.0,41,16762,2441.72,TP_over40,2.97,True,0.08,False
16703,2418.99,short,2.0,62,16765,2446.46,SL_over40,-3.18,True,0.06,True
16806,2392.72,long,2.0,5,16811,2302.14,SL,-10.60,False,0.0,False
16797,2399.20,long,1.0,14,16811,2308.37,SL,-5.30,False,0.0,False
16814,2300.44,short,4.0,6,16820,2246.22,TP,13.20,False,0.0,False
16833,2265.50,short,1.0,42,16875,2217.44,TP_over40,2.97,True,0.06,True
16832,2260.29,long,1.0,43,16875,2234.62,SL_over40,-1.59,True,0.06,True
16886,2181.27,short,1.0,16,16902,2129.85,TP,3.30,False,0.0,False
16878,2190.41,short,4.0,24,16902,2138.78,TP,13.20,False,0.0,False
16877,2199.93,short,4.0,25,16902,2148.07,TP,13.20,False,0.0,False
16908,2187.06,long,2.0,11,16919,2238.61,TP,6.60,False,0.0,False
16909,2179.11,short,2.0,37,16946,2261.60,SL,-10.60,True,0.06,True
16921,2240.93,short,4.0,48,16969,2266.38,SL_over40,-6.36,True,0.06,True
16924,2235.08,long,1.0,48,16972,2282.50,TP_over40,2.97,True,0.06,True
16984,2220.86,long,4.0,3,16987,2273.21,TP,13.20,False,0.0,False
17008,2395.30,long,4.0,43,17051,2446.11,TP_over40,11.88,True,0.06,True
17060,2408.04,short,2.0,41,17101,2435.39,SL_over40,-3.18,True,0.06,True
17077,2438.10,short,2.0,41,17118,2465.79,SL_over40,-3.18,True,0.06,True
17102,2438.89,long,1.0,46,17148,2411.19,SL_over40,-1.59,True,0.06,True
17172,2407.57,long,1.0,40,17212,2464.32,TP,3.30,True,0.06,True
17171,2412.99,long,4.0,41,17212,2464.18,TP_over40,11.88,True,0.06,True
17199,2418.76,long,1.0,18,17217,2475.77,TP,3.30,False,0.0,False
17164,2435.54,long,1.0,53,17217,2487.21,TP_over40,2.97,True,0.06,True
17257,2440.02,long,2.0,41,17298,2412.31,SL_over40,-3.18,True,0.06,True
17279,2425.79,short,1.0,52,17331,2453.34,SL_over40,-1.59,True,0.06,True
17299,2415.20,short,2.0,41,17340,2442.63,SL_over40,-3.18,True,0.06,True
17354,2435.42,long,1.0,50,17404,2407.76,SL_over40,-1.59,True,0.06,True
17388,2421.54,short,1.0,143,17531,2449.04,SL_over40,-1.59,True,0.06,True
17534,2455.79,short,2.0,50,17584,2483.68,SL_over40,-3.18,True,0.06,True
17579,2432.20,short,2.0,7,17586,2524.28,SL,-10.60,False,0.0,False
17771,2413.56,short,2.0,41,17812,2440.97,SL_over40,-3.18,True,0.06,True
17859,2582.61,short,2.0,57,17916,2611.94,SL_over40,-3.18,True,0.06,True
17852,2565.00,long,4.0,80,17932,2619.41,TP_over40,11.88,True,0.06,True
17914,2597.98,long,2.0,83,17997,2568.47,SL_over40,-3.18,True,0.06,True
17947,2572.76,short,1.0,83,18030,2518.18,TP_over40,2.97,True,0.06,True
18009,2547.00,short,1.0,29,18038,2486.96,TP,3.30,False,0.0,False
18260,2571.12,long,1.0,55,18315,2541.92,SL_over40,-1.59,True,0.06,True
18254,2596.07,short,2.0,61,18315,2541.00,TP_over40,5.94,True,0.06,True
18330,2531.13,long,1.0,72,18402,2584.83,TP_over40,2.97,True,0.06,True
18368,2530.01,short,1.0,41,18409,2558.74,SL_over40,-1.59,True,0.06,True
18416,2578.81,short,2.0,41,18457,2608.10,SL_over40,-3.18,True,0.06,True
18442,2606.90,long,2.0,61,18503,2662.20,TP_over40,5.94,True,0.06,True
18482,2625.31,short,1.0,41,18523,2655.13,SL_over40,-1.59,True,0.06,True
18529,2718.33,long,1.0,4,18533,2782.40,TP,3.30,False,0.0,False
18612,2765.22,long,1.0,9,18621,2830.40,TP,3.30,False,0.0,False
18627,2813.84,short,1.0,8,18635,2920.36,SL,-5.30,False,0.0,False
18622,2819.82,short,2.0,13,18635,2926.57,SL,-10.60,False,0.0,False
18599,2775.74,long,1.0,36,18635,2841.17,TP,3.30,False,0.0,False
18646,2943.99,short,1.0,41,18687,2977.43,SL_over40,-1.59,True,0.06,True
18685,3014.99,long,1.0,43,18728,2980.75,SL_over40,-1.59,True,0.06,True
18730,2984.06,long,2.0,61,18791,2950.17,SL_over40,-3.18,True,0.06,True
18810,2930.90,long,1.0,79,18889,2993.08,TP_over40,2.97,True,0.06,True
18767,2955.30,short,2.0,122,18889,2988.86,SL_over40,-3.18,True,0.06,True
18793,2943.31,long,4.0,102,18895,3005.75,TP_over40,11.88,True,0.06,True
18979,3063.15,long,2.0,41,19020,3028.36,SL_over40,-3.18,True,0.06,True
18980,3073.30,long,2.0,41,19021,3038.40,SL_over40,-3.18,True,0.06,True
19091,2998.68,short,1.0,31,19122,3112.20,SL,-5.30,True,0.06,True
19102,3089.72,long,1.0,49,19151,3155.27,TP_over40,2.97,True,0.06,True
19165,3162.24,long,2.0,19,19184,3236.78,TP,6.60,False,0.0,False
19177,3164.93,short,1.0,15,19192,3284.75,SL,-5.30,False,0.0,False
19166,3155.39,short,1.0,26,19192,3274.84,SL,-5.30,False,0.0,False
19154,3156.51,short,1.0,38,19192,3276.01,SL,-5.30,True,0.06,True
19189,3244.49,short,2.0,11,19200,3367.32,SL,-10.60,False,0.0,False
19193,3285.24,short,1.0,13,19206,3409.61,SL,-5.30,False,0.0,False
19242,3342.10,long,1.0,5,19247,3420.88,TP,3.30,False,0.0,False
19215,3374.63,long,1.0,37,19252,3454.17,TP,3.30,True,0.06,True
19232,3349.58,short,1.0,27,19259,3476.39,SL,-5.30,False,0.0,False
19230,3348.01,short,1.0,29,19259,3474.76,SL,-5.30,False,0.0,False
19273,3425.61,short,4.0,41,19314,3464.52,SL_over40,-6.36,True,0.06,True
19326,3605.36,long,1.0,50,19376,3564.41,SL_over40,-1.59,True,0.06,True
19351,3623.90,short,1.0,28,19379,3538.48,TP,3.30,False,0.0,False
19342,3651.63,long,4.0,41,19383,3610.16,SL_over40,-6.36,True,0.06,True
19356,3611.01,long,1.0,41,19397,3570.00,SL_over40,-1.59,True,0.06,True
19385,3573.19,short,1.0,14,19399,3488.96,TP,3.30,False,0.0,False
19499,3559.10,long,1.0,24,19523,3642.99,TP,3.30,False,0.0,False
19574,3776.48,short,1.0,25,19599,3687.46,TP,3.30,False,0.0,False
19575,3791.49,long,2.0,41,19616,3748.43,SL_over40,-3.18,True,0.06,True
19632,3785.47,long,2.0,44,19676,3742.48,SL_over40,-3.18,True,0.06,True
19677,3769.90,long,4.0,41,19718,3727.08,SL_over40,-6.36,True,0.06,True
19647,3773.05,short,1.0,73,19720,3693.01,TP_over40,2.97,True,0.06,True
19683,3735.61,short,4.0,38,19721,3647.56,TP,13.20,True,0.06,True
19718,3720.37,short,1.0,17,19735,3632.68,TP,3.30,False,0.0,False
19707,3743.01,long,4.0,41,19748,3700.50,SL_over40,-6.36,True,0.06,True
19758,3670.75,long,4.0,41,19799,3748.62,TP_over40,11.88,True,0.08,False
19760,3674.47,short,2.0,41,19801,3716.20,SL_over40,-3.18,True,0.06,True
19812,3743.75,short,1.0,24,19836,3655.50,TP,3.30,False,0.0,False
19809,3745.56,long,2.0,41,19850,3703.02,SL_over40,-3.18,True,0.06,True
19834,3681.40,short,4.0,19,19853,3594.62,TP,13.20,False,0.0,False
19850,3649.04,long,1.0,63,19913,3607.60,SL_over40,-1.59,True,0.06,True
19857,3616.44,long,4.0,60,19917,3575.37,SL_over40,-6.36,True,0.06,True
19910,3656.27,long,4.0,12,19922,3517.85,SL,-21.20,False,0.0,False
19961,3686.69,long,4.0,41,20002,3644.82,SL_over40,-6.36,True,0.06,True
19972,3727.49,long,1.0,32,20004,3586.38,SL,-5.30,True,0.06,True
20021,3631.67,long,4.0,7,20028,3717.27,TP,13.20,False,0.0,False
20017,3631.61,short,1.0,55,20072,3672.85,SL_over40,-1.59,True,0.06,True
20068,3655.33,short,2.0,41,20109,3696.84,SL_over40,-3.18,True,0.06,True
20077,3719.81,short,1.0,42,20119,3762.06,SL_over40,-1.59,True,0.06,True
20318,3882.43,short,2.0,17,20335,3790.92,TP,6.60,False,0.0,False
20273,3864.13,short,1.0,62,20335,3782.16,TP_over40,2.97,True,0.06,True
20358,3781.25,short,4.0,42,20400,3824.19,SL_over40,-6.36,True,0.06,True
20348,3792.21,short,1.0,54,20402,3835.28,SL_over40,-1.59,True,0.06,True
20360,3777.99,long,1.0,44,20404,3858.14,TP_over40,2.97,True,0.06,True
20357,3797.36,long,4.0,48,20405,3877.92,TP_over40,11.88,True,0.06,True
20428,3853.51,long,2.0,41,20469,3809.75,SL_over40,-3.18,True,0.06,True
20432,3807.88,long,2.0,41,20473,3764.63,SL_over40,-3.18,True,0.06,True
20441,3751.45,short,2.0,41,20482,3794.06,SL_over40,-3.18,True,0.06,True
20455,3765.15,short,2.0,41,20496,3807.91,SL_over40,-3.18,True,0.06,True
20491,3809.42,long,2.0,54,20545,3766.16,SL_over40,-3.18,True,0.06,True
20524,3766.71,long,1.0,44,20568,3846.62,TP_over40,2.97,True,0.06,True
20551,3768.84,short,4.0,41,20592,3811.64,SL_over40,-6.36,True,0.06,True
20530,3791.15,long,4.0,62,20592,3871.58,TP_over40,11.88,True,0.06,True
20683,3678.91,long,2.0,41,20724,3637.13,SL_over40,-3.18,True,0.06,True
20696,3618.52,long,2.0,41,20737,3577.42,SL_over40,-3.18,True,0.06,True
20697,3609.43,short,1.0,42,20739,3532.86,TP_over40,2.97,True,0.06,True
20702,3630.17,long,2.0,41,20743,3588.94,SL_over40,-3.18,True,0.06,True
20808,3501.03,short,1.0,21,20829,3418.51,TP,3.30,False,0.0,False
20809,3509.02,long,1.0,24,20833,3376.18,SL,-5.30,False,0.0,False
20794,3501.02,long,1.0,41,20835,3461.26,SL_over40,-1.59,True,0.06,True
20798,3482.61,long,1.0,41,20839,3443.06,SL_over40,-1.59,True,0.06,True
20842,3409.70,short,2.0,41,20883,3448.42,SL_over40,-3.18,True,0.06,True
20856,3394.67,long,4.0,38,20894,3474.69,TP,13.20,False,0.0,False
20838,3404.03,long,4.0,57,20895,3476.24,TP_over40,11.88,True,0.08,False
20887,3458.59,short,1.0,42,20929,3497.87,SL_over40,-1.59,True,0.06,True
21037,3710.02,long,2.0,41,21078,3667.88,SL_over40,-3.18,True,0.06,True
21091,3683.51,short,2.0,12,21103,3596.68,TP,6.60,False,0.0,False
21148,3579.55,long,4.0,57,21205,3655.49,TP_over40,11.88,True,0.08,False
21121,3587.69,long,1.0,84,21205,3663.80,TP_over40,2.97,True,0.06,True
21177,3622.15,long,1.0,66,21243,3698.99,TP_over40,2.97,True,0.06,True
21206,3650.71,short,4.0,56,21262,3692.17,SL_over40,-6.36,True,0.06,True
21244,3691.48,short,4.0,40,21284,3831.23,SL,-21.20,True,0.06,True
21281,3821.48,short,1.0,41,21322,3864.88,SL_over40,-1.59,True,0.06,True
21283,3821.20,short,1.0,41,21324,3864.60,SL_over40,-1.59,True,0.06,True
21282,3811.25,long,1.0,47,21329,3892.10,TP_over40,2.97,True,0.06,True
21318,3856.47,long,1.0,29,21347,3947.37,TP,3.30,False,0.0,False
21325,3871.53,short,1.0,41,21366,3915.50,SL_over40,-1.59,True,0.06,True
21326,3884.90,short,2.0,62,21388,3929.02,SL_over40,-3.18,True,0.06,True
21338,3914.21,long,4.0,51,21389,3997.25,TP_over40,11.88,True,0.06,True
21414,4051.49,short,1.0,41,21455,4097.50,SL_over40,-1.59,True,0.06,True
21456,4156.73,long,2.0,49,21505,4244.91,TP_over40,5.94,True,0.08,False
21467,4189.87,short,1.0,41,21508,4237.45,SL_over40,-1.59,True,0.06,True
21484,4182.38,long,1.0,26,21510,4280.96,TP,3.30,False,0.0,False
21465,4189.89,long,1.0,45,21510,4278.78,TP_over40,2.97,True,0.06,True
21608,4227.93,short,2.0,41,21649,4275.95,SL_over40,-3.18,True,0.06,True
21702,4239.53,long,4.0,50,21752,4329.47,TP_over40,11.88,True,0.08,False
21697,4295.20,long,2.0,71,21768,4386.32,TP_over40,5.94,True,0.06,True
21766,4281.49,short,1.0,14,21780,4443.57,SL,-5.30,False,0.0,False
21760,4284.97,short,1.0,20,21780,4447.19,SL,-5.30,False,0.0,False
21753,4310.65,short,4.0,28,21781,4473.84,SL,-21.20,False,0.0,False
21814,4607.51,long,2.0,41,21855,4705.26,TP_over40,5.94,True,0.06,True
21821,4585.23,short,2.0,41,21862,4637.31,SL_over40,-3.18,True,0.06,True
21849,4625.32,long,1.0,19,21868,4734.35,TP,3.30,False,0.0,False
21838,4643.35,short,1.0,41,21879,4696.09,SL_over40,-1.59,True,0.06,True
21880,4687.98,long,4.0,56,21936,4787.43,TP_over40,11.88,True,0.06,True
21911,4748.69,long,1.0,41,21952,4694.76,SL_over40,-1.59,True,0.06,True
21902,4738.55,long,2.0,50,21952,4684.73,SL_over40,-3.18,True,0.06,True
21866,4707.72,long,4.0,94,21960,4654.25,SL_over40,-6.36,True,0.06,True
21964,4570.41,long,4.0,4,21968,4678.14,TP,13.20,False,0.0,False
21993,4534.01,long,1.0,24,22017,4640.88,TP,3.30,False,0.0,False
21980,4535.42,short,4.0,41,22021,4586.93,SL_over40,-6.36,True,0.06,True
21981,4548.78,long,4.0,41,22022,4645.28,TP_over40,11.88,True,0.08,False
21985,4537.97,short,4.0,41,22026,4589.51,SL_over40,-6.36,True,0.06,True
22033,4647.62,short,1.0,28,22061,4538.07,TP,3.30,False,0.0,False
22063,4546.56,short,2.0,4,22067,4439.39,TP,6.60,False,0.0,False
22062,4561.71,long,2.0,8,22070,4389.02,SL,-10.60,False,0.0,False
22088,4404.37,short,2.0,44,22132,4454.39,SL_over40,-3.18,True,0.06,True
22090,4406.10,short,4.0,43,22133,4456.14,SL_over40,-6.36,True,0.06,True
22069,4430.86,long,2.0,74,22143,4380.54,SL_over40,-3.18,True,0.06,True
22147,4406.73,short,1.0,66,22213,4456.78,SL_over40,-1.59,True,0.06,True
22077,4438.98,short,4.0,140,22217,4489.39,SL_over40,-6.36,True,0.06,True
22289,4521.55,short,1.0,10,22299,4414.97,TP,3.30,False,0.0,False
22328,4267.80,short,2.0,41,22369,4316.27,SL_over40,-3.18,True,0.06,True
22336,4290.85,long,2.0,47,22383,4381.88,TP_over40,5.94,True,0.08,False
22350,4313.57,long,4.0,52,22402,4264.58,SL_over40,-6.36,True,0.06,True
22317,4313.09,long,4.0,85,22402,4264.11,SL_over40,-6.36,True,0.06,True
22370,4354.96,short,1.0,33,22403,4252.31,TP,3.30,False,0.0,False
22426,4266.68,short,1.0,30,22456,4166.11,TP,3.30,False,0.0,False
22420,4228.62,short,1.0,45,22465,4138.91,TP_over40,2.97,True,0.06,True
22486,4095.92,short,4.0,41,22527,4142.44,SL_over40,-6.36,True,0.06,True
22458,4158.75,long,4.0,85,22543,4111.52,SL_over40,-6.36,True,0.06,True
22533,4195.30,long,4.0,14,22547,4294.19,TP,13.20,False,0.0,False
22540,4177.99,short,1.0,16,22556,4336.16,SL,-5.30,False,0.0,False
22728,4241.14,long,1.0,6,22734,4341.11,TP,3.30,False,0.0,False
22776,4804.84,short,2.0,8,22784,4691.58,TP,6.60,False,0.0,False
22748,4813.08,long,4.0,41,22789,4758.42,SL_over40,-6.36,True,0.06,True
22785,4714.68,short,2.0,52,22837,4768.23,SL_over40,-3.18,True,0.06,True
22819,4714.93,short,1.0,46,22865,4768.48,SL_over40,-1.59,True,0.06,True
22826,4725.08,long,1.0,104,22930,4825.32,TP_over40,2.97,True,0.06,True
22960,4753.31,long,4.0,38,22998,4573.36,SL,-21.20,True,0.06,True
22994,4642.24,short,4.0,13,23007,4532.82,TP,13.20,False,0.0,False
23031,4619.53,short,1.0,12,23043,4510.64,TP,3.30,False,0.0,False
23066,4350.81,long,2.0,26,23092,4453.36,TP,6.60,False,0.0,False
23063,4380.74,short,2.0,41,23104,4430.49,SL_over40,-3.18,True,0.06,True
23071,4422.58,long,4.0,41,23112,4516.40,TP_over40,11.88,True,0.06,True
23057,4392.28,long,4.0,55,23112,4485.46,TP_over40,11.88,True,0.06,True
23140,4554.82,short,4.0,41,23181,4606.55,SL_over40,-6.36,True,0.06,True
23166,4551.16,short,1.0,41,23207,4602.85,SL_over40,-1.59,True,0.06,True
23190,4569.75,short,1.0,41,23231,4621.65,SL_over40,-1.59,True,0.06,True
23176,4626.05,long,2.0,58,23234,4573.51,SL_over40,-3.18,True,0.06,True
23253,4506.71,long,4.0,33,23286,4612.94,TP,13.20,False,0.0,False
23278,4559.20,short,1.0,43,23321,4462.48,TP_over40,2.97,True,0.06,True
23334,4459.73,long,2.0,44,23378,4409.08,SL_over40,-3.18,True,0.06,True
23356,4466.21,short,2.0,27,23383,4360.94,TP,6.60,False,0.0,False
23377,4456.15,short,2.0,7,23384,4351.11,TP,6.60,False,0.0,False
23351,4509.91,long,1.0,34,23385,4339.18,SL,-5.30,True,0.06,True
23413,4316.09,short,2.0,46,23459,4365.11,SL_over40,-3.18,True,0.06,True
23454,4303.95,long,4.0,22,23476,4405.40,TP,13.20,False,0.0,False
23440,4351.24,short,1.0,41,23481,4400.66,SL_over40,-1.59,True,0.06,True
23502,4345.78,short,2.0,42,23544,4395.14,SL_over40,-3.18,True,0.06,True
23441,4366.39,long,2.0,104,23545,4459.02,TP_over40,5.94,True,0.06,True
23661,4395.01,short,1.0,59,23720,4301.77,TP_over40,2.97,True,0.06,True
23685,4392.83,long,1.0,39,23724,4226.53,SL,-5.30,True,0.06,True
23722,4277.50,long,1.0,24,23746,4378.33,TP,3.30,False,0.0,False
23737,4303.86,long,1.0,23,23760,4405.31,TP,3.30,False,0.0,False
23734,4302.89,short,1.0,41,23775,4351.76,SL_over40,-1.59,True,0.06,True
23747,4370.49,short,4.0,62,23809,4277.77,TP_over40,11.88,True,0.06,True
23791,4372.11,long,4.0,41,23832,4322.46,SL_over40,-6.36,True,0.06,True
23792,4356.83,short,2.0,92,23884,4406.31,SL_over40,-3.18,True,0.06,True
23790,4354.76,short,4.0,94,23884,4404.22,SL_over40,-6.36,True,0.06,True
23867,4320.55,short,2.0,26,23893,4484.11,SL,-10.60,False,0.0,False
23971,4415.00,short,1.0,15,23986,4310.93,TP,3.30,False,0.0,False
23969,4408.17,short,2.0,18,23987,4304.26,TP,6.60,False,0.0,False
23970,4426.20,long,2.0,41,24011,4375.93,SL_over40,-3.18,True,0.06,True
23974,4417.60,long,1.0,41,24015,4367.43,SL_over40,-1.59,True,0.06,True
24000,4299.74,long,4.0,52,24052,4390.96,TP_over40,11.88,True,0.06,True
23992,4305.00,long,2.0,60,24052,4396.33,TP_over40,5.94,True,0.06,True
24054,4399.00,long,2.0,41,24095,4349.04,SL_over40,-3.18,True,0.06,True
24100,4319.57,long,1.0,78,24178,4270.51,SL_over40,-1.59,True,0.06,True
24086,4295.17,long,4.0,97,24183,4246.39,SL_over40,-6.36,True,0.06,True
24082,4286.71,long,2.0,101,24183,4238.03,SL_over40,-3.18,True,0.06,True
24461,4347.42,short,1.0,96,24557,4396.79,SL_over40,-1.59,True,0.06,True
24558,4435.61,short,4.0,18,24576,4331.06,TP,13.20,False,0.0,False
24563,4406.48,short,4.0,16,24579,4302.61,TP,13.20,False,0.0,False
24556,4387.86,long,2.0,92,24648,4480.95,TP_over40,5.94,True,0.06,True
24754,4533.08,short,2.0,29,24783,4704.69,SL,-10.60,False,0.0,False
24774,4642.15,long,2.0,31,24805,4751.57,TP,6.60,False,0.0,False
24859,4621.55,short,2.0,41,24900,4674.04,SL_over40,-3.18,True,0.06,True
24790,4699.15,short,1.0,154,24944,4599.46,TP_over40,2.97,True,0.06,True
24943,4614.72,long,2.0,71,25014,4562.31,SL_over40,-3.18,True,0.06,True
24946,4587.60,long,2.0,71,25017,4535.50,SL_over40,-3.18,True,0.06,True
24984,4602.62,short,1.0,52,25036,4504.98,TP_over40,2.97,True,0.08,False
25032,4528.00,long,1.0,100,25132,4476.57,SL_over40,-1.59,True,0.06,True
25044,4480.41,long,1.0,90,25134,4429.53,SL_over40,-1.59,True,0.06,True
25139,4446.39,short,1.0,41,25180,4496.89,SL_over40,-1.59,True,0.06,True
25054,4494.35,short,2.0,131,25185,4545.39,SL_over40,-3.18,True,0.06,True
25148,4492.29,long,1.0,97,25245,4441.27,SL_over40,-1.59,True,0.06,True
25033,4514.38,short,2.0,213,25246,4418.61,TP_over40,5.94,True,0.06,True
25325,4588.50,long,2.0,57,25382,4536.39,SL_over40,-3.18,True,0.06,True
25267,4588.28,long,1.0,115,25382,4536.17,SL_over40,-1.59,True,0.06,True
25277,4618.95,short,4.0,116,25393,4520.96,TP_over40,11.88,True,0.06,True
25372,4605.82,short,1.0,53,25425,4508.11,TP_over40,2.97,True,0.08,False
25669,4305.87,short,1.0,9,25678,4204.37,TP,3.30,False,0.0,False
25664,4292.12,long,2.0,14,25678,4129.63,SL,-10.60,False,0.0,False
25800,4198.72,long,1.0,59,25859,4151.03,SL_over40,-1.59,True,0.06,True
25816,4172.49,long,2.0,46,25862,4125.10,SL_over40,-3.18,True,0.06,True
25768,4173.91,long,1.0,94,25862,4126.51,SL_over40,-1.59,True,0.06,True
25950,4091.88,short,1.0,11,25961,3995.43,TP,3.30,False,0.0,False
25958,4048.41,short,2.0,33,25991,3952.98,TP,6.60,False,0.0,False
26004,4000.18,short,1.0,6,26010,3905.89,TP,3.30,False,0.0,False
25992,3995.98,long,4.0,21,26013,3844.70,SL,-21.20,False,0.0,False
26031,3910.46,short,4.0,57,26088,3954.87,SL_over40,-6.36,True,0.06,True
26023,3906.22,short,1.0,65,26088,3950.58,SL_over40,-1.59,True,0.06,True
26024,3892.78,long,2.0,69,26093,3975.36,TP_over40,5.94,True,0.08,False
26090,3928.43,long,1.0,17,26107,4021.03,TP,3.30,False,0.0,False
26083,3890.68,short,2.0,26,26109,4037.97,SL,-10.60,False,0.0,False
26209,3996.08,short,1.0,85,26294,4041.46,SL_over40,-1.59,True,0.06,True
26319,4108.42,short,4.0,62,26381,4155.08,SL_over40,-6.36,True,0.06,True
26364,4126.84,short,1.0,41,26405,4173.71,SL_over40,-1.59,True,0.06,True
26425,4206.03,short,2.0,57,26482,4116.80,TP_over40,5.94,True,0.08,False
26459,4170.15,long,2.0,55,26514,4122.79,SL_over40,-3.18,True,0.06,True
26478,4142.41,long,1.0,74,26552,4230.29,TP_over40,2.97,True,0.06,True
26515,4138.18,short,1.0,38,26553,4294.84,SL,-5.30,True,0.06,True
26622,4376.30,long,4.0,56,26678,4469.14,TP_over40,11.88,True,0.06,True
26767,4466.28,long,2.0,9,26776,4571.56,TP,6.60,False,0.0,False
26703,4467.46,long,1.0,73,26776,4562.23,TP_over40,2.97,True,0.06,True
26771,4480.19,short,1.0,141,26912,4531.07,SL_over40,-1.59,True,0.06,True
26764,4471.45,short,4.0,148,26912,4522.23,SL_over40,-6.36,True,0.06,True
26982,4497.14,long,1.0,62,27044,4592.54,TP_over40,2.97,True,0.06,True
27099,4678.83,long,1.0,52,27151,4625.69,SL_over40,-1.59,True,0.06,True
27171,4462.54,long,2.0,89,27260,4557.21,TP_over40,5.94,True,0.06,True
27245,4476.29,long,2.0,51,27296,4425.45,SL_over40,-3.18,True,0.08,False
27267,4516.73,long,1.0,41,27308,4465.43,SL_over40,-1.59,True,0.06,True
27349,4314.79,short,4.0,41,27390,4363.79,SL_over40,-6.36,True,0.06,True
27354,4304.86,short,4.0,41,27395,4353.75,SL_over40,-6.36,True,0.06,True
27342,4370.97,long,2.0,67,27409,4321.33,SL_over40,-3.18,True,0.06,True
27371,4345.96,short,1.0,71,27442,4253.76,TP_over40,2.97,True,0.06,True
27460,4026.51,long,4.0,5,27465,3874.08,SL,-21.20,False,0.0,False
27451,4105.33,long,2.0,14,27465,3949.91,SL,-10.60,False,0.0,False
27475,3865.51,short,4.0,8,27483,3774.39,TP,13.20,False,0.0,False
27471,3867.31,long,4.0,41,27512,3823.39,SL_over40,-6.36,True,0.06,True
27479,3847.31,long,4.0,44,27523,3803.62,SL_over40,-6.36,True,0.06,True
27502,3800.83,short,1.0,41,27543,3844.00,SL_over40,-1.59,True,0.06,True
27520,3837.02,short,4.0,35,27555,3746.58,TP,13.20,True,0.06,True
27496,3796.17,long,2.0,59,27555,3753.06,SL_over40,-3.18,True,0.06,True
27543,3831.46,short,1.0,13,27556,3741.15,TP,3.30,False,0.0,False
27523,3823.66,long,4.0,38,27561,3678.91,SL,-21.20,True,0.06,True
27585,3734.06,long,1.0,6,27591,3822.08,TP,3.30,False,0.0,False
27556,3753.08,long,2.0,43,27599,3832.70,TP_over40,5.94,True,0.08,False
27614,3831.08,short,2.0,19,27633,3976.11,SL,-10.60,False,0.0,False
27653,4135.68,short,2.0,43,27696,4182.65,SL_over40,-3.18,True,0.06,True
27678,4172.14,short,4.0,37,27715,4073.80,TP,13.20,True,0.06,True
27658,4150.55,long,2.0,57,27715,4103.41,SL_over40,-3.18,True,0.06,True
27726,4137.00,short,4.0,41,27767,4183.98,SL_over40,-6.36,True,0.06,True
27754,4267.81,short,4.0,24,27778,4167.21,TP,13.20,False,0.0,False
27749,4251.96,short,2.0,29,27778,4151.74,TP,6.60,False,0.0,False
27786,4120.09,short,4.0,6,27792,4022.97,TP,13.20,False,0.0,False
27779,4141.33,long,1.0,14,27793,3984.55,SL,-5.30,False,0.0,False
27787,4100.91,long,4.0,20,27807,3945.66,SL,-21.20,False,0.0,False
27801,3996.30,long,1.0,29,27830,4090.50,TP,3.30,False,0.0,False
27834,4125.19,long,4.0,42,27876,4078.34,SL_over40,-6.36,True,0.06,True
27847,4107.20,short,2.0,48,27895,4153.85,SL_over40,-3.18,True,0.06,True
27841,4120.91,short,2.0,54,27895,4167.71,SL_over40,-3.18,True,0.06,True
27868,4097.30,long,1.0,28,27896,4193.88,TP,3.30,False,0.0,False
27909,4099.90,long,2.0,21,27930,3944.69,SL,-10.60,False,0.0,False
27939,4001.97,short,1.0,46,27985,4047.42,SL_over40,-1.59,True,0.06,True
27935,3994.70,short,2.0,50,27985,4040.07,SL_over40,-3.18,True,0.06,True
27938,3991.00,long,4.0,58,27996,3945.67,SL_over40,-6.36,True,0.06,True
27944,3983.29,long,4.0,54,27998,4067.79,TP_over40,11.88,True,0.06,True
28024,3894.16,long,4.0,56,28080,3849.93,SL_over40,-6.36,True,0.06,True
28036,3862.07,long,2.0,45,28081,3818.21,SL_over40,-3.18,True,0.08,False
28088,3721.77,short,1.0,41,28129,3764.04,SL_over40,-1.59,True,0.06,True
28100,3782.95,long,4.0,38,28138,3872.12,TP,13.20,False,0.0,False
28193,3876.36,long,2.0,86,28279,3832.34,SL_over40,-3.18,True,0.06,True
28446,3937.77,long,1.0,41,28487,3893.05,SL_over40,-1.59,True,0.06,True
28482,3875.52,long,1.0,15,28497,3966.87,TP,3.30,False,0.0,False
28480,3872.73,short,1.0,17,28497,4019.34,SL,-5.30,False,0.0,False
28547,3860.16,short,2.0,68,28615,3778.27,TP_over40,5.94,True,0.06,True
28620,3742.50,long,4.0,14,28634,3830.72,TP,13.20,False,0.0,False
28667,3887.98,long,2.0,43,28710,3843.82,SL_over40,-3.18,True,0.06,True
28658,3879.03,long,2.0,52,28710,3834.98,SL_over40,-3.18,True,0.06,True
28698,3887.69,long,4.0,47,28745,3970.16,TP_over40,11.88,True,0.06,True
28804,3926.10,long,1.0,152,28956,4009.39,TP_over40,2.97,True,0.06,True
28782,3936.67,long,1.0,182,28964,4020.18,TP_over40,2.97,True,0.06,True
29002,4070.82,short,1.0,25,29027,4224.93,SL,-5.30,False,0.0,False
29036,4231.60,long,2.0,41,29077,4183.54,SL_over40,-3.18,True,0.06,True
29081,4214.55,short,1.0,18,29099,4115.21,TP,3.30,False,0.0,False
29053,4160.35,long,1.0,46,29099,4113.10,SL_over40,-1.59,True,0.08,False
29049,4166.83,long,2.0,50,29099,4119.51,SL_over40,-3.18,True,0.08,False
29017,4170.54,long,1.0,82,29099,4123.17,SL_over40,-1.59,True,0.06,True
29237,4025.06,long,1.0,41,29278,3979.35,SL_over40,-1.59,True,0.06,True
29274,3971.47,short,1.0,6,29280,3877.86,TP,3.30,False,0.0,False
29250,4002.23,long,2.0,30,29280,3850.72,SL,-10.60,False,0.0,False
29320,3892.23,short,4.0,33,29353,3800.48,TP,13.20,False,0.0,False
29405,3846.97,short,1.0,71,29476,3890.66,SL_over40,-1.59,True,0.06,True
29355,3820.23,long,1.0,121,29476,3901.27,TP_over40,2.97,True,0.06,True
29464,3849.56,short,2.0,90,29554,3893.28,SL_over40,-3.18,True,0.06,True
29652,3858.64,short,1.0,46,29698,3776.78,TP_over40,2.97,True,0.06,True
29723,3713.71,long,4.0,27,29750,3573.12,SL,-21.20,False,0.0,False
29713,3718.50,long,1.0,37,29750,3577.73,SL,-5.30,True,0.06,True
29817,3495.83,long,2.0,25,29842,3578.23,TP,6.60,False,0.0,False
29806,3519.09,long,4.0,41,29847,3479.12,SL_over40,-6.36,True,0.06,True
29830,3517.66,long,2.0,20,29850,3384.49,SL,-10.60,False,0.0,False
29811,3483.97,short,4.0,39,29850,3401.85,TP,13.20,True,0.06,True
29872,3252.47,short,1.0,11,29883,3175.80,TP,3.30,False,0.0,False
29893,3334.83,short,1.0,47,29940,3372.70,SL_over40,-1.59,True,0.06,True
29903,3325.15,short,1.0,41,29944,3362.91,SL_over40,-1.59,True,0.06,True
29922,3294.51,short,4.0,23,29945,3419.23,SL,-21.20,False,0.0,False
29943,3390.17,long,4.0,10,29953,3470.08,TP,13.20,False,0.0,False
29957,3455.12,long,2.0,41,29998,3415.88,SL_over40,-3.18,True,0.06,True
29947,3437.48,short,4.0,52,29999,3396.38,EOD,6.70,True,0.06,True
29975,3403.74,long,1.0,24,29999,3396.38,EOD,-0.30,False,0.0,False
