第一笔交易号,第一笔方向,第一笔入场,第一笔出场,第一笔收益%,第一笔结果,第二笔交易号,第二笔方向,第二笔入场,第二笔出场,第二笔收益%,第二笔结果,重叠类型,重叠开始,重叠结束,重叠时长(分钟),第一笔合约收益%,第二笔合约收益%,综合收益%
3,做空,2025-01-02 18:00:00,2025-01-03 01:45:00,0.667,止盈,4,做多,2025-01-02 23:00:00,2025-01-03 16:30:00,-1.667,止损,方向冲突,2025-01-02 23:00:00,2025-01-03 01:45:00,165.0,40.0,-100.0,-1.0
4,做多,2025-01-02 23:00:00,2025-01-03 16:30:00,-1.667,止损,5,做多,2025-01-03 01:45:00,2025-01-03 03:15:00,0.667,止盈,双倍做多,2025-01-03 01:45:00,2025-01-03 03:15:00,90.0,-100.0,40.0,-1.0
10,做多,2025-01-08 06:00:00,2025-01-08 08:00:00,0.667,止盈,11,做多,2025-01-08 07:15:00,2025-01-08 08:15:00,0.667,止盈,双倍做多,2025-01-08 07:15:00,2025-01-08 08:00:00,45.0,40.0,40.0,1.334
22,做多,2025-01-13 17:30:00,2025-01-13 19:15:00,-1.667,止损,23,做多,2025-01-13 18:30:00,2025-01-13 19:45:00,-1.667,止损,双倍做多,2025-01-13 18:30:00,2025-01-13 19:15:00,45.0,-100.0,-100.0,-3.334
26,做多,2025-01-14 01:00:00,2025-01-14 04:30:00,0.667,止盈,27,做多,2025-01-14 01:45:00,2025-01-14 04:30:00,0.667,止盈,双倍做多,2025-01-14 01:45:00,2025-01-14 04:30:00,165.0,40.0,40.0,1.334
30,做空,2025-01-15 04:30:00,2025-01-15 19:15:00,0.667,止盈,31,做空,2025-01-15 12:00:00,2025-01-15 17:45:00,0.667,止盈,双倍做空,2025-01-15 12:00:00,2025-01-15 17:45:00,345.0,40.0,40.0,1.334
44,做空,2025-01-20 00:30:00,2025-01-20 04:45:00,0.667,止盈,45,做空,2025-01-20 02:00:00,2025-01-20 02:15:00,0.667,止盈,双倍做空,2025-01-20 02:00:00,2025-01-20 02:15:00,15.0,40.0,40.0,1.334
49,做空,2025-01-20 10:30:00,2025-01-20 13:00:00,-1.667,止损,50,做空,2025-01-20 12:45:00,2025-01-20 14:45:00,-1.667,止损,双倍做空,2025-01-20 12:45:00,2025-01-20 13:00:00,15.0,-100.0,-100.0,-3.334
52,做多,2025-01-20 17:30:00,2025-01-20 20:30:00,-1.667,止损,53,做多,2025-01-20 18:30:00,2025-01-20 20:30:00,-1.667,止损,双倍做多,2025-01-20 18:30:00,2025-01-20 20:30:00,120.0,-100.0,-100.0,-3.334
52,做多,2025-01-20 17:30:00,2025-01-20 20:30:00,-1.667,止损,54,做多,2025-01-20 19:00:00,2025-01-20 19:15:00,0.667,止盈,双倍做多,2025-01-20 19:00:00,2025-01-20 19:15:00,15.0,-100.0,40.0,-1.0
53,做多,2025-01-20 18:30:00,2025-01-20 20:30:00,-1.667,止损,54,做多,2025-01-20 19:00:00,2025-01-20 19:15:00,0.667,止盈,双倍做多,2025-01-20 19:00:00,2025-01-20 19:15:00,15.0,-100.0,40.0,-1.0
63,做空,2025-01-22 00:15:00,2025-01-22 15:15:00,0.667,止盈,64,做多,2025-01-22 03:15:00,2025-01-22 08:45:00,0.667,止盈,方向冲突,2025-01-22 03:15:00,2025-01-22 08:45:00,330.0,40.0,40.0,1.334
65,做多,2025-01-22 22:30:00,2025-01-23 09:45:00,-1.667,止损,66,做多,2025-01-22 23:30:00,2025-01-23 09:45:00,-1.667,止损,双倍做多,2025-01-22 23:30:00,2025-01-23 09:45:00,615.0,-100.0,-100.0,-3.334
65,做多,2025-01-22 22:30:00,2025-01-23 09:45:00,-1.667,止损,67,做空,2025-01-23 00:30:00,2025-01-23 02:45:00,0.667,止盈,方向冲突,2025-01-23 00:30:00,2025-01-23 02:45:00,135.0,-100.0,40.0,-1.0
66,做多,2025-01-22 23:30:00,2025-01-23 09:45:00,-1.667,止损,67,做空,2025-01-23 00:30:00,2025-01-23 02:45:00,0.667,止盈,方向冲突,2025-01-23 00:30:00,2025-01-23 02:45:00,135.0,-100.0,40.0,-1.0
72,做空,2025-01-24 13:15:00,2025-01-25 04:15:00,0.667,止盈,73,做空,2025-01-24 14:00:00,2025-01-24 15:30:00,0.667,止盈,双倍做空,2025-01-24 14:00:00,2025-01-24 15:30:00,90.0,40.0,40.0,1.334
77,做多,2025-01-27 21:30:00,2025-01-27 22:45:00,0.667,止盈,78,做空,2025-01-27 22:15:00,2025-01-28 00:30:00,0.667,止盈,方向冲突,2025-01-27 22:15:00,2025-01-27 22:45:00,30.0,40.0,40.0,1.334
84,做空,2025-01-30 21:30:00,2025-01-31 04:30:00,0.667,止盈,85,做空,2025-01-30 23:30:00,2025-01-31 04:30:00,0.667,止盈,双倍做空,2025-01-30 23:30:00,2025-01-31 04:30:00,300.0,40.0,40.0,1.334
101,做多,2025-02-03 19:15:00,2025-02-03 20:15:00,0.667,止盈,102,做多,2025-02-03 19:45:00,2025-02-03 20:00:00,0.667,止盈,双倍做多,2025-02-03 19:45:00,2025-02-03 20:00:00,15.0,40.0,40.0,1.334
103,做多,2025-02-03 21:30:00,2025-02-03 22:30:00,0.667,止盈,104,做多,2025-02-03 22:15:00,2025-02-03 22:30:00,0.667,止盈,双倍做多,2025-02-03 22:15:00,2025-02-03 22:30:00,15.0,40.0,40.0,1.334
107,做空,2025-02-04 02:30:00,2025-02-04 04:45:00,0.667,止盈,108,做空,2025-02-04 03:15:00,2025-02-04 04:00:00,0.667,止盈,双倍做空,2025-02-04 03:15:00,2025-02-04 04:00:00,45.0,40.0,40.0,1.334
129,做空,2025-02-10 06:45:00,2025-02-10 09:30:00,0.667,止盈,130,做空,2025-02-10 08:15:00,2025-02-10 09:15:00,0.667,止盈,双倍做空,2025-02-10 08:15:00,2025-02-10 09:15:00,60.0,40.0,40.0,1.334
140,做多,2025-02-15 06:45:00,2025-02-15 11:00:00,0.667,止盈,141,做多,2025-02-15 08:30:00,2025-02-15 10:00:00,0.667,止盈,双倍做多,2025-02-15 08:30:00,2025-02-15 10:00:00,90.0,40.0,40.0,1.334
154,做空,2025-02-21 02:15:00,2025-02-21 05:45:00,0.667,止盈,155,做多,2025-02-21 03:45:00,2025-02-21 15:15:00,0.667,止盈,方向冲突,2025-02-21 03:45:00,2025-02-21 05:45:00,120.0,40.0,40.0,1.334
166,做多,2025-02-25 08:45:00,2025-02-25 10:45:00,0.667,止盈,167,做多,2025-02-25 10:00:00,2025-02-25 10:30:00,0.667,止盈,双倍做多,2025-02-25 10:00:00,2025-02-25 10:30:00,30.0,40.0,40.0,1.334
170,做空,2025-02-26 00:45:00,2025-02-26 04:00:00,-1.667,止损,171,做多,2025-02-26 01:45:00,2025-02-26 03:30:00,0.667,止盈,方向冲突,2025-02-26 01:45:00,2025-02-26 03:30:00,105.0,-100.0,40.0,-1.0
170,做空,2025-02-26 00:45:00,2025-02-26 04:00:00,-1.667,止损,172,做多,2025-02-26 02:30:00,2025-02-26 03:30:00,0.667,止盈,方向冲突,2025-02-26 02:30:00,2025-02-26 03:30:00,60.0,-100.0,40.0,-1.0
171,做多,2025-02-26 01:45:00,2025-02-26 03:30:00,0.667,止盈,172,做多,2025-02-26 02:30:00,2025-02-26 03:30:00,0.667,止盈,双倍做多,2025-02-26 02:30:00,2025-02-26 03:30:00,60.0,40.0,40.0,1.334
173,做空,2025-02-26 04:30:00,2025-02-26 08:30:00,0.667,止盈,174,做多,2025-02-26 06:30:00,2025-02-26 16:15:00,-1.667,止损,方向冲突,2025-02-26 06:30:00,2025-02-26 08:30:00,120.0,40.0,-100.0,-1.0
180,做多,2025-02-27 12:15:00,2025-02-27 13:30:00,0.667,止盈,181,做空,2025-02-27 13:15:00,2025-02-27 15:15:00,-1.667,止损,方向冲突,2025-02-27 13:15:00,2025-02-27 13:30:00,15.0,40.0,-100.0,-1.0
200,做空,2025-03-04 04:45:00,2025-03-04 05:45:00,0.667,止盈,201,做空,2025-03-04 05:15:00,2025-03-04 05:45:00,0.667,止盈,双倍做空,2025-03-04 05:15:00,2025-03-04 05:45:00,30.0,40.0,40.0,1.334
202,做空,2025-03-04 12:15:00,2025-03-04 15:15:00,0.667,止盈,203,做空,2025-03-04 13:30:00,2025-03-04 15:00:00,0.667,止盈,双倍做空,2025-03-04 13:30:00,2025-03-04 15:00:00,90.0,40.0,40.0,1.334
202,做空,2025-03-04 12:15:00,2025-03-04 15:15:00,0.667,止盈,204,做多,2025-03-04 14:45:00,2025-03-04 17:00:00,0.667,止盈,方向冲突,2025-03-04 14:45:00,2025-03-04 15:15:00,30.0,40.0,40.0,1.334
203,做空,2025-03-04 13:30:00,2025-03-04 15:00:00,0.667,止盈,204,做多,2025-03-04 14:45:00,2025-03-04 17:00:00,0.667,止盈,方向冲突,2025-03-04 14:45:00,2025-03-04 15:00:00,15.0,40.0,40.0,1.334
206,做多,2025-03-04 21:30:00,2025-03-04 22:30:00,0.667,止盈,207,做多,2025-03-04 22:15:00,2025-03-04 22:30:00,0.667,止盈,双倍做多,2025-03-04 22:15:00,2025-03-04 22:30:00,15.0,40.0,40.0,1.334
211,做空,2025-03-05 03:15:00,2025-03-05 04:45:00,0.667,止盈,212,做空,2025-03-05 03:45:00,2025-03-05 04:45:00,0.667,止盈,双倍做空,2025-03-05 03:45:00,2025-03-05 04:45:00,60.0,40.0,40.0,1.334
218,做空,2025-03-05 23:00:00,2025-03-06 00:00:00,0.667,止盈,219,做空,2025-03-05 23:30:00,2025-03-06 00:00:00,0.667,止盈,双倍做空,2025-03-05 23:30:00,2025-03-06 00:00:00,30.0,40.0,40.0,1.334
222,做空,2025-03-06 10:15:00,2025-03-06 13:30:00,-1.667,止损,223,做空,2025-03-06 11:00:00,2025-03-06 20:45:00,0.667,止盈,双倍做空,2025-03-06 11:00:00,2025-03-06 13:30:00,150.0,-100.0,40.0,-1.0
223,做空,2025-03-06 11:00:00,2025-03-06 20:45:00,0.667,止盈,224,做多,2025-03-06 20:15:00,2025-03-06 22:00:00,-1.667,止损,方向冲突,2025-03-06 20:15:00,2025-03-06 20:45:00,30.0,40.0,-100.0,-1.0
224,做多,2025-03-06 20:15:00,2025-03-06 22:00:00,-1.667,止损,225,做多,2025-03-06 20:45:00,2025-03-06 22:45:00,-1.667,止损,双倍做多,2025-03-06 20:45:00,2025-03-06 22:00:00,75.0,-100.0,-100.0,-3.334
235,做空,2025-03-08 20:30:00,2025-03-09 01:30:00,-1.667,止损,236,做空,2025-03-08 21:30:00,2025-03-08 23:00:00,0.667,止盈,双倍做空,2025-03-08 21:30:00,2025-03-08 23:00:00,90.0,-100.0,40.0,-1.0
269,做空,2025-03-18 01:45:00,2025-03-18 09:00:00,0.667,止盈,270,做空,2025-03-18 02:45:00,2025-03-18 04:15:00,0.667,止盈,双倍做空,2025-03-18 02:45:00,2025-03-18 04:15:00,90.0,40.0,40.0,1.334
273,做空,2025-03-19 19:15:00,2025-03-19 20:30:00,0.667,止盈,274,做空,2025-03-19 19:45:00,2025-03-19 20:15:00,0.667,止盈,双倍做空,2025-03-19 19:45:00,2025-03-19 20:15:00,30.0,40.0,40.0,1.334
275,做空,2025-03-21 01:45:00,2025-03-21 18:30:00,0.667,止盈,276,做多,2025-03-21 11:15:00,2025-03-21 20:45:00,-1.667,止损,方向冲突,2025-03-21 11:15:00,2025-03-21 18:30:00,435.0,40.0,-100.0,-1.0
282,做多,2025-03-27 23:45:00,2025-03-28 05:30:00,0.667,止盈,283,做空,2025-03-28 02:45:00,2025-03-28 08:15:00,0.667,止盈,方向冲突,2025-03-28 02:45:00,2025-03-28 05:30:00,165.0,40.0,40.0,1.334
286,做空,2025-03-29 02:00:00,2025-03-29 09:30:00,-1.667,止损,287,做多,2025-03-29 05:00:00,2025-03-29 06:45:00,0.667,止盈,方向冲突,2025-03-29 05:00:00,2025-03-29 06:45:00,105.0,-100.0,40.0,-1.0
286,做空,2025-03-29 02:00:00,2025-03-29 09:30:00,-1.667,止损,288,做空,2025-03-29 07:00:00,2025-03-29 13:30:00,0.667,止盈,双倍做空,2025-03-29 07:00:00,2025-03-29 09:30:00,150.0,-100.0,40.0,-1.0
305,做多,2025-04-03 22:30:00,2025-04-03 23:30:00,0.667,止盈,306,做空,2025-04-03 23:00:00,2025-04-04 03:00:00,-1.667,止损,方向冲突,2025-04-03 23:00:00,2025-04-03 23:30:00,30.0,40.0,-100.0,-1.0
328,做多,2025-04-09 03:15:00,2025-04-09 04:30:00,0.667,止盈,329,做空,2025-04-09 03:45:00,2025-04-09 06:15:00,0.667,止盈,方向冲突,2025-04-09 03:45:00,2025-04-09 04:30:00,45.0,40.0,40.0,1.334
336,做空,2025-04-09 23:45:00,2025-04-10 01:15:00,-1.667,止损,337,做空,2025-04-10 00:15:00,2025-04-10 01:15:00,-1.667,止损,双倍做空,2025-04-10 00:15:00,2025-04-10 01:15:00,60.0,-100.0,-100.0,-3.334
343,做空,2025-04-11 02:30:00,2025-04-11 08:45:00,0.667,止盈,344,做空,2025-04-11 07:45:00,2025-04-11 08:45:00,0.667,止盈,双倍做空,2025-04-11 07:45:00,2025-04-11 08:45:00,60.0,40.0,40.0,1.334
346,做空,2025-04-12 00:45:00,2025-04-12 09:45:00,0.667,止盈,347,做空,2025-04-12 03:15:00,2025-04-12 09:00:00,0.667,止盈,双倍做空,2025-04-12 03:15:00,2025-04-12 09:00:00,345.0,40.0,40.0,1.334
346,做空,2025-04-12 00:45:00,2025-04-12 09:45:00,0.667,止盈,348,做空,2025-04-12 05:15:00,2025-04-12 05:30:00,0.667,止盈,双倍做空,2025-04-12 05:15:00,2025-04-12 05:30:00,15.0,40.0,40.0,1.334
347,做空,2025-04-12 03:15:00,2025-04-12 09:00:00,0.667,止盈,348,做空,2025-04-12 05:15:00,2025-04-12 05:30:00,0.667,止盈,双倍做空,2025-04-12 05:15:00,2025-04-12 05:30:00,15.0,40.0,40.0,1.334
352,做多,2025-04-13 12:15:00,2025-04-13 21:30:00,-1.667,止损,353,做多,2025-04-13 18:30:00,2025-04-13 21:45:00,-1.667,止损,双倍做多,2025-04-13 18:30:00,2025-04-13 21:30:00,180.0,-100.0,-100.0,-3.334
355,做多,2025-04-14 13:45:00,2025-04-14 15:45:00,0.667,止盈,356,做多,2025-04-14 15:15:00,2025-04-14 15:45:00,0.667,止盈,双倍做多,2025-04-14 15:15:00,2025-04-14 15:45:00,30.0,40.0,40.0,1.334
357,做空,2025-04-14 16:00:00,2025-04-14 18:30:00,-1.667,止损,358,做多,2025-04-14 17:30:00,2025-04-14 18:00:00,0.667,止盈,方向冲突,2025-04-14 17:30:00,2025-04-14 18:00:00,30.0,-100.0,40.0,-1.0
360,做空,2025-04-15 11:00:00,2025-04-15 22:15:00,0.667,止盈,361,做空,2025-04-15 18:00:00,2025-04-15 18:30:00,0.667,止盈,双倍做空,2025-04-15 18:00:00,2025-04-15 18:30:00,30.0,40.0,40.0,1.334
366,做空,2025-04-17 02:30:00,2025-04-17 04:00:00,-1.667,止损,367,做多,2025-04-17 03:30:00,2025-04-17 03:45:00,0.667,止盈,方向冲突,2025-04-17 03:30:00,2025-04-17 03:45:00,15.0,-100.0,40.0,-1.0
390,做空,2025-04-30 22:30:00,2025-05-01 04:00:00,-1.667,止损,391,做空,2025-05-01 02:15:00,2025-05-01 10:00:00,-1.667,止损,双倍做空,2025-05-01 02:15:00,2025-05-01 04:00:00,105.0,-100.0,-100.0,-3.334
392,做空,2025-05-01 18:30:00,2025-05-01 21:30:00,0.667,止盈,393,做空,2025-05-01 19:00:00,2025-05-01 21:30:00,0.667,止盈,双倍做空,2025-05-01 19:00:00,2025-05-01 21:30:00,150.0,40.0,40.0,1.334
415,做多,2025-05-11 14:45:00,2025-05-11 15:45:00,-1.667,止损,416,做多,2025-05-11 15:15:00,2025-05-11 17:15:00,0.667,止盈,双倍做多,2025-05-11 15:15:00,2025-05-11 15:45:00,30.0,-100.0,40.0,-1.0
416,做多,2025-05-11 15:15:00,2025-05-11 17:15:00,0.667,止盈,417,做空,2025-05-11 16:15:00,2025-05-11 19:45:00,-1.667,止损,方向冲突,2025-05-11 16:15:00,2025-05-11 17:15:00,60.0,40.0,-100.0,-1.0
418,做空,2025-05-12 00:30:00,2025-05-12 03:15:00,-1.667,止损,419,做空,2025-05-12 02:45:00,2025-05-12 06:30:00,0.667,止盈,双倍做空,2025-05-12 02:45:00,2025-05-12 03:15:00,30.0,-100.0,40.0,-1.0
422,做多,2025-05-13 02:30:00,2025-05-13 03:15:00,0.667,止盈,423,做空,2025-05-13 03:00:00,2025-05-13 06:30:00,-1.667,止损,方向冲突,2025-05-13 03:00:00,2025-05-13 03:15:00,15.0,40.0,-100.0,-1.0
428,做多,2025-05-14 03:45:00,2025-05-14 09:00:00,0.667,止盈,429,做多,2025-05-14 07:30:00,2025-05-14 08:15:00,0.667,止盈,双倍做多,2025-05-14 07:30:00,2025-05-14 08:15:00,45.0,40.0,40.0,1.334
432,做多,2025-05-15 17:15:00,2025-05-15 20:30:00,0.667,止盈,433,做多,2025-05-15 17:45:00,2025-05-15 19:15:00,0.667,止盈,双倍做多,2025-05-15 17:45:00,2025-05-15 19:15:00,90.0,40.0,40.0,1.334
439,做多,2025-05-17 04:45:00,2025-05-17 08:15:00,-1.667,止损,440,做多,2025-05-17 05:30:00,2025-05-17 07:45:00,-1.667,止损,双倍做多,2025-05-17 05:30:00,2025-05-17 07:45:00,135.0,-100.0,-100.0,-3.334
441,做多,2025-05-17 08:30:00,2025-05-17 10:00:00,-1.667,止损,442,做多,2025-05-17 09:15:00,2025-05-17 12:30:00,0.667,止盈,双倍做多,2025-05-17 09:15:00,2025-05-17 10:00:00,45.0,-100.0,40.0,-1.0
448,做多,2025-05-19 12:45:00,2025-05-19 13:30:00,0.667,止盈,449,做空,2025-05-19 13:15:00,2025-05-19 14:45:00,0.667,止盈,方向冲突,2025-05-19 13:15:00,2025-05-19 13:30:00,15.0,40.0,40.0,1.334
450,做空,2025-05-19 21:45:00,2025-05-20 00:00:00,-1.667,止损,451,做空,2025-05-19 22:45:00,2025-05-20 01:00:00,-1.667,止损,双倍做空,2025-05-19 22:45:00,2025-05-20 00:00:00,75.0,-100.0,-100.0,-3.334
452,做多,2025-05-20 02:00:00,2025-05-20 04:15:00,0.667,止盈,453,做多,2025-05-20 02:30:00,2025-05-20 03:30:00,0.667,止盈,双倍做多,2025-05-20 02:30:00,2025-05-20 03:30:00,60.0,40.0,40.0,1.334
454,做空,2025-05-20 07:45:00,2025-05-20 08:45:00,0.667,止盈,455,做空,2025-05-20 08:15:00,2025-05-20 08:45:00,0.667,止盈,双倍做空,2025-05-20 08:15:00,2025-05-20 08:45:00,30.0,40.0,40.0,1.334
462,做空,2025-05-22 19:45:00,2025-05-22 21:30:00,0.667,止盈,463,做多,2025-05-22 21:15:00,2025-05-22 22:30:00,0.667,止盈,方向冲突,2025-05-22 21:15:00,2025-05-22 21:30:00,15.0,40.0,40.0,1.334
466,做多,2025-05-24 06:45:00,2025-05-24 11:15:00,0.667,止盈,467,做多,2025-05-24 08:30:00,2025-05-24 11:00:00,0.667,止盈,双倍做多,2025-05-24 08:30:00,2025-05-24 11:00:00,150.0,40.0,40.0,1.334
470,做空,2025-05-27 16:15:00,2025-05-28 00:45:00,-1.667,止损,471,做多,2025-05-27 20:15:00,2025-05-27 21:00:00,0.667,止盈,方向冲突,2025-05-27 20:15:00,2025-05-27 21:00:00,45.0,-100.0,40.0,-1.0
470,做空,2025-05-27 16:15:00,2025-05-28 00:45:00,-1.667,止损,472,做空,2025-05-27 21:15:00,2025-05-27 21:45:00,0.667,止盈,双倍做空,2025-05-27 21:15:00,2025-05-27 21:45:00,30.0,-100.0,40.0,-1.0
470,做空,2025-05-27 16:15:00,2025-05-28 00:45:00,-1.667,止损,473,做多,2025-05-27 22:30:00,2025-05-28 00:15:00,0.667,止盈,方向冲突,2025-05-27 22:30:00,2025-05-28 00:15:00,105.0,-100.0,40.0,-1.0
474,做空,2025-05-28 00:45:00,2025-05-28 07:15:00,0.667,止盈,475,做空,2025-05-28 01:45:00,2025-05-28 02:30:00,0.667,止盈,双倍做空,2025-05-28 01:45:00,2025-05-28 02:30:00,45.0,40.0,40.0,1.334
492,做空,2025-06-06 11:00:00,2025-06-06 17:30:00,-1.667,止损,493,做多,2025-06-06 13:30:00,2025-06-06 17:15:00,0.667,止盈,方向冲突,2025-06-06 13:30:00,2025-06-06 17:15:00,225.0,-100.0,40.0,-1.0
497,做空,2025-06-10 07:45:00,2025-06-10 14:00:00,0.667,止盈,498,做多,2025-06-10 10:15:00,2025-06-10 19:00:00,0.667,止盈,方向冲突,2025-06-10 10:15:00,2025-06-10 14:00:00,225.0,40.0,40.0,1.334
498,做多,2025-06-10 10:15:00,2025-06-10 19:00:00,0.667,止盈,499,做空,2025-06-10 15:30:00,2025-06-10 19:30:00,-1.667,止损,方向冲突,2025-06-10 15:30:00,2025-06-10 19:00:00,210.0,40.0,-100.0,-1.0
500,做多,2025-06-10 21:45:00,2025-06-11 02:45:00,0.667,止盈,501,做多,2025-06-11 00:15:00,2025-06-11 02:45:00,0.667,止盈,双倍做多,2025-06-11 00:15:00,2025-06-11 02:45:00,150.0,40.0,40.0,1.334
503,做多,2025-06-12 05:45:00,2025-06-12 16:00:00,-1.667,止损,504,做空,2025-06-12 11:45:00,2025-06-12 15:30:00,0.667,止盈,方向冲突,2025-06-12 11:45:00,2025-06-12 15:30:00,225.0,-100.0,40.0,-1.0
506,做空,2025-06-13 11:15:00,2025-06-13 16:00:00,-1.667,止损,507,做多,2025-06-13 12:15:00,2025-06-13 14:45:00,0.667,止盈,方向冲突,2025-06-13 12:15:00,2025-06-13 14:45:00,150.0,-100.0,40.0,-1.0
506,做空,2025-06-13 11:15:00,2025-06-13 16:00:00,-1.667,止损,508,做空,2025-06-13 15:30:00,2025-06-13 16:45:00,0.667,止盈,双倍做空,2025-06-13 15:30:00,2025-06-13 16:00:00,30.0,-100.0,40.0,-1.0
512,做多,2025-06-14 23:45:00,2025-06-15 07:30:00,0.667,止盈,513,做多,2025-06-15 01:00:00,2025-06-15 02:00:00,0.667,止盈,双倍做多,2025-06-15 01:00:00,2025-06-15 02:00:00,60.0,40.0,40.0,1.334
512,做多,2025-06-14 23:45:00,2025-06-15 07:30:00,0.667,止盈,514,做多,2025-06-15 01:30:00,2025-06-15 02:00:00,0.667,止盈,双倍做多,2025-06-15 01:30:00,2025-06-15 02:00:00,30.0,40.0,40.0,1.334
513,做多,2025-06-15 01:00:00,2025-06-15 02:00:00,0.667,止盈,514,做多,2025-06-15 01:30:00,2025-06-15 02:00:00,0.667,止盈,双倍做多,2025-06-15 01:30:00,2025-06-15 02:00:00,30.0,40.0,40.0,1.334
519,做空,2025-06-17 08:30:00,2025-06-17 11:00:00,-1.667,止损,520,做空,2025-06-17 09:00:00,2025-06-17 10:30:00,0.667,止盈,双倍做空,2025-06-17 09:00:00,2025-06-17 10:30:00,90.0,-100.0,40.0,-1.0
519,做空,2025-06-17 08:30:00,2025-06-17 11:00:00,-1.667,止损,521,做多,2025-06-17 10:30:00,2025-06-17 10:45:00,0.667,止盈,方向冲突,2025-06-17 10:30:00,2025-06-17 10:45:00,15.0,-100.0,40.0,-1.0
538,做多,2025-06-25 12:45:00,2025-06-26 05:00:00,0.667,止盈,539,做多,2025-06-25 23:00:00,2025-06-26 03:15:00,0.667,止盈,双倍做多,2025-06-25 23:00:00,2025-06-26 03:15:00,255.0,40.0,40.0,1.334
552,做多,2025-07-13 22:45:00,2025-07-14 03:30:00,0.667,止盈,553,做多,2025-07-14 01:00:00,2025-07-14 02:15:00,0.667,止盈,双倍做多,2025-07-14 01:00:00,2025-07-14 02:15:00,75.0,40.0,40.0,1.334
555,做多,2025-07-14 22:45:00,2025-07-15 09:30:00,-1.667,止损,556,做多,2025-07-15 08:45:00,2025-07-15 11:15:00,-1.667,止损,双倍做多,2025-07-15 08:45:00,2025-07-15 09:30:00,45.0,-100.0,-100.0,-3.334
558,做空,2025-07-16 14:30:00,2025-07-16 22:45:00,-1.667,止损,559,做空,2025-07-16 22:00:00,2025-07-16 22:45:00,-1.667,止损,双倍做空,2025-07-16 22:00:00,2025-07-16 22:45:00,45.0,-100.0,-100.0,-3.334
569,做空,2025-07-20 23:00:00,2025-07-21 01:45:00,0.667,止盈,570,做空,2025-07-21 00:45:00,2025-07-21 01:00:00,0.667,止盈,双倍做空,2025-07-21 00:45:00,2025-07-21 01:00:00,15.0,40.0,40.0,1.334
586,做空,2025-07-25 01:15:00,2025-07-25 08:00:00,0.667,止盈,587,做空,2025-07-25 01:45:00,2025-07-25 07:15:00,0.667,止盈,双倍做空,2025-07-25 01:45:00,2025-07-25 07:15:00,330.0,40.0,40.0,1.334
591,做空,2025-07-26 10:30:00,2025-07-27 02:15:00,0.667,止盈,592,做空,2025-07-26 16:30:00,2025-07-26 19:30:00,0.667,止盈,双倍做空,2025-07-26 16:30:00,2025-07-26 19:30:00,180.0,40.0,40.0,1.334
591,做空,2025-07-26 10:30:00,2025-07-27 02:15:00,0.667,止盈,593,做多,2025-07-26 19:00:00,2025-07-27 06:15:00,0.667,止盈,方向冲突,2025-07-26 19:00:00,2025-07-27 02:15:00,435.0,40.0,40.0,1.334
592,做空,2025-07-26 16:30:00,2025-07-26 19:30:00,0.667,止盈,593,做多,2025-07-26 19:00:00,2025-07-27 06:15:00,0.667,止盈,方向冲突,2025-07-26 19:00:00,2025-07-26 19:30:00,30.0,40.0,40.0,1.334
595,做空,2025-07-29 04:00:00,2025-07-29 08:30:00,0.667,止盈,596,做空,2025-07-29 05:45:00,2025-07-29 08:30:00,0.667,止盈,双倍做空,2025-07-29 05:45:00,2025-07-29 08:30:00,165.0,40.0,40.0,1.334
599,做空,2025-07-30 09:45:00,2025-07-30 19:15:00,0.667,止盈,600,做空,2025-07-30 10:15:00,2025-07-30 17:30:00,0.667,止盈,双倍做空,2025-07-30 10:15:00,2025-07-30 17:30:00,435.0,40.0,40.0,1.334
604,做多,2025-08-01 08:15:00,2025-08-01 10:15:00,0.667,止盈,605,做多,2025-08-01 08:45:00,2025-08-01 10:00:00,0.667,止盈,双倍做多,2025-08-01 08:45:00,2025-08-01 10:00:00,75.0,40.0,40.0,1.334
610,做多,2025-08-02 23:45:00,2025-08-03 02:30:00,-1.667,止损,611,做空,2025-08-03 00:45:00,2025-08-03 01:45:00,0.667,止盈,方向冲突,2025-08-03 00:45:00,2025-08-03 01:45:00,60.0,-100.0,40.0,-1.0
620,做空,2025-08-06 23:00:00,2025-08-07 02:15:00,-1.667,止损,621,做空,2025-08-07 00:00:00,2025-08-07 09:30:00,-1.667,止损,双倍做空,2025-08-07 00:00:00,2025-08-07 02:15:00,135.0,-100.0,-100.0,-3.334
627,做空,2025-08-11 06:00:00,2025-08-11 09:30:00,-1.667,止损,628,做空,2025-08-11 08:30:00,2025-08-11 12:00:00,-1.667,止损,双倍做空,2025-08-11 08:30:00,2025-08-11 09:30:00,60.0,-100.0,-100.0,-3.334
630,做空,2025-08-12 14:30:00,2025-08-12 19:00:00,0.667,止盈,631,做空,2025-08-12 16:45:00,2025-08-12 18:00:00,0.667,止盈,双倍做空,2025-08-12 16:45:00,2025-08-12 18:00:00,75.0,40.0,40.0,1.334
634,做空,2025-08-13 18:00:00,2025-08-13 21:30:00,0.667,止盈,635,做多,2025-08-13 21:00:00,2025-08-13 23:15:00,-1.667,止损,方向冲突,2025-08-13 21:00:00,2025-08-13 21:30:00,30.0,40.0,-100.0,-1.0
635,做多,2025-08-13 21:00:00,2025-08-13 23:15:00,-1.667,止损,636,做多,2025-08-13 21:45:00,2025-08-13 22:30:00,0.667,止盈,双倍做多,2025-08-13 21:45:00,2025-08-13 22:30:00,45.0,-100.0,40.0,-1.0
639,做多,2025-08-15 01:45:00,2025-08-15 05:45:00,-1.667,止损,640,做多,2025-08-15 02:15:00,2025-08-15 03:15:00,0.667,止盈,双倍做多,2025-08-15 02:15:00,2025-08-15 03:15:00,60.0,-100.0,40.0,-1.0
639,做多,2025-08-15 01:45:00,2025-08-15 05:45:00,-1.667,止损,641,做空,2025-08-15 02:45:00,2025-08-15 04:00:00,0.667,止盈,方向冲突,2025-08-15 02:45:00,2025-08-15 04:00:00,75.0,-100.0,40.0,-1.0
640,做多,2025-08-15 02:15:00,2025-08-15 03:15:00,0.667,止盈,641,做空,2025-08-15 02:45:00,2025-08-15 04:00:00,0.667,止盈,方向冲突,2025-08-15 02:45:00,2025-08-15 03:15:00,30.0,40.0,40.0,1.334
645,做多,2025-08-15 23:45:00,2025-08-16 01:45:00,0.667,止盈,646,做多,2025-08-16 00:15:00,2025-08-16 00:45:00,0.667,止盈,双倍做多,2025-08-16 00:15:00,2025-08-16 00:45:00,30.0,40.0,40.0,1.334
650,做多,2025-08-18 22:00:00,2025-08-18 23:45:00,0.667,止盈,651,做空,2025-08-18 23:00:00,2025-08-19 08:30:00,0.667,止盈,方向冲突,2025-08-18 23:00:00,2025-08-18 23:45:00,45.0,40.0,40.0,1.334
651,做空,2025-08-18 23:00:00,2025-08-19 08:30:00,0.667,止盈,652,做空,2025-08-19 00:00:00,2025-08-19 00:30:00,0.667,止盈,双倍做空,2025-08-19 00:00:00,2025-08-19 00:30:00,30.0,40.0,40.0,1.334
653,做空,2025-08-19 17:00:00,2025-08-19 22:15:00,0.667,止盈,654,做多,2025-08-19 21:45:00,2025-08-19 22:30:00,-1.667,止损,方向冲突,2025-08-19 21:45:00,2025-08-19 22:15:00,30.0,40.0,-100.0,-1.0
673,做空,2025-08-27 22:30:00,2025-08-28 02:45:00,0.667,止盈,674,做空,2025-08-27 23:15:00,2025-08-28 00:30:00,0.667,止盈,双倍做空,2025-08-27 23:15:00,2025-08-28 00:30:00,75.0,40.0,40.0,1.334
675,做多,2025-08-28 07:45:00,2025-08-28 11:00:00,0.667,止盈,676,做多,2025-08-28 08:30:00,2025-08-28 10:00:00,0.667,止盈,双倍做多,2025-08-28 08:30:00,2025-08-28 10:00:00,90.0,40.0,40.0,1.334
677,做空,2025-08-29 23:15:00,2025-08-30 09:45:00,0.667,止盈,678,做多,2025-08-30 00:00:00,2025-08-30 05:30:00,0.667,止盈,方向冲突,2025-08-30 00:00:00,2025-08-30 05:30:00,330.0,40.0,40.0,1.334
687,做多,2025-09-04 23:15:00,2025-09-05 06:45:00,0.667,止盈,688,做多,2025-09-05 00:30:00,2025-09-05 06:45:00,0.667,止盈,双倍做多,2025-09-05 00:30:00,2025-09-05 06:45:00,375.0,40.0,40.0,1.334
687,做多,2025-09-04 23:15:00,2025-09-05 06:45:00,0.667,止盈,689,做多,2025-09-05 02:30:00,2025-09-05 06:15:00,0.667,止盈,双倍做多,2025-09-05 02:30:00,2025-09-05 06:15:00,225.0,40.0,40.0,1.334
687,做多,2025-09-04 23:15:00,2025-09-05 06:45:00,0.667,止盈,690,做多,2025-09-05 03:00:00,2025-09-05 05:15:00,0.667,止盈,双倍做多,2025-09-05 03:00:00,2025-09-05 05:15:00,135.0,40.0,40.0,1.334
688,做多,2025-09-05 00:30:00,2025-09-05 06:45:00,0.667,止盈,689,做多,2025-09-05 02:30:00,2025-09-05 06:15:00,0.667,止盈,双倍做多,2025-09-05 02:30:00,2025-09-05 06:15:00,225.0,40.0,40.0,1.334
688,做多,2025-09-05 00:30:00,2025-09-05 06:45:00,0.667,止盈,690,做多,2025-09-05 03:00:00,2025-09-05 05:15:00,0.667,止盈,双倍做多,2025-09-05 03:00:00,2025-09-05 05:15:00,135.0,40.0,40.0,1.334
689,做多,2025-09-05 02:30:00,2025-09-05 06:15:00,0.667,止盈,690,做多,2025-09-05 03:00:00,2025-09-05 05:15:00,0.667,止盈,双倍做多,2025-09-05 03:00:00,2025-09-05 05:15:00,135.0,40.0,40.0,1.334
701,做多,2025-09-15 17:00:00,2025-09-16 22:00:00,-1.667,止损,702,做多,2025-09-16 21:45:00,2025-09-17 01:15:00,0.667,止盈,双倍做多,2025-09-16 21:45:00,2025-09-16 22:00:00,15.0,-100.0,40.0,-1.0
705,做空,2025-09-18 09:45:00,2025-09-18 13:30:00,0.667,止盈,706,做空,2025-09-18 11:15:00,2025-09-18 12:30:00,0.667,止盈,双倍做空,2025-09-18 11:15:00,2025-09-18 12:30:00,75.0,40.0,40.0,1.334
736,做空,2025-10-11 03:45:00,2025-10-11 04:45:00,0.667,止盈,737,做空,2025-10-11 04:30:00,2025-10-11 04:45:00,0.667,止盈,双倍做空,2025-10-11 04:30:00,2025-10-11 04:45:00,15.0,40.0,40.0,1.334
744,做多,2025-10-11 23:45:00,2025-10-12 03:30:00,-1.667,止损,745,做多,2025-10-12 00:45:00,2025-10-12 03:30:00,-1.667,止损,双倍做多,2025-10-12 00:45:00,2025-10-12 03:30:00,165.0,-100.0,-100.0,-3.334
747,做空,2025-10-13 00:45:00,2025-10-13 08:15:00,-1.667,止损,748,做空,2025-10-13 01:15:00,2025-10-13 01:45:00,0.667,止盈,双倍做空,2025-10-13 01:15:00,2025-10-13 01:45:00,30.0,-100.0,40.0,-1.0
751,做空,2025-10-14 03:15:00,2025-10-14 09:00:00,0.667,止盈,752,做空,2025-10-14 05:00:00,2025-10-14 07:30:00,0.667,止盈,双倍做空,2025-10-14 05:00:00,2025-10-14 07:30:00,150.0,40.0,40.0,1.334
753,做多,2025-10-14 11:15:00,2025-10-14 13:45:00,-1.667,止损,754,做空,2025-10-14 13:00:00,2025-10-14 13:30:00,0.667,止盈,方向冲突,2025-10-14 13:00:00,2025-10-14 13:30:00,30.0,-100.0,40.0,-1.0
756,做多,2025-10-15 17:30:00,2025-10-15 20:00:00,-1.667,止损,757,做多,2025-10-15 18:30:00,2025-10-15 22:00:00,-1.667,止损,双倍做多,2025-10-15 18:30:00,2025-10-15 20:00:00,90.0,-100.0,-100.0,-3.334
763,做多,2025-10-17 00:00:00,2025-10-17 00:45:00,0.667,止盈,764,做多,2025-10-17 00:30:00,2025-10-17 00:45:00,0.667,止盈,双倍做多,2025-10-17 00:30:00,2025-10-17 00:45:00,15.0,40.0,40.0,1.334
769,做空,2025-10-18 02:30:00,2025-10-18 15:15:00,-1.667,止损,770,做空,2025-10-18 08:30:00,2025-10-18 15:15:00,-1.667,止损,双倍做空,2025-10-18 08:30:00,2025-10-18 15:15:00,405.0,-100.0,-100.0,-3.334
769,做空,2025-10-18 02:30:00,2025-10-18 15:15:00,-1.667,止损,771,做空,2025-10-18 09:30:00,2025-10-19 16:15:00,0.667,止盈,双倍做空,2025-10-18 09:30:00,2025-10-18 15:15:00,345.0,-100.0,40.0,-1.0
770,做空,2025-10-18 08:30:00,2025-10-18 15:15:00,-1.667,止损,771,做空,2025-10-18 09:30:00,2025-10-19 16:15:00,0.667,止盈,双倍做空,2025-10-18 09:30:00,2025-10-18 15:15:00,345.0,-100.0,40.0,-1.0
780,做多,2025-10-27 16:45:00,2025-10-28 00:00:00,0.667,止盈,781,做空,2025-10-27 23:15:00,2025-10-28 04:45:00,0.667,止盈,方向冲突,2025-10-27 23:15:00,2025-10-28 00:00:00,45.0,40.0,40.0,1.334
782,做多,2025-10-29 02:45:00,2025-10-29 04:00:00,-1.667,止损,783,做多,2025-10-29 03:30:00,2025-10-29 04:30:00,-1.667,止损,双倍做多,2025-10-29 03:30:00,2025-10-29 04:00:00,30.0,-100.0,-100.0,-3.334
796,做多,2025-11-04 16:15:00,2025-11-04 19:00:00,0.667,止盈,797,做多,2025-11-04 16:45:00,2025-11-04 19:15:00,0.667,止盈,双倍做多,2025-11-04 16:45:00,2025-11-04 19:00:00,135.0,40.0,40.0,1.334
801,做空,2025-11-05 11:45:00,2025-11-05 14:00:00,0.667,止盈,802,做空,2025-11-05 12:45:00,2025-11-05 15:15:00,0.667,止盈,双倍做空,2025-11-05 12:45:00,2025-11-05 14:00:00,75.0,40.0,40.0,1.334
803,做空,2025-11-05 19:15:00,2025-11-05 21:30:00,-1.667,止损,804,做空,2025-11-05 20:00:00,2025-11-05 23:30:00,-1.667,止损,双倍做空,2025-11-05 20:00:00,2025-11-05 21:30:00,90.0,-100.0,-100.0,-3.334
