trade_id,strategy,contain,direction,entry_time,entry_price,exit_time,exit_price,bars_held,price_change_%,contract_return_%,pnl_usdt,cum_pnl_usdt,trailing_activated,weak,highest,lowest,trail_price_at_exit,k1_open,k1_high,k1_low,k1_close,k2_open,k2_high,k2_low,k2_close
1,rule1,否,做多,2024-12-29 20:14,3402.50,2025-01-02 18:29,3474.68,376,2.121,297.00,2.9700,2.9700,是,是,3476.00,3305.00,,3406.41,3407.92,3397.84,3398.36,3398.37,3403.38,3395.00,3402.50
2,rule1,否,做空,2025-01-02 18:29,3471.17,2025-01-04 03:44,3504.68,132,-0.965,-135.15,-1.3515,1.6185,是,是,3630.00,3421.79,,3467.94,3472.97,3457.99,3458.99,3459.00,3476.00,3458.99,3471.17
3,rule1,否,做多,2025-01-04 05:14,3606.67,2025-01-06 10:44,3683.18,213,2.121,297.00,2.9700,4.5885,是,是,3684.03,3572.42,,3608.88,3611.20,3600.00,3600.57,3600.57,3611.42,3595.00,3606.67
4,rule1,否,做多,2025-01-06 11:14,3665.92,2025-01-07 00:44,3743.69,53,2.121,297.00,2.9700,7.5585,是,是,3744.83,3622.10,,3668.82,3672.68,3657.77,3658.46,3658.45,3669.93,3654.30,3665.92
5,rule1,否,做空,2025-01-07 08:44,3680.55,2025-01-07 22:59,3602.47,56,2.121,297.00,2.9700,10.5285,是,是,3700.86,3532.41,,3677.50,3688.33,3673.04,3687.46,3687.47,3693.67,3679.01,3680.55
6,rule1,否,做空,2025-01-08 00:44,3484.90,2025-01-08 03:44,3402.76,11,2.357,330.00,3.3000,13.8285,否,否,3484.91,3372.71,,3472.11,3485.59,3465.36,3480.01,3480.01,3491.70,3472.72,3484.90
7,rule1,否,做空,2025-01-08 05:29,3400.55,2025-01-08 14:44,3320.39,36,2.357,330.00,5.2800,19.1085,否,否,3415.10,3314.17,,3396.61,3408.99,3390.01,3407.89,3407.90,3414.04,3397.62,3400.55
8,rule1,否,做空,2025-01-08 18:44,3357.85,2025-01-09 01:14,3278.70,25,2.357,330.00,13.2000,32.3085,否,否,3386.36,3256.29,,3354.99,3373.32,3350.89,3372.93,3372.93,3373.37,3357.36,3357.85
9,rule1,否,做空,2025-01-09 03:14,3288.81,2025-01-09 21:59,3219.04,74,2.121,297.00,4.7520,37.0605,是,是,3357.27,3213.00,,3293.04,3293.43,3259.10,3282.83,3282.84,3309.61,3272.05,3288.81
10,rule1,否,做多,2025-01-09 22:14,3241.40,2025-01-09 23:59,3317.80,6,2.357,330.00,13.2000,50.2605,否,否,3337.00,3227.81,,3252.98,3256.92,3213.00,3221.04,3221.04,3248.00,3210.28,3241.40
11,rule1,否,做空,2025-01-10 02:29,3255.41,2025-01-10 04:14,3178.68,6,2.357,330.00,5.2800,55.5405,否,否,3270.35,3166.00,,3250.46,3263.15,3245.63,3260.66,3260.66,3263.50,3246.02,3255.41
12,rule1,否,做多,2025-01-10 08:29,3219.60,2025-01-10 15:44,3295.49,28,2.357,330.00,3.3000,58.8405,否,否,3310.91,3213.74,,3219.20,3233.79,3218.58,3227.21,3227.21,3232.37,3214.11,3219.60
13,rule1,否,做多,2025-01-10 18:44,3307.35,2025-01-13 17:44,3275.42,283,-0.965,-135.15,-1.3515,57.4890,是,是,3339.00,3124.18,,3306.65,3309.00,3299.54,3299.67,3299.67,3308.97,3297.84,3307.35
14,rule1,否,做多,2025-01-13 20:14,3070.40,2025-01-13 22:44,2954.16,9,-3.786,-530.00,-21.2000,36.2890,否,否,3091.38,2920.00,,3075.49,3085.50,3055.88,3057.16,3057.15,3085.54,3044.57,3070.40
15,rule1,否,做空,2025-01-13 22:59,3034.41,2025-01-14 10:29,3063.70,45,-0.965,-135.15,-5.4060,30.8830,是,是,3167.38,2986.40,,3047.23,3047.76,2920.00,3019.95,3019.96,3053.36,3009.61,3034.41
16,rule1,否,做空,2025-01-14 12:29,3162.62,2025-01-15 23:29,3193.15,139,-0.965,-135.15,-1.3515,29.5315,是,是,3352.94,3158.18,,3158.87,3166.94,3158.86,3166.94,3166.94,3170.86,3161.76,3162.62
17,rule1,否,做空,2025-01-15 23:44,3339.21,2025-01-16 04:29,3465.62,18,-3.786,-530.00,-8.4800,21.0515,否,否,3473.75,3323.91,,3335.00,3352.94,3330.01,3349.12,3349.11,3353.82,3336.25,3339.21
18,rule1,否,做空,2025-01-16 14:44,3377.54,2025-01-16 22:44,3297.93,31,2.357,330.00,3.3000,24.3515,否,否,3391.50,3287.43,,3373.33,3382.80,3369.00,3382.00,3382.00,3388.44,3377.00,3377.54
19,rule1,否,做空,2025-01-17 00:44,3336.57,2025-01-18 04:29,3368.78,110,-0.965,-135.15,-1.3515,23.0000,是,是,3494.00,3269.00,,3340.74,3352.81,3332.80,3350.49,3350.49,3355.43,3333.87,3336.57
20,rule1,否,做多,2025-01-18 12:59,3365.69,2025-01-18 18:14,3238.27,20,-3.786,-530.00,-5.3000,17.7000,否,否,3371.07,3235.34,,3363.02,3378.29,3358.50,3372.57,3372.57,3373.06,3352.68,3365.69
21,rule1,否,做多,2025-01-19 01:14,3278.05,2025-01-19 09:14,3355.32,31,2.357,330.00,13.2000,30.9000,否,否,3365.93,3250.00,,3276.49,3285.23,3253.89,3253.89,3253.90,3278.05,3253.46,3278.05
22,rule1,否,做多,2025-01-19 13:29,3278.48,2025-01-19 17:29,3154.37,15,-3.786,-530.00,-21.2000,9.7000,否,否,3301.13,3143.02,,3283.51,3288.99,3262.72,3262.96,3263.00,3281.81,3259.90,3278.48
23,rule1,否,做多,2025-01-19 22:44,3369.38,2025-01-20 02:14,3448.80,13,2.357,330.00,5.2800,14.9800,否,否,3448.99,3353.17,,3365.81,3389.28,3324.00,3352.01,3352.00,3369.44,3303.98,3369.38
24,rule1,否,做多,2025-01-20 03:29,3427.84,2025-01-20 05:29,3298.07,7,-3.786,-530.00,-5.3000,9.6800,否,否,3431.82,3208.00,,3432.73,3432.74,3420.31,3422.95,3422.96,3432.76,3419.37,3427.84
25,rule1,否,做多,2025-01-20 06:14,3259.31,2025-01-20 14:44,3336.14,33,2.357,330.00,13.2000,22.8800,否,否,3353.50,3142.78,,3254.09,3272.99,3213.78,3233.00,3233.00,3261.15,3156.70,3259.31
26,rule1,否,做空,2025-01-20 18:14,3369.61,2025-01-20 20:29,3290.18,8,2.357,330.00,3.3000,26.1800,否,否,3391.16,3257.20,,3371.50,3375.64,3354.60,3364.00,3364.01,3378.80,3358.64,3369.61
27,rule1,否,做空,2025-01-20 21:14,3312.55,2025-01-21 01:44,3234.47,17,2.357,330.00,5.2800,31.4600,否,否,3390.68,3205.42,,3288.81,3313.79,3288.50,3304.02,3304.02,3321.80,3295.17,3312.55
28,rule1,否,做多,2025-01-21 04:29,3324.60,2025-01-24 13:59,3395.13,325,2.121,297.00,4.7520,36.2120,是,是,3409.99,3185.00,,3343.49,3344.50,3324.01,3330.92,3330.95,3336.29,3314.00,3324.60
29,rule1,否,做空,2025-01-24 22:59,3399.66,2025-01-25 07:14,3319.53,32,2.357,330.00,13.2000,49.4120,否,否,3409.73,3304.11,,3400.77,3422.01,3378.56,3418.95,3418.95,3422.70,3395.33,3399.66
30,rule1,否,做多,2025-01-25 10:14,3301.54,2025-01-27 12:29,3269.67,200,-0.965,-135.15,-1.3515,48.0605,是,是,3362.00,3155.15,,3302.58,3302.58,3292.14,3294.54,3294.54,3302.12,3289.33,3301.54
31,rule1,否,做多,2025-01-27 16:14,3067.01,2025-01-27 22:59,3139.30,26,2.357,330.00,3.3000,51.3605,否,否,3146.61,3034.48,,3077.70,3083.80,3065.00,3070.80,3070.80,3072.55,3052.00,3067.01
32,rule1,否,做多,2025-01-27 23:29,3139.98,2025-01-28 05:29,3213.99,23,2.357,330.00,5.2800,56.6405,否,否,3239.00,3046.68,,3137.51,3142.58,3125.00,3128.07,3128.06,3144.24,3112.00,3139.98
33,rule1,否,做空,2025-01-28 22:44,3162.78,2025-01-29 05:44,3088.23,27,2.357,330.00,5.2800,61.9205,否,否,3214.38,3066.00,,3161.49,3174.66,3158.38,3171.83,3171.84,3180.50,3160.00,3162.78
34,rule1,否,做多,2025-01-29 06:14,3070.17,2025-01-29 14:29,3142.54,32,2.357,330.00,13.2000,75.1205,否,否,3146.00,3053.84,,3072.25,3081.84,3052.15,3053.51,3053.50,3070.25,3040.03,3070.17
35,rule1,否,做空,2025-01-29 17:59,3130.32,2025-01-30 03:29,3056.53,37,2.357,330.00,5.2800,80.4005,是,是,3144.00,3054.06,,3126.01,3135.78,3126.01,3135.77,3135.78,3136.48,3128.50,3130.32
36,rule1,否,做多,2025-01-30 06:29,3141.74,2025-01-30 16:59,3208.39,41,2.121,297.00,2.9700,83.3705,是,否,3215.73,3091.06,,3140.60,3142.80,3124.84,3133.37,3133.36,3144.43,3124.50,3141.74
37,rule1,否,做空,2025-01-30 19:14,3215.01,2025-01-31 23:44,3246.05,113,-0.965,-135.15,-1.3515,82.0190,是,是,3412.00,3209.24,,3210.55,3219.69,3210.07,3219.69,3219.69,3220.94,3215.00,3215.01
38,rule1,否,做空,2025-02-01 00:14,3412.42,2025-02-01 02:44,3331.98,9,2.357,330.00,13.2000,95.2190,否,否,3417.56,3294.97,,3400.99,3436.34,3398.51,3427.66,3427.65,3437.31,3410.20,3412.42
39,rule1,否,做空,2025-02-01 04:44,3318.87,2025-02-01 16:44,3248.46,47,2.121,297.00,2.9700,98.1890,是,是,3332.79,3246.10,,3321.97,3325.22,3285.68,3312.32,3312.33,3326.78,3306.03,3318.87
40,rule1,否,做多,2025-02-01 18:29,3247.22,2025-02-02 11:29,3215.87,67,-0.965,-135.15,-1.3515,96.8375,是,是,3273.15,3071.05,,3236.19,3248.30,3235.62,3243.10,3243.10,3248.66,3232.90,3247.22
41,rule1,否,做多,2025-02-02 11:59,3077.97,2025-02-03 02:44,3048.26,58,-0.965,-135.15,-1.3515,95.4860,是,是,3139.00,2917.24,,3078.81,3095.67,3071.30,3085.75,3085.78,3095.00,3069.36,3077.97
42,rule1,否,做空,2025-02-03 04:29,2969.37,2025-02-03 05:44,2899.38,4,2.357,330.00,13.2000,108.6860,否,否,2973.23,2896.40,,2958.91,2982.98,2952.50,2981.49,2981.48,2987.68,2966.30,2969.37
43,rule1,否,做多,2025-02-03 06:29,2907.65,2025-02-03 06:44,2797.57,0,-3.786,-530.00,-21.2000,87.4860,否,否,2907.65,2750.71,,2907.90,2937.17,2906.08,2927.76,2927.77,2935.44,2899.45,2907.65
44,rule1,否,做多,2025-02-03 07:14,2838.31,2025-02-03 09:59,2730.86,10,-3.786,-530.00,-21.2000,66.2860,否,否,2872.75,2400.00,,2843.09,2883.86,2820.02,2875.46,2875.46,2875.46,2801.53,2838.31
45,rule1,否,做多,2025-02-03 13:14,2465.33,2025-02-03 14:29,2523.44,4,2.357,330.00,13.2000,79.4860,否,否,2530.17,2464.32,,2473.81,2485.71,2448.97,2452.65,2452.65,2477.00,2447.25,2465.33
46,rule1,否,做空,2025-02-03 14:44,2511.10,2025-02-03 15:59,2606.16,4,-3.786,-530.00,-21.2000,58.2860,否,否,2632.80,2508.02,,2501.91,2530.17,2492.25,2522.51,2522.50,2537.62,2508.76,2511.10
47,rule1,否,做多,2025-02-03 16:14,2600.00,2025-02-03 23:29,2661.29,28,2.357,330.00,13.2000,71.4860,否,否,2700.98,2526.16,,2586.89,2632.80,2583.77,2622.35,2622.35,2622.51,2583.44,2600.00
48,rule1,否,做空,2025-02-04 03:29,2735.78,2025-02-04 06:14,2839.35,10,-3.786,-530.00,-8.4800,63.0060,否,否,2883.76,2695.61,,2732.70,2748.00,2728.30,2745.30,2745.30,2763.62,2734.67,2735.78
49,rule1,否,做空,2025-02-04 07:14,2883.41,2025-02-04 10:59,2815.44,14,2.357,330.00,13.2000,76.2060,否,否,2894.00,2800.99,,2884.82,2886.19,2853.52,2870.00,2870.00,2889.95,2861.18,2883.41
50,rule1,否,做多,2025-02-04 11:44,2806.15,2025-02-04 13:29,2699.92,6,-3.786,-530.00,-21.2000,55.0060,否,否,2836.68,2663.21,,2812.00,2813.80,2797.20,2798.18,2798.18,2808.89,2792.22,2806.15
51,rule1,否,做多,2025-02-04 13:59,2691.07,2025-02-04 18:44,2754.50,18,2.357,330.00,13.2000,68.2060,否,否,2755.65,2677.00,,2700.50,2708.86,2664.40,2677.58,2677.50,2712.65,2664.24,2691.07
52,rule1,否,做多,2025-02-04 20:59,2804.99,2025-02-05 05:14,2714.73,32,-3.218,-450.50,-7.2080,60.9980,是,是,2869.39,2687.50,,2788.33,2821.00,2788.33,2797.17,2797.16,2819.32,2787.28,2804.99
53,rule1,否,做多,2025-02-05 06:14,2651.23,2025-02-05 07:14,2713.72,3,2.357,330.00,13.2000,74.1980,否,否,2734.60,2648.06,,2660.10,2682.48,2637.20,2639.59,2639.58,2653.20,2632.60,2651.23
54,rule1,否,做空,2025-02-05 07:44,2722.00,2025-02-07 06:14,2664.25,185,2.121,297.00,11.8800,86.0780,是,是,2857.64,2655.28,,2721.69,2724.00,2701.86,2706.54,2706.53,2724.39,2703.00,2722.00
55,rule1,否,做多,2025-02-07 07:14,2688.28,2025-02-07 18:14,2745.31,43,2.121,297.00,4.7520,90.8300,是,是,2746.47,2666.80,,2690.68,2702.30,2687.88,2700.50,2700.50,2702.48,2687.20,2688.28
56,rule1,否,做空,2025-02-07 21:59,2776.01,2025-02-08 00:14,2710.58,8,2.357,330.00,13.2000,104.0300,否,否,2797.50,2695.97,,2741.65,2776.91,2723.68,2762.91,2762.89,2780.00,2757.64,2776.01
57,rule1,否,做多,2025-02-08 05:29,2594.34,2025-02-08 08:29,2655.49,11,2.357,330.00,13.2000,117.2300,否,否,2667.30,2562.51,,2587.66,2610.30,2586.43,2603.25,2603.26,2608.05,2585.54,2594.34
58,rule1,否,做空,2025-02-08 14:29,2629.17,2025-02-10 05:44,2573.39,156,2.121,297.00,2.9700,120.2000,是,是,2698.90,2560.01,,2620.20,2630.50,2617.00,2625.88,2625.88,2632.00,2621.60,2629.17
59,rule1,否,做空,2025-02-10 06:14,2565.19,2025-02-11 08:44,2589.95,105,-0.965,-135.15,-2.1624,118.0376,是,是,2725.04,2555.40,,2563.09,2567.20,2520.02,2552.38,2552.38,2572.37,2527.20,2565.19
60,rule1,否,做多,2025-02-11 20:44,2689.43,2025-02-12 03:44,2587.62,27,-3.786,-530.00,-8.4800,109.5576,否,否,2694.42,2580.00,,2693.58,2693.58,2680.70,2684.83,2684.83,2689.82,2680.00,2689.43
61,rule1,否,做多,2025-02-12 04:59,2598.44,2025-02-12 21:29,2653.56,65,2.121,297.00,4.7520,114.3096,是,是,2665.16,2558.24,,2600.00,2612.25,2591.79,2591.85,2591.85,2600.84,2585.51,2598.44
62,rule1,否,做空,2025-02-12 23:29,2598.10,2025-02-13 06:29,2696.46,27,-3.786,-530.00,-21.2000,93.1096,否,否,2772.11,2583.18,,2599.42,2605.00,2569.29,2581.96,2581.95,2615.28,2576.50,2598.10
63,rule1,否,做多,2025-02-13 13:14,2715.96,2025-02-15 01:59,2773.58,146,2.121,297.00,4.7520,97.8616,是,是,2791.00,2612.76,,2730.70,2732.50,2713.70,2721.44,2721.43,2722.75,2703.97,2715.96
64,rule1,否,做多,2025-02-15 06:59,2718.00,2025-02-17 20:44,2775.66,246,2.121,297.00,11.8800,109.7416,是,是,2779.00,2637.71,,2739.29,2739.29,2712.49,2725.59,2725.59,2725.59,2707.40,2718.00
65,rule1,否,做空,2025-02-17 23:14,2816.22,2025-02-17 23:59,2749.84,2,2.357,330.00,13.2000,122.9416,否,否,2823.80,2746.10,,2808.71,2828.70,2807.13,2826.60,2826.59,2849.70,2815.00,2816.22
66,rule1,否,做多,2025-02-18 00:44,2736.65,2025-02-19 01:44,2710.23,99,-0.965,-135.15,-5.4060,117.5356,是,是,2778.15,2611.40,,2745.39,2753.51,2726.37,2727.91,2727.90,2740.94,2723.76,2736.65
67,rule1,否,做空,2025-02-19 02:59,2631.72,2025-02-21 17:29,2657.13,249,-0.965,-135.15,-2.1624,115.3732,是,是,2831.71,2613.79,,2633.17,2633.17,2619.21,2622.50,2622.50,2644.62,2619.45,2631.72
68,rule1,否,做多,2025-02-21 19:29,2799.81,2025-02-21 23:44,2693.82,16,-3.786,-530.00,-8.4800,106.8932,否,否,2845.32,2675.02,,2801.01,2805.99,2789.39,2789.40,2789.39,2804.30,2786.00,2799.81
69,rule1,否,做多,2025-02-22 06:44,2645.77,2025-02-22 17:14,2701.90,41,2.121,297.00,11.8800,118.7732,是,否,2711.00,2635.00,,2638.00,2663.57,2637.40,2657.32,2657.33,2659.89,2634.07,2645.77
70,rule1,否,做多,2025-02-22 18:44,2738.75,2025-02-23 14:44,2796.85,79,2.121,297.00,2.9700,121.7432,是,是,2798.07,2722.15,,2738.98,2753.59,2735.71,2745.63,2745.61,2747.28,2733.09,2738.75
71,rule1,否,做多,2025-02-23 19:59,2797.48,2025-02-24 07:29,2856.83,45,2.121,297.00,2.9700,124.7132,是,是,2857.34,2773.48,,2797.69,2800.91,2789.27,2791.20,2791.20,2799.79,2783.20,2797.48
72,rule1,否,做空,2025-02-24 07:29,2817.49,2025-02-24 11:29,2751.08,15,2.357,330.00,13.2000,137.9132,否,否,2839.95,2733.52,,2803.53,2839.21,2802.53,2839.05,2839.05,2857.34,2815.54,2817.49
73,rule1,否,做多,2025-02-24 17:14,2692.28,2025-02-25 06:14,2666.29,51,-0.965,-135.15,-2.1624,135.7508,是,是,2712.50,2534.25,,2690.56,2693.80,2680.74,2681.60,2681.60,2694.00,2680.41,2692.28
74,rule1,否,做空,2025-02-25 07:29,2515.63,2025-02-25 15:14,2456.33,30,2.357,330.00,13.2000,148.9508,否,否,2533.33,2408.70,,2508.21,2545.77,2470.33,2537.00,2537.01,2547.57,2512.44,2515.63
75,rule1,否,做空,2025-02-25 16:44,2412.49,2025-02-26 04:29,2435.78,46,-0.965,-135.15,-5.4060,143.5448,是,是,2508.23,2357.05,,2388.79,2413.44,2387.12,2403.00,2403.00,2417.33,2400.71,2412.49
76,rule1,否,做多,2025-02-26 10:14,2483.29,2025-02-27 01:59,2459.32,62,-0.965,-135.15,-1.3515,142.1933,是,是,2507.50,2355.50,,2480.80,2492.06,2480.33,2486.34,2486.34,2488.34,2476.85,2483.29
77,rule1,否,做多,2025-02-27 03:44,2299.40,2025-02-27 05:29,2353.60,6,2.357,330.00,13.2000,155.3933,否,否,2354.96,2253.77,,2312.23,2318.70,2277.93,2279.81,2279.80,2301.99,2276.78,2299.40
78,rule1,否,做多,2025-02-27 07:59,2336.37,2025-02-28 05:14,2313.82,84,-0.965,-135.15,-1.3515,154.0418,是,是,2381.60,2230.57,,2336.50,2339.60,2327.40,2330.36,2330.36,2338.20,2324.97,2336.37
79,rule1,否,做多,2025-02-28 05:14,2250.32,2025-02-28 07:44,2303.36,9,2.357,330.00,5.2800,159.3218,否,否,2311.52,2249.84,,2266.20,2269.50,2240.94,2256.45,2256.44,2261.13,2230.57,2250.32
80,rule1,否,做空,2025-02-28 08:14,2303.39,2025-02-28 09:44,2249.10,5,2.357,330.00,3.3000,162.6218,否,否,2312.25,2182.39,,2302.21,2309.27,2302.00,2307.72,2307.72,2314.18,2303.00,2303.39
81,rule1,否,做多,2025-02-28 10:14,2215.81,2025-02-28 10:44,2131.93,1,-3.786,-530.00,-21.2000,141.4218,否,否,2217.83,2129.07,,2220.71,2229.60,2187.02,2193.56,2193.60,2226.21,2175.37,2215.81
82,rule1,否,做空,2025-02-28 12:59,2136.71,2025-02-28 14:59,2086.34,7,2.357,330.00,13.2000,154.6218,否,否,2142.95,2076.26,,2131.77,2144.70,2099.36,2144.11,2144.11,2156.00,2133.32,2136.71
83,rule1,否,做空,2025-02-28 15:29,2114.50,2025-02-28 23:14,2194.55,30,-3.786,-530.00,-21.2000,133.4218,否,否,2203.34,2076.26,,2109.14,2130.40,2107.34,2121.09,2121.10,2135.60,2110.50,2114.50
84,rule1,否,做多,2025-03-01 02:29,2210.08,2025-03-01 09:59,2262.17,29,2.357,330.00,5.2800,138.7018,否,否,2263.70,2198.51,,2209.36,2218.64,2208.08,2217.13,2217.13,2225.59,2193.40,2210.08
85,rule1,否,做多,2025-03-01 10:59,2256.19,2025-03-01 21:29,2234.41,41,-0.965,-135.15,-1.3515,137.3503,是,是,2281.14,2142.73,,2260.09,2275.61,2255.44,2266.51,2266.45,2266.45,2254.52,2256.19
86,rule1,否,做空,2025-03-02 08:14,2212.45,2025-03-03 00:44,2233.81,65,-0.965,-135.15,-2.1624,135.1879,是,是,2500.00,2172.04,,2207.70,2219.95,2207.70,2217.39,2217.40,2221.30,2212.10,2212.45
87,rule1,否,做多,2025-03-03 01:59,2480.49,2025-03-03 05:44,2538.96,14,2.357,330.00,13.2000,148.3879,否,否,2540.86,2454.02,,2462.66,2510.82,2456.78,2507.23,2507.15,2507.66,2452.71,2480.49
88,rule1,否,做多,2025-03-03 08:44,2479.80,2025-03-03 14:44,2385.92,23,-3.786,-530.00,-5.3000,143.0879,否,否,2484.75,2380.50,,2482.03,2493.25,2477.22,2488.23,2488.29,2493.26,2472.88,2479.80
89,rule1,否,做多,2025-03-03 20:29,2358.82,2025-03-03 22:59,2269.52,9,-3.786,-530.00,-8.4800,134.6079,否,否,2389.00,2266.97,,2356.15,2376.78,2353.37,2364.44,2364.44,2366.04,2352.26,2358.82
90,rule1,否,做空,2025-03-04 00:29,2286.68,2025-03-04 02:29,2232.78,7,2.357,330.00,13.2000,147.8079,否,否,2297.00,2203.58,,2287.30,2294.12,2258.00,2273.62,2273.63,2296.63,2266.99,2286.68
91,rule1,否,做空,2025-03-04 04:59,2129.16,2025-03-04 09:44,2078.97,18,2.357,330.00,13.2000,161.0079,否,否,2173.29,2036.66,,2122.79,2132.31,2097.91,2104.92,2104.91,2132.47,2104.81,2129.16
92,rule1,否,做多,2025-03-04 10:14,2053.84,2025-03-04 13:14,2102.25,11,2.357,330.00,3.3000,164.3079,否,否,2122.12,2025.80,,2051.41,2075.20,2025.65,2056.46,2056.49,2070.13,2002.81,2053.84
93,rule1,否,做多,2025-03-04 14:29,2106.83,2025-03-04 22:44,2156.49,32,2.357,330.00,5.2800,169.5879,是,是,2158.32,2041.00,,2106.94,2111.87,2097.79,2099.08,2099.08,2109.00,2093.25,2106.83
94,rule1,否,做空,2025-03-04 23:44,2074.09,2025-03-05 00:29,2025.20,2,2.357,330.00,13.2000,182.7879,否,否,2084.67,2016.49,,2070.86,2075.52,2025.62,2053.82,2053.81,2083.00,2048.37,2074.09
95,rule1,否,做空,2025-03-05 02:29,2124.22,2025-03-05 05:29,2204.64,11,-3.786,-530.00,-21.2000,161.5879,否,否,2221.88,2117.90,,2118.90,2143.59,2109.75,2142.80,2142.80,2145.16,2120.62,2124.22
96,rule1,否,做多,2025-03-05 06:14,2173.20,2025-03-05 16:29,2224.43,40,2.357,330.00,5.2800,166.8679,是,是,2226.50,2155.03,,2186.47,2188.41,2173.20,2177.89,2177.89,2184.93,2170.00,2173.20
97,rule1,否,做多,2025-03-05 16:44,2216.80,2025-03-05 18:44,2269.05,7,2.357,330.00,3.3000,170.1679,否,否,2273.51,2212.00,,2217.50,2226.50,2211.40,2212.56,2212.57,2218.60,2210.51,2216.80
98,rule1,否,做多,2025-03-05 21:29,2212.59,2025-03-06 09:44,2259.53,48,2.121,297.00,11.8800,182.0479,是,是,2261.22,2161.78,,2217.99,2224.00,2206.60,2206.60,2206.61,2216.96,2201.31,2212.59
99,rule1,否,做空,2025-03-06 10:29,2270.30,2025-03-06 22:44,2222.14,48,2.121,297.00,11.8800,193.9279,是,是,2319.99,2208.60,,2263.49,2280.27,2261.30,2277.64,2277.64,2282.00,2266.70,2270.30
100,rule1,否,做空,2025-03-06 23:44,2266.77,2025-03-07 01:14,2213.34,5,2.357,330.00,5.2800,199.2079,否,否,2268.82,2203.14,,2248.37,2269.83,2247.50,2258.52,2258.52,2275.50,2252.26,2266.77
101,rule1,否,做空,2025-03-07 06:59,2211.39,2025-03-07 08:29,2159.26,5,2.357,330.00,13.2000,212.4079,否,否,2227.39,2114.79,,2207.49,2220.91,2195.62,2218.60,2218.60,2222.99,2210.55,2211.39
102,rule1,否,做多,2025-03-07 08:59,2117.71,2025-03-07 09:29,2167.63,1,2.357,330.00,3.3000,215.7079,否,否,2182.10,2109.35,,2127.70,2139.37,2110.14,2121.46,2121.46,2124.00,2101.82,2117.71
103,rule1,否,做多,2025-03-07 10:44,2174.30,2025-03-07 21:44,2220.43,43,2.121,297.00,11.8800,227.5879,是,是,2224.86,2144.59,,2176.38,2180.00,2161.81,2163.49,2163.50,2181.59,2159.44,2174.30
104,rule1,否,做多,2025-03-07 21:59,2188.53,2025-03-07 22:59,2240.12,3,2.357,330.00,13.2000,240.7879,否,否,2258.47,2177.00,,2192.19,2224.86,2185.96,2213.01,2213.00,2216.10,2180.73,2188.53
105,rule1,否,做空,2025-03-07 23:59,2209.68,2025-03-08 00:29,2157.59,1,2.357,330.00,13.2000,253.9879,否,否,2215.49,2156.31,,2210.49,2210.49,2180.95,2199.61,2199.61,2224.22,2193.53,2209.68
106,rule1,否,做多,2025-03-08 01:29,2158.41,2025-03-09 01:29,2204.20,95,2.121,297.00,2.9700,256.9579,是,是,2219.67,2105.06,,2158.42,2165.32,2145.85,2153.49,2153.50,2160.70,2141.53,2158.41
107,rule1,否,做多,2025-03-09 14:29,2179.40,2025-03-10 00:59,2158.36,41,-0.965,-135.15,-2.1624,254.7955,是,是,2189.44,2041.99,,2182.89,2182.89,2173.21,2174.84,2174.85,2179.99,2171.84,2179.40
108,rule1,否,做多,2025-03-10 02:44,2019.01,2025-03-10 10:44,2066.60,31,2.357,330.00,5.2800,260.0755,否,否,2071.00,1989.66,,2021.49,2033.39,2007.15,2027.64,2027.63,2039.20,2006.10,2019.01
109,rule1,否,做空,2025-03-10 10:44,2061.18,2025-03-10 17:29,2139.21,26,-3.786,-530.00,-5.3000,254.7755,否,否,2152.40,2044.29,,2048.51,2065.74,2048.40,2053.69,2053.69,2071.00,2050.90,2061.18
110,rule1,否,做多,2025-03-10 22:59,2018.96,2025-03-11 01:14,1942.53,8,-3.786,-530.00,-21.2000,233.5755,否,否,2043.79,1930.00,,2021.11,2029.22,2003.11,2004.03,2004.03,2021.73,1997.00,2018.96
111,rule1,否,做多,2025-03-11 02:29,1911.83,2025-03-11 02:59,1839.45,1,-3.786,-530.00,-21.2000,212.3755,否,否,1918.28,1812.76,,1917.48,1939.12,1909.41,1931.68,1931.67,1935.48,1902.00,1911.83
112,rule1,否,做多,2025-03-11 04:59,1869.18,2025-03-11 08:59,1798.42,15,-3.786,-530.00,-21.2000,191.1755,否,否,1903.99,1754.28,,1871.25,1875.42,1851.38,1854.73,1854.73,1881.97,1843.23,1869.18
113,rule1,否,做空,2025-03-11 09:29,1809.72,2025-03-11 11:14,1878.23,6,-3.786,-530.00,-21.2000,169.9755,否,否,1881.52,1809.19,,1813.96,1816.10,1774.13,1794.06,1794.05,1818.62,1787.49,1809.72
114,rule1,否,做空,2025-03-11 13:59,1893.60,2025-03-11 22:44,1848.97,34,2.357,330.00,5.2800,175.2555,是,是,1962.98,1840.53,,1893.27,1894.95,1883.39,1887.01,1887.01,1898.02,1884.91,1893.60
115,rule1,否,做空,2025-03-11 22:59,1866.89,2025-03-12 02:14,1937.57,12,-3.786,-530.00,-21.2000,154.0555,否,否,1945.58,1864.27,,1872.08,1884.96,1840.53,1853.34,1853.32,1887.00,1843.06,1866.89
116,rule1,否,做多,2025-03-12 12:29,1856.30,2025-03-12 15:14,1900.06,10,2.357,330.00,3.3000,157.3555,否,否,1904.61,1852.30,,1868.89,1868.90,1855.70,1863.45,1863.46,1864.20,1854.36,1856.30
117,rule1,否,做多,2025-03-12 16:29,1914.93,2025-03-12 23:14,1842.44,26,-3.786,-530.00,-21.2000,136.1555,否,否,1960.00,1829.72,,1911.26,1926.86,1908.83,1925.77,1925.77,1927.80,1871.11,1914.93
118,rule1,否,做多,2025-03-13 02:14,1875.42,2025-03-13 20:44,1915.21,73,2.121,297.00,4.7520,140.9075,是,是,1923.09,1853.90,,1875.60,1882.96,1865.60,1867.81,1867.82,1878.39,1865.19,1875.42
119,rule1,否,做多,2025-03-13 23:29,1880.59,2025-03-14 22:44,1920.49,92,2.121,297.00,4.7520,145.6595,是,是,1924.22,1821.81,,1884.56,1889.55,1871.64,1875.69,1875.73,1884.07,1870.31,1880.59
120,rule1,否,做空,2025-03-15 01:14,1933.73,2025-03-16 19:14,1892.71,167,2.121,297.00,2.9700,148.6295,是,是,1957.19,1887.75,,1931.89,1937.56,1927.90,1936.44,1936.43,1939.99,1932.13,1933.73
121,rule1,否,做多,2025-03-16 19:44,1871.19,2025-03-17 00:14,1915.30,17,2.357,330.00,13.2000,161.8295,否,否,1924.11,1866.90,,1893.72,1893.72,1870.20,1881.17,1881.17,1881.17,1868.58,1871.19
122,rule1,否,做多,2025-03-17 01:29,1907.57,2025-03-18 02:44,1948.04,100,2.121,297.00,4.7520,166.5815,是,是,1950.98,1860.38,,1906.38,1916.47,1905.92,1914.39,1914.40,1916.44,1905.80,1907.57
123,rule1,否,做多,2025-03-18 07:44,1929.98,2025-03-19 18:44,1970.92,139,2.121,297.00,2.9700,169.5515,是,是,1990.29,1872.31,,1928.42,1930.50,1923.93,1924.16,1924.17,1930.41,1922.20,1929.98
124,rule1,否,做空,2025-03-19 22:59,2030.87,2025-03-20 18:14,1987.79,76,2.121,297.00,2.9700,172.5215,是,是,2069.90,1987.60,,2023.41,2030.90,2018.40,2028.28,2028.29,2033.45,2026.26,2030.87
125,rule1,否,做空,2025-03-20 18:59,1982.53,2025-03-21 20:44,1940.47,102,2.121,297.00,2.9700,175.4915,是,是,2010.66,1938.33,,1980.58,1985.60,1977.68,1984.90,1984.91,1988.13,1982.53,1982.53
126,rule1,否,做空,2025-03-21 22:29,1951.01,2025-03-24 14:14,1969.84,254,-0.965,-135.15,-2.1624,173.3291,是,是,2075.94,1943.96,,1952.53,1953.23,1938.64,1943.62,1943.61,1954.39,1941.79,1951.01
127,rule1,否,做空,2025-03-24 18:14,2088.89,2025-03-25 11:44,2044.58,69,2.121,297.00,4.7520,178.0811,是,是,2104.11,2043.21,,2087.54,2095.00,2084.74,2094.30,2094.30,2098.29,2088.88,2088.89
128,rule1,否,做空,2025-03-26 00:14,2073.28,2025-03-26 21:59,2029.30,86,2.121,297.00,2.9700,181.0511,是,是,2083.52,2026.98,,2073.57,2074.70,2065.18,2067.67,2067.67,2075.19,2066.00,2073.28
129,rule1,否,做多,2025-03-27 03:29,1990.04,2025-03-27 10:59,2036.95,29,2.357,330.00,13.2000,194.2511,否,否,2037.38,1990.04,,1994.68,1998.35,1982.90,1984.89,1984.88,1994.57,1981.60,1990.04
130,rule1,否,做空,2025-03-28 07:44,2001.71,2025-03-28 12:44,1954.53,19,2.357,330.00,3.3000,197.5511,否,否,2015.93,1900.00,,2000.61,2006.75,2000.60,2006.57,2006.58,2008.70,2001.70,2001.71
131,rule1,否,做空,2025-03-28 22:59,1887.94,2025-03-29 19:29,1847.89,81,2.121,297.00,2.9700,200.5211,是,是,1913.60,1834.34,,1888.67,1893.81,1883.49,1893.08,1893.07,1894.45,1886.49,1887.94
132,rule1,否,做多,2025-03-29 19:44,1835.46,2025-04-01 16:29,1874.40,274,2.121,297.00,11.8800,212.4011,是,是,1885.00,1767.69,,1874.52,1874.87,1834.34,1851.23,1851.23,1851.70,1833.60,1835.46
133,rule1,否,做多,2025-04-02 00:59,1915.80,2025-04-03 04:29,1956.44,109,2.121,297.00,2.9700,215.3711,是,是,1957.00,1852.00,,1913.72,1918.47,1908.31,1909.12,1909.13,1917.19,1907.53,1915.80
134,rule1,否,做多,2025-04-03 04:29,1898.68,2025-04-03 06:29,1826.80,7,-3.786,-530.00,-21.2000,194.1711,否,否,1904.93,1816.74,,1911.45,1944.71,1882.27,1933.81,1933.74,1957.00,1876.21,1898.68
135,rule1,否,做多,2025-04-03 11:14,1823.05,2025-04-07 00:59,1805.45,342,-0.965,-135.15,-2.1624,192.0087,是,是,1845.26,1717.11,,1823.33,1832.64,1822.90,1830.25,1830.26,1830.70,1822.26,1823.05
136,rule1,否,做空,2025-04-07 04:14,1619.78,2025-04-07 04:44,1581.60,1,2.357,330.00,5.2800,197.2887,否,否,1624.75,1555.00,,1620.99,1629.95,1612.14,1626.24,1626.24,1631.18,1618.69,1619.78
137,rule1,否,做空,2025-04-07 05:14,1587.84,2025-04-07 07:29,1550.41,8,2.357,330.00,13.2000,210.4887,否,否,1608.33,1537.50,,1590.15,1590.73,1570.63,1574.65,1574.66,1590.85,1571.04,1587.84
138,rule1,否,做多,2025-04-07 08:59,1572.90,2025-04-07 09:29,1609.98,1,2.357,330.00,13.2000,223.6887,否,否,1614.20,1570.70,,1579.91,1581.41,1562.48,1565.32,1565.32,1574.95,1552.88,1572.90
139,rule1,否,做多,2025-04-07 12:44,1538.33,2025-04-07 14:44,1480.09,7,-3.786,-530.00,-21.2000,202.4887,否,否,1561.41,1461.77,,1543.94,1559.13,1538.04,1553.41,1553.42,1556.00,1536.18,1538.33
140,rule1,否,做空,2025-04-07 16:14,1466.63,2025-04-07 20:44,1522.15,17,-3.786,-530.00,-8.4800,194.0087,否,否,1524.41,1464.65,,1467.13,1468.88,1454.22,1460.15,1460.15,1475.30,1455.63,1466.63
141,rule1,否,做多,2025-04-07 20:59,1521.03,2025-04-07 21:59,1556.88,3,2.357,330.00,13.2000,207.2087,否,否,1558.34,1487.19,,1517.50,1524.41,1504.27,1506.38,1506.37,1526.98,1498.00,1521.03
142,rule1,否,做空,2025-04-07 22:29,1558.30,2025-04-08 10:14,1573.34,46,-0.965,-135.15,-5.4060,201.8027,是,是,1618.67,1526.00,,1550.46,1599.96,1539.19,1588.21,1588.15,1639.00,1549.32,1558.30
143,rule1,否,做多,2025-04-08 11:29,1590.12,2025-04-09 00:44,1574.77,52,-0.965,-135.15,-1.3515,200.4512,是,是,1602.27,1489.00,,1589.70,1593.00,1583.20,1586.09,1586.10,1590.50,1581.66,1590.12
144,rule1,否,做空,2025-04-09 02:29,1482.55,2025-04-09 06:29,1447.60,15,2.357,330.00,5.2800,205.7312,否,否,1500.58,1441.30,,1481.05,1488.40,1471.81,1474.20,1474.21,1491.22,1473.78,1482.55
145,rule1,否,做多,2025-04-09 11:14,1423.44,2025-04-09 13:29,1456.99,8,2.357,330.00,5.2800,211.0112,否,否,1464.80,1407.81,,1425.04,1429.68,1415.17,1419.04,1419.04,1425.99,1412.06,1423.44
146,rule1,否,做空,2025-04-09 13:59,1459.15,2025-04-10 01:29,1473.24,45,-0.965,-135.15,-2.1624,208.8488,是,是,1595.73,1440.20,,1460.16,1460.91,1452.86,1455.69,1455.68,1462.10,1452.86,1459.15
147,rule1,否,做多,2025-04-10 03:14,1640.15,2025-04-10 04:59,1678.81,6,2.357,330.00,13.2000,222.0488,否,否,1678.90,1633.66,,1638.79,1645.05,1627.50,1628.11,1628.11,1641.00,1623.56,1640.15
148,rule1,否,做空,2025-04-10 06:14,1675.43,2025-04-10 08:44,1635.94,9,2.357,330.00,5.2800,227.3288,否,否,1684.35,1634.16,,1664.53,1679.10,1663.97,1671.64,1671.64,1680.44,1666.27,1675.43
149,rule1,否,做空,2025-04-10 12:14,1613.19,2025-04-10 21:44,1575.16,37,2.357,330.00,3.3000,230.6288,是,是,1640.00,1560.52,,1612.40,1617.12,1609.03,1617.01,1617.00,1619.70,1610.53,1613.19
150,rule1,否,做多,2025-04-10 22:14,1564.05,2025-04-10 23:44,1504.84,5,-3.786,-530.00,-5.3000,225.3288,否,否,1584.53,1491.42,,1564.68,1583.92,1563.50,1568.77,1568.77,1571.59,1556.53,1564.05
151,rule1,否,做空,2025-04-11 00:14,1499.60,2025-04-11 14:14,1514.08,55,-0.965,-135.15,-2.1624,223.1664,是,是,1562.80,1471.02,,1502.19,1508.49,1483.60,1495.98,1495.97,1508.71,1485.36,1499.60
152,rule1,否,做多,2025-04-11 14:44,1556.00,2025-04-12 01:44,1589.01,43,2.121,297.00,4.7520,227.9184,是,是,1591.47,1538.14,,1557.59,1560.23,1552.09,1552.39,1552.37,1556.54,1552.01,1556.00
153,rule1,否,做空,2025-04-12 11:59,1554.40,2025-04-12 21:59,1604.42,39,-3.218,-450.50,-7.2080,220.7104,是,是,1646.99,1550.50,,1551.91,1557.87,1550.72,1557.87,1557.87,1559.60,1553.51,1554.40
154,rule1,否,做空,2025-04-12 22:14,1646.10,2025-04-13 09:59,1611.18,46,2.121,297.00,11.8800,232.5904,是,是,1669.59,1609.09,,1624.71,1646.99,1623.90,1638.76,1638.75,1653.00,1635.48,1646.10
155,rule1,否,做空,2025-04-13 10:44,1619.63,2025-04-13 21:44,1585.27,43,2.121,297.00,11.8800,244.4704,是,是,1629.23,1582.13,,1617.83,1620.30,1606.55,1610.02,1610.02,1622.50,1608.29,1619.63
156,rule1,否,做多,2025-04-14 00:59,1595.69,2025-04-14 01:29,1633.30,1,2.357,330.00,3.3000,247.7704,否,否,1638.00,1594.25,,1597.55,1598.92,1593.00,1593.62,1593.61,1596.00,1591.47,1595.69
157,rule1,否,做多,2025-04-14 03:29,1620.63,2025-04-14 10:44,1658.83,28,2.357,330.00,5.2800,253.0504,否,否,1660.32,1562.01,,1629.97,1630.16,1618.34,1624.10,1624.09,1628.19,1617.84,1620.63
158,rule1,否,做多,2025-04-14 15:29,1625.37,2025-04-14 18:29,1663.68,11,2.357,330.00,13.2000,266.2504,否,否,1668.81,1623.77,,1623.76,1628.18,1615.03,1615.69,1615.68,1625.43,1612.63,1625.37
159,rule1,否,做空,2025-04-14 19:29,1675.87,2025-04-14 23:44,1636.37,16,2.357,330.00,5.2800,271.5304,否,否,1689.59,1625.64,,1678.84,1688.93,1672.62,1686.18,1686.19,1691.50,1673.67,1675.87
160,rule1,否,做多,2025-04-14 23:59,1627.93,2025-04-16 13:29,1612.21,149,-0.965,-135.15,-5.4060,266.1244,是,是,1661.21,1551.18,,1651.19,1656.39,1625.64,1637.08,1637.08,1638.39,1619.34,1627.93
161,rule1,否,做空,2025-04-16 13:59,1569.36,2025-04-20 01:44,1584.51,334,-0.965,-135.15,-2.1624,263.9620,是,是,1631.81,1538.07,,1566.34,1574.00,1559.03,1573.01,1573.00,1575.30,1568.52,1569.36
162,rule1,否,做空,2025-04-21 08:59,1610.09,2025-04-22 01:14,1575.93,64,2.121,297.00,2.9700,266.9320,是,是,1658.75,1571.37,,1609.60,1620.37,1606.80,1614.33,1614.33,1620.49,1608.80,1610.09
163,rule1,否,做多,2025-04-22 03:14,1574.89,2025-04-22 15:44,1608.30,49,2.121,297.00,4.7520,271.6840,是,是,1624.00,1537.26,,1574.97,1575.93,1567.28,1567.73,1567.73,1575.44,1564.07,1574.89
164,rule1,否,做空,2025-04-22 22:29,1643.18,2025-04-22 23:14,1705.39,2,-3.786,-530.00,-8.4800,263.2040,否,否,1725.81,1640.23,,1642.98,1650.10,1638.02,1650.09,1650.09,1652.50,1640.72,1643.18
165,rule1,否,做空,2025-04-23 02:14,1697.94,2025-04-23 05:59,1762.22,14,-3.786,-530.00,-5.3000,257.9040,否,否,1778.00,1683.66,,1696.59,1702.99,1694.32,1700.42,1700.43,1707.40,1697.93,1697.94
166,rule1,否,做多,2025-04-23 08:59,1751.27,2025-04-23 10:29,1792.55,5,2.357,330.00,5.2800,263.1840,否,否,1805.16,1747.30,,1753.49,1755.30,1747.19,1747.65,1747.65,1754.49,1744.95,1751.27
167,rule1,否,做空,2025-04-23 10:59,1792.21,2025-04-24 15:59,1754.19,115,2.121,297.00,2.9700,266.1540,是,是,1834.86,1751.27,,1791.28,1799.55,1787.00,1796.00,1796.00,1807.56,1791.31,1792.21
168,rule1,否,做多,2025-04-24 23:44,1770.60,2025-04-25 22:59,1808.16,92,2.121,297.00,4.7520,270.9060,是,是,1813.70,1738.60,,1773.90,1777.67,1766.06,1766.43,1766.43,1773.50,1763.32,1770.60
169,rule1,否,做多,2025-04-26 02:59,1796.40,2025-04-26 16:29,1834.51,53,2.121,297.00,4.7520,275.6580,是,是,1841.16,1783.85,,1796.04,1802.99,1795.86,1802.41,1802.41,1803.00,1795.00,1796.40
170,rule1,否,做多,2025-04-26 17:14,1811.72,2025-04-27 09:14,1850.15,63,2.121,297.00,4.7520,280.4100,是,是,1857.47,1778.94,,1812.91,1814.08,1800.82,1806.35,1806.35,1811.93,1799.48,1811.72
171,rule1,否,做空,2025-04-27 13:14,1803.09,2025-04-28 09:44,1764.84,81,2.121,297.00,2.9700,283.3800,是,是,1815.52,1752.18,,1802.04,1803.85,1797.02,1798.20,1798.20,1806.67,1797.37,1803.09
172,rule1,否,做空,2025-04-28 12:44,1788.76,2025-04-29 00:29,1750.81,46,2.121,297.00,4.7520,288.1320,是,是,1827.98,1744.71,,1787.92,1793.60,1786.30,1793.60,1793.59,1794.14,1787.36,1788.76
173,rule1,否,做多,2025-04-29 00:59,1757.99,2025-04-29 03:14,1799.43,8,2.357,330.00,13.2000,301.3320,否,否,1804.79,1754.70,,1758.81,1768.64,1757.80,1768.29,1768.28,1768.28,1755.71,1757.99
174,rule1,否,做空,2025-04-29 03:44,1800.98,2025-04-30 21:14,1762.77,165,2.121,297.00,4.7520,306.0840,是,是,1842.99,1760.11,,1789.92,1801.61,1789.85,1795.87,1795.87,1803.02,1795.29,1800.98
175,rule1,否,做多,2025-04-30 21:29,1772.49,2025-05-01 09:59,1810.09,49,2.121,297.00,11.8800,317.9640,是,否,1810.55,1731.70,,1775.46,1776.33,1760.11,1761.87,1761.87,1773.50,1758.73,1772.49
176,rule1,否,做多,2025-05-01 20:44,1852.00,2025-05-06 19:59,1834.12,476,-0.965,-135.15,-2.1624,315.8016,是,是,1873.17,1757.34,,1852.96,1853.66,1844.28,1845.99,1845.99,1852.80,1843.20,1852.00
177,rule1,否,做多,2025-05-06 19:59,1769.92,2025-05-07 06:59,1807.47,43,2.121,297.00,4.7520,320.5536,是,是,1813.23,1752.00,,1782.74,1783.69,1769.40,1775.22,1775.22,1776.20,1757.34,1769.92
178,rule1,否,做多,2025-05-07 07:14,1805.69,2025-05-07 09:14,1848.25,7,2.357,330.00,5.2800,325.8336,否,否,1850.00,1805.42,,1805.28,1813.23,1803.17,1811.11,1811.10,1812.48,1802.10,1805.69
179,rule1,否,做空,2025-05-07 14:29,1828.79,2025-05-08 01:59,1789.99,45,2.121,297.00,2.9700,328.8036,是,是,1847.05,1788.84,,1828.21,1833.91,1827.70,1833.34,1833.34,1834.38,1828.19,1828.79
180,rule1,否,做多,2025-05-08 04:29,1795.33,2025-05-08 10:29,1837.65,23,2.357,330.00,3.3000,332.1036,否,否,1841.00,1789.12,,1795.83,1800.18,1794.13,1799.76,1799.75,1801.10,1793.20,1795.33
181,rule1,否,做空,2025-05-08 13:14,1898.92,2025-05-08 20:29,1970.81,28,-3.786,-530.00,-5.3000,326.8036,否,否,1977.26,1892.20,,1899.00,1901.68,1892.91,1893.81,1893.81,1905.40,1893.81,1898.92
182,rule1,否,做空,2025-05-08 22:14,1971.41,2025-05-08 23:44,2046.04,5,-3.786,-530.00,-5.3000,321.5036,否,否,2075.65,1970.71,,1971.00,1980.10,1962.50,1976.30,1976.30,1983.20,1969.16,1971.41
183,rule1,否,做空,2025-05-09 06:59,2179.47,2025-05-09 15:14,2249.60,32,-3.218,-450.50,-18.0200,303.4836,是,是,2302.95,2166.29,,2180.10,2195.72,2172.30,2195.04,2195.08,2196.77,2177.55,2179.47
184,rule1,否,做多,2025-05-09 16:44,2378.55,2025-05-09 22:44,2288.50,23,-3.786,-530.00,-21.2000,282.2836,否,否,2429.41,2271.50,,2370.12,2442.78,2369.10,2427.61,2427.62,2490.77,2366.36,2378.55
185,rule1,否,做多,2025-05-09 23:29,2302.01,2025-05-10 08:14,2356.27,34,2.357,330.00,13.2000,295.4836,否,否,2358.00,2274.33,,2305.97,2321.60,2300.01,2317.49,2317.48,2321.42,2287.57,2302.01
186,rule1,否,做多,2025-05-10 14:44,2358.38,2025-05-10 15:59,2413.97,4,2.357,330.00,13.2000,308.6836,否,否,2417.13,2351.15,,2361.89,2378.08,2358.29,2373.26,2373.27,2376.14,2357.17,2358.38
187,rule1,否,做空,2025-05-10 20:44,2404.52,2025-05-11 01:44,2495.55,19,-3.786,-530.00,-5.3000,303.3836,否,否,2512.42,2399.55,,2403.72,2415.93,2398.50,2410.90,2410.90,2421.25,2403.70,2404.52
188,rule1,否,做空,2025-05-11 02:29,2468.95,2025-05-11 06:44,2562.42,16,-3.786,-530.00,-21.2000,282.1836,否,否,2578.99,2463.48,,2461.22,2482.51,2457.29,2481.63,2481.64,2487.50,2462.45,2468.95
189,rule1,否,做空,2025-05-11 07:14,2570.97,2025-05-11 08:29,2510.37,4,2.357,330.00,3.3000,285.4836,否,否,2608.13,2504.27,,2570.59,2586.17,2556.78,2577.22,2577.21,2588.79,2563.68,2570.97
190,rule1,否,做多,2025-05-11 09:14,2549.95,2025-05-12 15:44,2604.05,121,2.121,297.00,2.9700,288.4536,是,是,2624.00,2435.51,,2536.69,2552.01,2536.32,2544.12,2544.12,2557.99,2530.65,2549.95
191,rule1,否,做多,2025-05-12 15:44,2572.42,2025-05-13 02:59,2547.59,44,-0.965,-135.15,-5.4060,283.0476,是,是,2585.83,2406.63,,2573.50,2604.00,2557.99,2598.74,2598.73,2624.00,2556.66,2572.42
192,rule1,否,做空,2025-05-13 03:14,2451.69,2025-05-13 21:44,2475.36,73,-0.965,-135.15,-5.4060,277.6416,是,是,2562.00,2415.30,,2448.09,2454.42,2406.63,2435.05,2435.05,2456.84,2428.89,2451.69
193,rule1,否,做多,2025-05-13 22:29,2552.01,2025-05-14 01:14,2612.16,10,2.357,330.00,13.2000,290.8416,否,否,2615.00,2532.01,,2549.66,2555.90,2529.50,2537.08,2537.04,2557.00,2526.74,2552.01
194,rule1,否,做空,2025-05-14 02:44,2628.64,2025-05-14 03:59,2728.15,4,-3.786,-530.00,-5.3000,285.5416,否,否,2738.50,2628.00,,2616.06,2630.32,2611.20,2622.43,2622.44,2650.00,2619.49,2628.64
195,rule1,否,做多,2025-05-14 03:59,2690.94,2025-05-14 22:29,2664.96,73,-0.965,-135.15,-5.4060,280.1356,是,是,2725.99,2559.19,,2696.05,2716.59,2687.58,2713.61,2713.61,2738.50,2671.62,2690.94
196,rule1,否,做空,2025-05-15 02:14,2584.37,2025-05-15 15:44,2529.54,53,2.121,297.00,4.7520,284.8876,是,是,2647.03,2529.03,,2579.20,2591.46,2577.00,2590.46,2590.46,2599.53,2581.89,2584.37
197,rule1,否,做空,2025-05-15 18:29,2540.55,2025-05-15 22:59,2480.67,17,2.357,330.00,5.2800,290.1676,否,否,2579.61,2476.03,,2539.31,2541.82,2522.81,2529.62,2529.62,2545.00,2528.91,2540.55
198,rule1,否,做空,2025-05-16 01:29,2595.32,2025-05-16 02:44,2534.14,4,2.357,330.00,13.2000,303.3676,否,否,2595.32,2524.68,,2599.06,2599.92,2580.78,2584.89,2584.90,2603.59,2584.90,2595.32
199,rule1,否,做空,2025-05-16 03:14,2541.27,2025-05-17 08:44,2487.36,117,2.121,297.00,11.8800,315.2476,是,是,2649.31,2483.08,,2541.83,2543.87,2521.00,2525.00,2525.01,2544.42,2522.61,2541.27
200,rule1,否,做多,2025-05-17 09:29,2496.45,2025-05-18 22:14,2549.41,146,2.121,297.00,4.7520,319.9996,是,是,2550.32,2446.42,,2501.01,2501.01,2486.41,2489.47,2489.48,2496.65,2478.99,2496.45
201,rule1,否,做空,2025-05-18 22:14,2529.99,2025-05-19 02:14,2470.35,15,2.357,330.00,13.2000,333.1996,否,否,2587.61,2455.27,,2518.09,2545.00,2514.32,2542.18,2542.19,2550.32,2529.56,2529.99
202,rule1,否,做多,2025-05-19 07:29,2452.10,2025-05-19 07:59,2509.90,1,2.357,330.00,13.2000,346.3996,否,否,2511.27,2447.80,,2454.90,2454.99,2436.22,2440.87,2440.87,2453.13,2435.64,2452.10
203,rule1,否,做多,2025-05-19 11:44,2383.52,2025-05-19 21:44,2439.70,39,2.357,330.00,3.3000,349.6996,是,是,2441.00,2348.38,,2386.09,2399.63,2383.41,2392.32,2392.32,2395.99,2381.90,2383.52
204,rule1,否,做多,2025-05-20 01:44,2517.00,2025-05-20 10:29,2576.33,34,2.357,330.00,5.2800,354.9796,否,否,2583.10,2472.20,,2518.62,2535.73,2516.99,2528.24,2528.24,2531.00,2512.80,2517.00
205,rule1,否,做多,2025-05-20 10:59,2567.00,2025-05-22 01:44,2542.22,154,-0.965,-135.15,-2.1624,352.8172,是,是,2615.95,2442.40,,2566.11,2588.63,2566.10,2575.78,2575.78,2581.83,2558.68,2567.00
206,rule1,否,做多,2025-05-22 02:59,2475.05,2025-05-22 06:59,2533.39,15,2.357,330.00,13.2000,366.0172,否,否,2543.37,2463.46,,2473.79,2497.10,2473.40,2495.89,2495.90,2496.38,2472.76,2475.05
207,rule1,否,做空,2025-05-22 12:59,2628.11,2025-05-23 19:59,2572.36,123,2.121,297.00,11.8800,377.8972,是,是,2734.23,2551.00,,2622.15,2635.96,2614.11,2635.54,2635.54,2638.50,2625.45,2628.11
208,rule1,否,做空,2025-05-23 21:59,2582.28,2025-05-24 07:14,2521.41,36,2.357,330.00,13.2000,391.0972,否,否,2591.95,2520.79,,2559.75,2582.65,2557.12,2574.18,2574.18,2584.35,2564.49,2582.28
209,rule1,否,做空,2025-05-24 08:29,2525.89,2025-05-25 16:59,2472.31,129,2.121,297.00,4.7520,395.8492,是,是,2575.85,2463.00,,2526.49,2542.84,2516.79,2537.71,2537.70,2544.27,2525.66,2525.89
210,rule1,否,做空,2025-05-26 09:14,2560.01,2025-05-27 21:14,2584.72,143,-0.965,-135.15,-5.4060,390.4432,是,是,2674.40,2509.46,,2556.00,2574.60,2553.43,2571.70,2571.71,2577.00,2558.60,2560.01
211,rule1,否,做多,2025-05-27 22:44,2660.49,2025-05-29 08:59,2716.93,136,2.121,297.00,11.8800,402.3232,是,是,2721.50,2608.50,,2665.14,2665.36,2649.09,2651.24,2651.25,2661.32,2633.36,2660.49
212,rule1,否,做空,2025-05-29 09:14,2710.95,2025-05-29 22:14,2653.44,51,2.121,297.00,11.8800,414.2032,是,是,2788.00,2642.86,,2702.42,2721.50,2702.37,2721.50,2721.50,2722.50,2704.72,2710.95
213,rule1,否,做空,2025-05-30 00:14,2652.52,2025-05-30 08:59,2590.00,34,2.357,330.00,3.3000,417.5032,是,是,2673.48,2557.07,,2649.77,2654.12,2639.02,2643.68,2643.68,2654.70,2640.44,2652.52
214,rule1,否,做多,2025-05-30 15:44,2626.57,2025-06-01 20:44,2601.21,211,-0.965,-135.15,-2.1624,415.3408,是,是,2629.77,2468.56,,2622.10,2643.10,2622.10,2631.89,2631.88,2631.88,2620.03,2626.57
215,rule1,否,做空,2025-06-01 21:59,2493.84,2025-06-03 08:44,2517.91,138,-0.965,-135.15,-1.3515,413.9893,是,是,2626.50,2475.00,,2491.12,2497.52,2490.44,2496.63,2496.63,2498.42,2493.02,2493.84
216,rule1,否,做多,2025-06-03 10:14,2639.41,2025-06-06 03:29,2613.93,260,-0.965,-135.15,-2.1624,411.8269,是,是,2679.88,2506.40,,2638.11,2649.91,2636.44,2646.10,2646.11,2648.00,2636.28,2639.41
217,rule1,否,做多,2025-06-06 05:14,2411.29,2025-06-06 14:29,2468.13,36,2.357,330.00,13.2000,425.0269,否,否,2468.55,2381.49,,2419.11,2444.44,2393.47,2398.90,2398.91,2429.98,2391.66,2411.29
218,rule1,否,做多,2025-06-07 04:14,2493.04,2025-06-09 05:59,2545.93,198,2.121,297.00,4.7520,429.7789,是,是,2548.63,2457.00,,2492.82,2495.55,2483.98,2484.02,2484.02,2494.86,2482.20,2493.04
219,rule1,否,做多,2025-06-09 06:59,2507.99,2025-06-10 00:29,2561.20,69,2.121,297.00,2.9700,432.7489,是,是,2570.76,2477.73,,2518.21,2520.47,2502.00,2512.59,2512.60,2513.90,2500.00,2507.99
220,rule1,否,做多,2025-06-10 01:14,2569.99,2025-06-10 05:29,2630.57,16,2.357,330.00,5.2800,438.0289,否,否,2640.10,2561.31,,2567.96,2570.00,2557.20,2558.10,2558.09,2571.40,2555.88,2569.99
221,rule1,否,做多,2025-06-10 08:14,2691.40,2025-06-10 19:29,2748.50,44,2.121,297.00,4.7520,442.7809,是,是,2763.00,2655.61,,2691.70,2693.99,2679.12,2680.13,2680.13,2695.00,2677.53,2691.40
222,rule1,否,做多,2025-06-10 21:59,2743.68,2025-06-11 06:14,2808.35,32,2.357,330.00,13.2000,455.9809,否,否,2817.84,2690.00,,2756.31,2761.77,2718.61,2720.90,2720.90,2747.92,2717.60,2743.68
223,rule1,否,做空,2025-06-11 06:44,2804.52,2025-06-12 06:29,2745.02,94,2.121,297.00,4.7520,460.7329,是,是,2879.22,2743.75,,2803.72,2818.62,2799.58,2814.49,2814.49,2827.00,2803.20,2804.52
224,rule1,否,做多,2025-06-12 13:14,2757.72,2025-06-13 08:14,2731.10,75,-0.965,-135.15,-2.1624,458.5705,是,是,2777.21,2534.04,,2753.01,2763.00,2752.00,2762.50,2762.51,2762.51,2751.59,2757.72
225,rule1,否,做多,2025-06-13 12:29,2512.20,2025-06-14 00:14,2565.49,46,2.121,297.00,11.8800,470.4505,是,是,2579.73,2492.00,,2514.32,2516.83,2498.20,2499.12,2499.11,2512.69,2495.22,2512.20
226,rule1,否,做多,2025-06-14 18:14,2527.12,2025-06-16 13:29,2580.73,172,2.121,297.00,2.9700,473.4205,是,是,2598.00,2488.72,,2529.44,2529.99,2522.00,2523.00,2523.00,2527.80,2518.51,2527.12
227,rule1,否,做空,2025-06-16 15:44,2627.35,2025-06-17 06:44,2571.61,59,2.121,297.00,2.9700,476.3905,是,是,2680.34,2556.28,,2630.19,2632.63,2618.61,2624.31,2624.31,2632.99,2622.58,2627.35
228,rule1,否,做空,2025-06-17 07:29,2575.00,2025-06-17 23:14,2520.37,62,2.121,297.00,11.8800,488.2705,是,是,2618.60,2509.36,,2570.29,2590.65,2560.00,2587.72,2587.72,2596.39,2570.21,2575.00
229,rule1,否,做空,2025-06-18 08:14,2517.62,2025-06-21 01:29,2464.21,260,2.121,297.00,4.7520,493.0225,是,是,2569.00,2406.29,,2518.04,2519.33,2509.50,2509.95,2509.95,2521.35,2509.95,2517.62
230,rule1,否,做空,2025-06-21 02:29,2418.99,2025-06-22 05:29,2367.67,107,2.121,297.00,4.7520,497.7745,是,是,2448.80,2300.50,,2419.41,2429.60,2412.88,2428.20,2428.19,2433.98,2416.71,2418.99
231,rule1,否,做空,2025-06-22 06:14,2300.44,2025-06-22 07:44,2246.22,5,2.357,330.00,13.2000,510.9745,否,否,2307.00,2216.00,,2298.80,2303.07,2274.43,2281.80,2281.80,2308.00,2279.50,2300.44
232,rule1,否,做多,2025-06-22 10:14,2273.70,2025-06-22 22:29,2251.75,48,-0.965,-135.15,-2.1624,508.8121,是,是,2298.22,2156.21,,2277.30,2284.75,2265.03,2266.50,2266.51,2285.45,2254.20,2273.70
233,rule1,否,做空,2025-06-23 00:14,2181.27,2025-06-23 04:14,2129.85,15,2.357,330.00,3.3000,512.1121,否,否,2219.95,2118.29,,2180.76,2186.00,2168.68,2174.91,2174.90,2188.34,2173.45,2181.27
234,rule1,否,做多,2025-06-23 05:44,2187.06,2025-06-23 08:29,2238.61,10,2.357,330.00,5.2800,517.3921,否,否,2239.28,2173.96,,2189.16,2195.38,2178.67,2179.64,2179.64,2187.48,2173.61,2187.06
235,rule1,否,做空,2025-06-23 08:59,2240.93,2025-06-24 00:44,2193.39,62,2.121,297.00,11.8800,529.2721,是,是,2313.53,2188.00,,2233.66,2254.60,2225.52,2251.93,2251.94,2260.42,2238.10,2240.93
236,rule1,否,做多,2025-06-24 00:44,2220.86,2025-06-24 01:29,2273.21,2,2.357,330.00,13.2000,542.4721,否,否,2284.15,2210.16,,2229.85,2236.29,2207.03,2210.67,2210.67,2227.29,2188.00,2220.86
237,rule1,否,做多,2025-06-24 06:44,2395.30,2025-06-24 17:29,2446.11,42,2.121,297.00,11.8800,554.3521,是,是,2449.14,2376.11,,2404.00,2438.68,2391.13,2426.23,2426.23,2432.00,2385.00,2395.30
238,rule1,否,做空,2025-06-24 19:44,2408.04,2025-07-03 00:14,2431.29,785,-0.965,-135.15,-2.1624,552.1897,是,是,2539.50,2373.00,,2409.70,2418.30,2397.72,2417.70,2417.69,2421.20,2404.18,2408.04
239,rule1,否,做多,2025-07-03 01:44,2565.00,2025-07-03 21:44,2619.41,79,2.121,297.00,11.8800,564.0697,是,是,2635.01,2552.28,,2564.16,2589.28,2564.15,2581.09,2581.09,2583.44,2555.15,2565.00
240,rule1,否,做空,2025-07-04 01:29,2572.76,2025-07-04 22:14,2518.18,82,2.121,297.00,4.7520,568.8217,是,是,2603.60,2510.52,,2572.05,2580.00,2572.00,2580.00,2579.99,2581.00,2572.39,2572.76
241,rule1,否,做多,2025-07-07 00:14,2551.28,2025-07-09 01:14,2605.40,195,2.121,297.00,2.9700,571.7917,是,是,2620.00,2512.00,,2552.13,2558.72,2550.08,2558.72,2558.71,2560.81,2550.00,2551.28
242,rule1,否,做空,2025-07-09 03:59,2610.61,2025-07-10 03:44,2635.81,94,-0.965,-135.15,-1.3515,570.4402,是,是,2764.37,2589.78,,2612.00,2612.59,2601.57,2606.17,2606.17,2612.64,2603.88,2610.61
243,rule1,否,做多,2025-07-10 07:29,2777.16,2025-07-11 02:14,2836.08,74,2.121,297.00,2.9700,573.4102,是,是,2840.69,2755.50,,2780.01,2780.01,2772.31,2772.31,2772.31,2783.16,2771.81,2777.16
244,rule1,否,做空,2025-07-11 02:14,2819.82,2025-07-11 05:29,2926.57,12,-3.786,-530.00,-8.4800,564.9302,否,否,2927.00,2795.78,,2818.39,2834.96,2810.59,2830.37,2830.38,2840.69,2819.32,2819.82
245,rule1,否,做多,2025-07-11 07:14,2967.81,2025-07-11 17:44,3030.77,41,2.121,297.00,4.7520,569.6822,是,是,3040.15,2913.75,,2963.83,2976.99,2962.76,2973.88,2973.88,2974.63,2961.21,2967.81
246,rule1,否,做多,2025-07-11 17:59,3014.99,2025-07-14 18:44,3078.95,290,2.121,297.00,2.9700,572.6522,是,是,3079.39,2903.85,,3016.53,3040.15,3012.30,3024.01,3024.01,3030.50,3008.78,3014.99
247,rule1,否,做多,2025-07-14 19:29,3063.15,2025-07-16 07:14,3128.13,142,2.121,297.00,2.9700,575.6222,是,是,3140.31,2932.46,,3066.78,3083.00,3062.60,3073.91,3073.90,3077.47,3055.48,3063.15
248,rule1,否,做空,2025-07-16 15:14,3156.51,2025-07-17 02:14,3186.98,43,-0.965,-135.15,-1.3515,574.2707,是,是,3359.11,3143.81,,3156.00,3166.25,3153.42,3165.23,3165.22,3169.00,3154.58,3156.51
249,rule1,否,做多,2025-07-17 06:29,3374.63,2025-07-17 15:44,3454.17,36,2.357,330.00,5.2800,579.5507,否,否,3468.00,3310.77,,3374.01,3390.83,3374.01,3384.25,3384.24,3388.00,3372.69,3374.63
250,rule1,否,做空,2025-07-17 20:59,3425.61,2025-07-18 09:14,3458.68,48,-0.965,-135.15,-5.4060,574.1447,是,是,3583.90,3361.20,,3415.53,3438.45,3413.00,3437.02,3437.00,3439.00,3425.07,3425.61
251,rule1,否,做多,2025-07-18 10:14,3605.36,2025-07-20 11:44,3681.85,197,2.121,297.00,4.7520,578.8967,是,是,3694.99,3477.58,,3603.60,3625.60,3593.75,3614.89,3614.89,3617.96,3588.25,3605.36
252,rule1,否,做空,2025-07-20 12:44,3648.58,2025-07-21 22:59,3683.80,136,-0.965,-135.15,-2.1624,576.7343,是,是,3860.00,3636.06,,3643.38,3658.00,3638.00,3656.15,3656.16,3666.22,3648.58,3648.58
253,rule1,否,做空,2025-07-21 22:59,3841.02,2025-07-22 00:29,3750.48,5,2.357,330.00,5.2800,582.0143,否,否,3851.56,3749.19,,3835.42,3849.97,3831.88,3847.73,3847.72,3860.00,3834.00,3841.02
254,rule1,否,做多,2025-07-22 01:59,3769.90,2025-07-24 00:59,3733.51,187,-0.965,-135.15,-5.4060,576.6083,是,是,3799.99,3566.09,,3770.11,3782.00,3740.37,3748.00,3748.01,3772.07,3738.00,3769.90
255,rule1,否,做空,2025-07-24 04:59,3568.00,2025-07-24 22:59,3602.44,71,-0.965,-135.15,-1.3515,575.2568,是,是,3737.50,3502.85,,3566.63,3574.40,3543.01,3574.30,3574.29,3579.16,3562.57,3568.00
256,rule1,否,做多,2025-07-25 00:59,3686.69,2025-07-26 10:44,3764.90,134,2.121,297.00,11.8800,587.1368,是,是,3767.13,3573.76,,3692.15,3699.48,3672.52,3673.26,3673.26,3692.24,3666.74,3686.69
257,rule1,否,做多,2025-07-27 23:29,3805.32,2025-07-28 10:44,3886.05,44,2.121,297.00,4.7520,591.8888,是,否,3907.40,3803.86,,3809.44,3812.40,3795.72,3798.01,3798.01,3810.50,3793.48,3805.32
258,rule1,否,做空,2025-07-28 12:14,3872.39,2025-07-28 22:29,3781.11,40,2.357,330.00,3.3000,595.1888,是,是,3941.00,3776.26,,3868.65,3879.82,3868.30,3879.81,3879.81,3890.00,3872.39,3872.39
259,rule1,否,做多,2025-07-29 01:29,3802.88,2025-07-29 16:14,3883.56,58,2.121,297.00,4.7520,599.9408,是,是,3886.44,3731.21,,3806.51,3809.99,3793.58,3793.59,3793.58,3803.35,3778.79,3802.88
260,rule1,否,做多,2025-07-29 21:44,3853.51,2025-08-01 08:59,3816.31,236,-0.965,-135.15,-2.1624,597.7784,是,是,3878.67,3616.66,,3850.57,3874.54,3849.35,3865.21,3865.22,3868.20,3846.97,3853.51
261,rule1,否,做多,2025-08-01 08:59,3682.10,2025-08-02 04:14,3646.55,76,-0.965,-135.15,-5.4060,592.3724,是,是,3724.02,3500.00,,3690.51,3692.25,3669.25,3669.26,3669.25,3687.37,3616.66,3682.10
262,rule1,否,做多,2025-08-02 04:29,3524.19,2025-08-04 21:44,3598.95,260,2.121,297.00,4.7520,597.1244,是,是,3606.71,3354.28,,3518.42,3532.67,3500.00,3504.73,3504.73,3524.20,3491.00,3524.19
263,rule1,否,做多,2025-08-05 05:59,3710.02,2025-08-07 18:14,3788.73,240,2.121,297.00,2.9700,600.0944,是,是,3799.98,3546.00,,3713.45,3726.45,3707.48,3722.50,3722.50,3723.72,3705.50,3710.02
264,rule1,否,做空,2025-08-07 18:59,3821.48,2025-08-08 21:59,3858.37,107,-0.965,-135.15,-2.1624,597.9320,是,是,4012.00,3780.54,,3799.44,3824.06,3796.50,3812.15,3812.15,3826.50,3808.74,3821.48
265,rule1,否,做空,2025-08-09 03:14,4048.88,2025-08-10 02:59,4087.97,94,-0.965,-135.15,-1.3515,596.5805,是,是,4254.86,4006.63,,4045.56,4056.73,4034.30,4056.72,4056.73,4065.86,4042.28,4048.88
266,rule1,否,做多,2025-08-10 23:29,4218.17,2025-08-11 09:44,4317.60,40,2.357,330.00,3.3000,599.8805,是,是,4322.20,4186.16,,4219.37,4230.52,4212.02,4230.51,4230.51,4237.43,4211.19,4218.17
267,rule1,否,做多,2025-08-12 02:59,4295.20,2025-08-12 20:44,4386.32,70,2.121,297.00,4.7520,604.6325,是,是,4416.08,4190.00,,4292.28,4308.24,4278.63,4279.13,4279.13,4306.62,4275.01,4295.20
268,rule1,否,做多,2025-08-13 00:44,4447.13,2025-08-13 04:29,4551.96,14,2.357,330.00,3.3000,607.9325,否,否,4628.31,4446.51,,4467.09,4469.61,4447.11,4456.33,4456.33,4459.42,4440.38,4447.13
269,rule1,否,做多,2025-08-13 08:14,4607.51,2025-08-13 18:59,4705.26,42,2.121,297.00,4.7520,612.6845,是,是,4715.75,4564.33,,4608.61,4616.45,4584.18,4590.52,4590.52,4608.09,4584.01,4607.51
270,rule1,否,做多,2025-08-13 21:14,4707.72,2025-08-14 21:14,4662.27,95,-0.965,-135.15,-5.4060,607.2785,是,是,4788.00,4451.33,,4720.62,4720.81,4680.00,4685.91,4685.91,4710.00,4679.65,4707.72
271,rule1,否,做多,2025-08-14 21:44,4570.41,2025-08-14 22:44,4678.14,3,2.357,330.00,13.2000,620.4785,否,否,4703.71,4567.11,,4582.06,4582.97,4511.38,4533.78,4533.79,4579.16,4506.37,4570.41
272,rule1,否,做空,2025-08-15 01:44,4535.42,2025-08-15 23:29,4439.20,86,2.121,297.00,11.8800,632.3585,是,是,4672.67,4430.00,,4533.66,4563.45,4517.00,4561.07,4561.07,4563.95,4529.21,4535.42
273,rule1,否,做多,2025-08-15 23:59,4430.86,2025-08-17 16:59,4524.86,163,2.121,297.00,4.7520,637.1105,是,是,4538.39,4368.00,,4436.09,4469.69,4408.27,4415.89,4415.90,4449.50,4395.47,4430.86
274,rule1,否,做多,2025-08-17 17:59,4543.14,2025-08-18 11:44,4499.28,70,-0.965,-135.15,-1.3515,635.7590,是,是,4576.00,4278.13,,4546.61,4551.94,4529.82,4533.91,4533.90,4545.21,4527.66,4543.14
275,rule1,否,做多,2025-08-18 13:59,4313.09,2025-08-20 02:59,4271.45,147,-0.965,-135.15,-5.4060,630.3530,是,是,4388.65,4121.47,,4321.00,4322.89,4282.79,4292.85,4292.85,4313.09,4260.10,4313.09
276,rule1,否,做空,2025-08-20 08:14,4095.92,2025-08-20 23:29,4135.46,60,-0.965,-135.15,-5.4060,624.9470,是,是,4308.49,4060.00,,4097.67,4098.57,4067.34,4075.59,4075.58,4102.33,4075.00,4095.92
277,rule1,否,做空,2025-08-21 04:14,4339.68,2025-08-21 20:59,4247.62,66,2.121,297.00,2.9700,627.9170,是,是,4378.00,4236.87,,4334.51,4351.73,4329.18,4346.65,4346.64,4352.87,4332.17,4339.68
278,rule1,否,做多,2025-08-22 05:59,4243.52,2025-08-22 15:59,4343.55,39,2.357,330.00,3.3000,631.2170,否,否,4345.38,4210.13,,4244.91,4257.86,4235.32,4235.67,4235.68,4251.11,4235.03,4243.52
279,rule1,否,做多,2025-08-22 20:44,4241.14,2025-08-22 22:14,4341.11,5,2.357,330.00,5.2800,636.4970,否,否,4600.00,4233.40,,4243.87,4247.81,4223.31,4229.92,4229.91,4241.26,4207.39,4241.14
280,rule1,否,做多,2025-08-23 01:44,4813.08,2025-08-25 01:44,4915.19,191,2.121,297.00,11.8800,648.3770,是,是,4937.04,4659.70,,4812.04,4849.82,4802.53,4845.15,4845.15,4849.74,4785.93,4813.08
281,rule1,否,做多,2025-08-25 06:14,4777.01,2025-08-26 03:29,4730.89,84,-0.965,-135.15,-1.3515,647.0255,是,是,4804.93,4507.00,,4797.58,4811.95,4772.73,4785.00,4785.00,4792.76,4760.00,4777.01
282,rule1,否,做多,2025-08-26 06:59,4392.28,2025-08-26 20:44,4485.46,54,2.121,297.00,11.8800,658.9055,是,是,4555.00,4311.04,,4391.17,4416.94,4386.84,4415.72,4415.72,4415.73,4384.61,4392.28
283,rule1,否,做多,2025-08-27 01:14,4535.11,2025-08-27 12:14,4631.32,43,2.121,297.00,11.8800,670.7855,是,是,4643.00,4505.15,,4525.42,4556.29,4524.08,4554.48,4554.47,4558.87,4523.85,4535.11
284,rule1,否,做多,2025-08-27 12:44,4626.05,2025-08-29 15:29,4581.39,202,-0.965,-135.15,-2.1624,668.6231,是,是,4663.93,4375.40,,4627.98,4636.81,4610.22,4611.55,4611.55,4631.25,4608.01,4626.05
285,rule1,否,做空,2025-08-29 23:59,4316.09,2025-09-02 05:44,4224.53,310,2.121,297.00,4.7520,673.3751,是,是,4498.47,4210.61,,4319.16,4335.77,4308.71,4335.20,4335.20,4342.99,4308.74,4316.09
286,rule1,否,做空,2025-09-02 08:14,4302.89,2025-09-12 08:44,4344.43,961,-0.965,-135.15,-2.1624,671.2127,是,是,4517.49,4236.00,,4300.50,4319.07,4299.84,4314.50,4314.50,4319.13,4300.87,4302.89
287,rule1,否,做空,2025-09-12 23:14,4533.08,2025-09-13 06:29,4704.69,28,-3.786,-530.00,-8.4800,662.7327,否,否,4748.40,4528.32,,4525.55,4547.67,4525.55,4547.02,4547.02,4549.88,4530.30,4533.08
288,rule1,否,做空,2025-09-13 08:14,4699.15,2025-09-14 22:44,4599.46,153,2.121,297.00,4.7520,667.4847,是,是,4769.36,4578.85,,4696.14,4715.27,4694.30,4712.16,4712.16,4717.65,4697.58,4699.15
289,rule1,否,做多,2025-09-14 23:14,4587.60,2025-09-22 08:44,4543.31,709,-0.965,-135.15,-1.3515,666.1332,是,是,4670.28,4351.15,,4591.00,4606.61,4581.63,4601.89,4601.88,4604.64,4576.89,4587.60
290,rule1,否,做多,2025-09-22 10:44,4292.12,2025-09-22 14:14,4129.63,13,-3.786,-530.00,-8.4800,657.6532,否,否,4310.49,4077.00,,4329.01,4332.63,4287.00,4309.37,4309.36,4309.98,4261.60,4292.12
291,rule1,否,做多,2025-09-22 16:14,4198.44,2025-09-25 12:59,4157.91,274,-0.965,-135.15,-1.3515,656.3017,是,是,4229.03,3966.00,,4203.08,4206.00,4192.55,4193.38,4193.38,4207.35,4186.31,4198.44
292,rule1,否,做多,2025-09-25 20:44,3995.98,2025-09-26 01:59,3844.70,20,-3.786,-530.00,-21.2000,635.1017,否,否,4022.87,3815.00,,4011.12,4011.24,3927.45,3942.44,3942.39,4004.45,3924.12,3995.98
293,rule1,否,做空,2025-09-26 04:29,3906.22,2025-09-29 06:14,3943.93,294,-0.965,-135.15,-2.1624,632.9393,是,是,4114.99,3850.00,,3911.59,3918.60,3887.65,3896.32,3896.32,3918.97,3889.53,3906.22
294,rule1,否,做空,2025-09-29 17:44,4126.84,2025-10-01 16:59,4166.68,188,-0.965,-135.15,-2.1624,630.7769,是,是,4329.00,4082.25,,4123.13,4139.00,4119.11,4135.78,4135.78,4141.00,4125.49,4126.84
295,rule1,否,做多,2025-10-02 10:14,4376.30,2025-10-03 00:14,4469.14,55,2.121,297.00,11.8800,642.6569,是,是,4470.00,4335.74,,4367.43,4398.62,4367.43,4393.31,4393.31,4397.24,4366.37,4376.30
296,rule1,否,做多,2025-10-03 06:29,4467.46,2025-10-04 00:44,4562.23,72,2.121,297.00,2.9700,645.6269,是,是,4591.59,4428.00,,4468.71,4485.09,4467.14,4480.42,4480.41,4480.42,4460.52,4467.46
297,rule1,否,做多,2025-10-06 04:14,4497.14,2025-10-06 19:44,4592.54,61,2.121,297.00,2.9700,648.5969,是,是,4593.65,4488.25,,4500.73,4502.34,4482.06,4487.26,4487.26,4500.73,4474.00,4497.14
298,rule1,否,做多,2025-10-06 19:59,4571.71,2025-10-06 23:29,4679.47,13,2.357,330.00,3.3000,651.8969,否,否,4693.80,4570.25,,4588.32,4593.65,4571.28,4577.39,4577.39,4581.70,4569.54,4571.71
299,rule1,否,做多,2025-10-07 09:29,4678.83,2025-10-08 00:29,4633.66,59,-0.965,-135.15,-1.3515,650.5454,是,是,4755.00,4454.71,,4680.03,4698.99,4678.78,4690.00,4690.01,4690.79,4663.71,4678.83
300,rule1,否,做多,2025-10-08 01:29,4494.96,2025-10-10 00:59,4451.57,189,-0.965,-135.15,-1.3515,649.1939,是,是,4558.00,4265.06,,4499.29,4507.66,4485.86,4488.51,4488.51,4500.00,4481.23,4494.96
301,rule1,否,做空,2025-10-10 01:14,4304.86,2025-10-10 23:29,4213.54,88,2.121,297.00,11.8800,661.0739,是,是,4393.63,4161.24,,4303.62,4306.08,4265.06,4277.34,4277.34,4309.87,4269.11,4304.86
302,rule1,否,做多,2025-10-11 01:29,4105.33,2025-10-11 04:59,3949.91,13,-3.786,-530.00,-8.4800,652.5939,否,否,4107.62,3850.00,,4108.99,4112.64,4090.00,4093.02,4093.03,4110.66,4088.38,4105.33
303,rule1,否,做多,2025-10-11 06:29,3867.31,2025-10-12 04:59,3829.98,89,-0.965,-135.15,-5.4060,647.1879,是,是,3917.91,3660.57,,3950.00,4200.00,3835.54,3895.51,3895.73,3913.63,3833.54,3867.31
304,rule1,否,做多,2025-10-12 10:59,3734.06,2025-10-12 12:29,3822.08,5,2.357,330.00,3.3000,650.4879,否,否,3822.61,3727.97,,3735.82,3749.50,3717.44,3724.95,3724.95,3735.33,3707.02,3734.06
305,rule1,否,做空,2025-10-12 17:29,3820.16,2025-10-12 22:59,3964.78,21,-3.786,-530.00,-5.3000,645.1879,否,否,4027.29,3793.56,,3823.17,3823.74,3806.34,3813.06,3813.07,3828.65,3813.07,3820.16
306,rule1,否,做空,2025-10-13 03:59,4135.68,2025-10-13 19:29,4047.94,61,2.121,297.00,4.7520,649.9399,是,是,4220.89,4042.29,,4138.08,4139.61,4120.55,4122.89,4122.90,4140.28,4122.89,4135.68
307,rule1,否,做空,2025-10-13 22:14,4137.00,2025-10-14 14:29,4049.24,64,2.121,297.00,11.8800,661.8199,是,是,4292.00,4044.32,,4136.22,4170.70,4116.67,4164.66,4164.66,4175.70,4128.36,4137.00
308,rule1,否,做多,2025-10-14 16:59,3996.30,2025-10-15 00:14,4090.50,28,2.357,330.00,5.2800,667.0999,否,否,4101.81,3888.74,,3992.98,4011.00,3992.18,4005.01,4005.00,4007.23,3980.51,3996.30
309,rule1,否,做多,2025-10-15 01:14,4125.19,2025-10-15 16:44,4212.70,61,2.121,297.00,11.8800,678.9799,是,是,4217.60,4049.16,,4129.59,4149.10,4078.43,4096.23,4096.23,4136.79,4048.49,4125.19
310,rule1,否,做多,2025-10-15 19:59,4099.90,2025-10-16 01:14,3944.69,20,-3.786,-530.00,-5.3000,673.6799,否,否,4107.14,3936.00,,4104.38,4115.53,4097.44,4115.06,4115.06,4115.52,4096.09,4099.90
311,rule1,否,做空,2025-10-16 02:29,3994.70,2025-10-16 23:59,3909.96,85,2.121,297.00,2.9700,676.6499,是,是,4086.49,3892.00,,3992.99,3995.69,3970.11,3982.27,3982.26,4005.50,3982.17,3994.70
312,rule1,否,做多,2025-10-17 00:44,3894.16,2025-10-17 16:29,3856.57,62,-0.965,-135.15,-5.4060,671.2439,是,是,3967.60,3706.00,,3902.35,3910.50,3868.00,3879.73,3879.73,3909.41,3857.12,3894.16
313,rule1,否,做空,2025-10-17 16:44,3721.77,2025-10-18 15:14,3757.70,89,-0.965,-135.15,-2.1624,669.0815,是,是,3927.73,3674.50,,3742.80,3744.83,3706.00,3731.41,3731.41,3759.37,3721.77,3721.77
314,rule1,否,做空,2025-10-18 17:44,3878.61,2025-10-20 13:44,3916.05,175,-0.965,-135.15,-1.3515,667.7300,是,是,4065.26,3827.04,,3874.19,3886.61,3865.52,3885.25,3885.26,3886.99,3874.77,3878.61
315,rule1,否,做多,2025-10-20 19:14,4016.02,2025-10-22 00:29,4101.22,116,2.121,297.00,4.7520,672.4820,是,是,4110.00,3840.24,,4039.50,4039.50,4016.02,4026.21,4026.22,4027.28,4012.97,4016.02
316,rule1,否,做空,2025-10-22 11:29,3860.16,2025-10-23 04:29,3778.27,67,2.121,297.00,4.7520,677.2340,是,是,3884.34,3770.02,,3862.00,3862.00,3841.25,3843.78,3843.78,3863.16,3842.82,3860.16
317,rule1,否,做多,2025-10-23 05:44,3742.50,2025-10-23 09:14,3830.72,13,2.357,330.00,13.2000,690.4340,否,否,3835.93,3734.47,,3743.36,3752.95,3721.90,3724.10,3724.24,3749.01,3720.07,3742.50
318,rule1,否,做多,2025-10-23 09:29,3819.99,2025-10-24 00:59,3901.03,61,2.121,297.00,4.7520,695.1860,是,是,3934.86,3808.01,,3815.27,3835.93,3812.78,3827.92,3827.93,3833.83,3812.08,3819.99
319,rule1,否,做多,2025-10-24 01:14,3887.69,2025-10-24 12:59,3970.16,46,2.121,297.00,11.8800,707.0660,是,是,3979.97,3818.72,,3880.78,3934.86,3880.78,3918.26,3918.27,3920.66,3877.04,3887.69
320,rule1,否,做多,2025-10-24 22:14,3936.67,2025-10-26 19:44,4020.18,181,2.121,297.00,2.9700,710.0360,是,是,4047.10,3866.43,,3936.04,3947.85,3917.61,3947.00,3946.99,3946.99,3914.48,3936.67
321,rule1,否,做空,2025-10-27 05:14,4070.82,2025-10-27 11:29,4224.93,24,-3.786,-530.00,-5.3000,704.7360,否,否,4225.55,4054.11,,4071.19,4071.46,4061.68,4062.09,4062.10,4071.78,4062.09,4070.82
322,rule1,否,做多,2025-10-27 13:44,4231.60,2025-10-29 04:29,4190.75,154,-0.965,-135.15,-2.1624,702.5736,是,是,4247.56,3967.55,,4230.06,4253.72,4228.61,4247.49,4247.49,4248.48,4226.82,4231.60
323,rule1,否,做多,2025-10-29 15:59,4025.06,2025-10-30 21:44,3986.20,118,-0.965,-135.15,-2.1624,700.4112,是,是,4029.41,3770.00,,4029.56,4030.45,4013.23,4015.78,4015.79,4027.68,4011.95,4025.06
324,rule1,否,做多,2025-10-31 04:14,3708.42,2025-10-31 07:44,3795.83,13,2.357,330.00,5.2800,705.6912,否,否,3799.00,3700.51,,3701.91,3721.56,3680.10,3686.93,3686.93,3712.67,3680.00,3708.42
325,rule1,否,做空,2025-10-31 09:59,3846.97,2025-11-03 11:14,3765.36,292,2.121,297.00,2.9700,708.6612,是,是,3918.23,3746.64,,3849.18,3849.18,3837.17,3838.22,3838.22,3851.74,3838.22,3846.97
326,rule1,否,做多,2025-11-03 14:59,3718.50,2025-11-04 13:44,3682.60,90,-0.965,-135.15,-2.1624,706.4988,是,是,3748.64,3518.00,,3724.02,3731.49,3704.96,3709.69,3709.68,3719.88,3684.00,3718.50
327,rule1,否,做多,2025-11-04 14:14,3519.09,2025-11-05 01:29,3485.12,44,-0.965,-135.15,-5.4060,701.0928,是,是,3587.66,3362.70,,3520.36,3527.81,3485.20,3492.08,3492.09,3522.31,3478.49,3519.09
328,rule1,否,做空,2025-11-05 06:44,3252.47,2025-11-05 09:29,3175.80,10,2.357,330.00,3.3000,704.3928,否,否,3304.49,3166.66,,3268.67,3270.43,3240.69,3259.99,3259.99,3289.84,3245.30,3252.47
329,rule1,否,做多,2025-11-05 11:29,3329.07,2025-11-06 00:14,3399.69,50,2.121,297.00,2.9700,707.3628,是,是,3406.68,3274.54,,3324.94,3334.37,3309.76,3317.11,3317.10,3334.43,3305.76,3329.07
330,rule1,否,做多,2025-11-06 00:29,3390.17,2025-11-06 02:59,3470.08,9,2.357,330.00,13.2000,720.5628,否,否,3479.16,3387.58,,3398.37,3406.68,3377.81,3381.45,3381.45,3392.01,3370.82,3390.17
331,rule1,否,做空,2025-11-06 03:29,3455.59,2025-11-06 13:59,3382.28,41,2.121,297.00,4.7520,725.3148,是,是,3480.46,3372.30,,3462.03,3462.03,3445.53,3448.76,3448.76,3466.08,3448.69,3455.59
